variant,pre_engagement,converted
0,0.30471707975443135,0
0,-1.0399841062404955,0
0,0.7504511958064572,0
0,0.9405647163912139,0
0,-1.9510351886538364,0
0,-1.302179506862318,0
0,0.12784040316728537,0
0,-0.3162425923435822,0
0,-0.016801157504288795,0
0,-0.85304392757358,1
0,0.8793979748628286,1
0,0.7777919354289483,0
0,0.06603069756121605,0
0,1.1272412069680329,0
0,0.4675093422520456,0
0,-0.8592924628832382,0
0,0.36875078408249884,0
0,-0.9588826008289989,0
0,0.8784503013072725,0
0,-0.049925910986252896,1
0,-0.18486236354526056,0
0,-0.6809295444039414,0
0,1.2225413386740303,0
0,-0.15452948206880215,0
0,-0.4283278221631072,0
0,-0.3521335504882296,0
0,0.5323091855533487,0
0,0.36544406436407834,0
0,0.4127326115959884,0
0,0.43082100300788273,0
0,2.1416476008704612,0
0,-0.4064150163846156,0
0,-0.5122427290715373,0
0,-0.8137727282478777,0
0,0.6159794225754956,0
0,1.1289722927208916,1
0,-0.11394745765487507,0
0,-0.840156476962528,0
0,-0.8244812156912396,0
0,0.6505927878247011,0
0,0.7432541712034423,0
0,0.543154268305195,0
0,-0.6655097072886943,0
0,0.23216132306671977,0
0,0.11668580914072822,0
0,0.21868859672901295,0
0,0.8714287779481898,0
0,0.22359554877468227,1
0,0.6789135630718949,1
0,0.06757906948889146,0
0,0.28911939868998415,0
0,0.6312882258385404,0
0,-1.4571558198556664,0
0,-0.31967121635730134,0
0,-0.4703726542927955,0
0,-0.6388778482433419,0
0,-0.27514225122668373,0
0,1.4949413112343959,0
0,-0.8658311156932432,0
0,0.9682783545914808,0
0,-1.6828697716158048,0
0,-0.33488502998577485,0
0,0.1627530651050056,0
0,0.5862223313592781,0
0,0.711226579792855,1
0,0.7933472351999252,0
0,-0.3487250722484376,0
0,-0.46235179266456716,0
0,0.8579758812571538,0
0,-0.1913043248816149,0
0,-1.2756863233379219,0
0,-1.1332872140034806,0
0,-0.9194522860016113,0
0,0.49716074405376404,0
0,0.14242573607056525,0
0,0.6904853540677682,0
0,-0.42725264633653426,0
0,0.15853969107671423,0
0,0.6255903939673367,0
0,-0.3093465397202384,1
0,0.45677523755741145,0
0,-0.6619259410666513,0
0,-0.3630538465650718,0
0,-0.3817378939983291,1
0,-1.1958396455890397,0
0,0.4869724807855818,0
0,-0.46940234020272387,1
0,0.01249411872768743,0
0,0.48074665890590895,0
0,0.4465311760299441,0
0,0.6653851089727862,0
0,-0.09848548450942361,0
0,-0.42329831204415375,0
0,-0.07971821090639905,0
0,-1.6873344339580298,0
0,-1.4471124724230873,0
0,-1.3226996123544024,1
0,-0.9972468276014818,1
0,0.3997742267234366,0
0,-0.9054790553600608,0
0,-0.3781625540393897,0
0,1.2992282977860654,0
0,-0.35626397106142593,0
0,0.7375155684670865,0
0,-0.933617680009877,0
0,-0.20543755786763002,0
0,-0.9500220549105812,0
0,-0.3390330759005625,0
0,0.8403081374573955,0
0,-1.7273204231923487,0
0,0.43442364354585733,1
0,0.2377356023322779,0
0,-0.5941499556967944,0
0,-1.4460578543884546,0
0,0.07212950771386951,0
0,-0.5294927090638024,0
0,0.23267621135470395,1
0,0.02185214552344288,0
0,1.6017788913209154,0
0,-0.23935562747302427,0
0,-1.023497492621865,0
0,0.17927563495631615,0
0,0.21999668397176517,0
0,1.3591875752404365,0
0,0.8351112459145785,0
0,0.35687105914950934,0
0,1.4633028912195618,0
0,-1.188763054322851,0
0,-0.6397515327497477,0
0,-0.9265759414055249,0
0,-0.38980980315576796,0
0,-1.3766861475563088,0
0,0.6351509468144043,0
0,-0.22222269709877338,1
0,-1.4708062945026579,0
0,-1.0155790812075416,0
0,0.3135138474501953,0
0,0.8381265678943811,0
0,1.9967308916917865,0
0,2.9138624660073296,0
0,0.4144094332759964,0
0,-0.9895381200318641,0
0,-2.132046280731309,0
0,0.2677114623438358,0
0,-0.812941095310326,0
0,-0.41535726017968533,0
0,-0.6120967990598081,0
0,-0.14079088641638526,0
0,1.0659802307876436,0
0,0.15704856744534462,0
0,-0.1586348370386883,0
0,-1.0356537528258116,0
0,-1.674682944704357,0
0,-0.4863079090733309,1
0,-0.05378255081832049,0
0,1.767929913579883,0
0,0.13027452147288585,0
0,0.9827395110230576,1
0,-0.49929559853915206,0
0,-1.1849437664170246,0
0,-0.9651167622323719,0
0,-0.7252260645357532,0
0,2.1284697324351645,0
0,-0.8213866792243861,0
0,0.838489203736345,0
0,-0.9029271780870264,0
0,0.9315730128742441,1
0,0.38495096610586316,0
0,-0.1566378976580904,0
0,-0.040762526135434025,0
0,-0.6547876954293904,0
0,0.44607220148208054,0
0,-0.45498348034078,0
0,-1.2256057637672482,0
0,-1.2779375743196193,0
0,0.17258791772211948,0
0,1.579091256410435,0
0,0.15999161357343825,0
0,-0.11863832610988256,0
0,0.2858261396025429,1
0,1.3060017417068248,0
0,0.21938250136385634,1
0,-0.41092723083373717,0
0,1.1062887100598888,0
0,0.4287564384616135,0
0,1.535755991995992,0
0,0.18323443722190613,0
0,-1.2244690317205003,0
0,-1.368159199245665,0
0,1.6509279322312496,0
0,1.723665720783297,0
0,-0.17951921328260065,0
0,-0.38318732113598775,1
0,1.4614442922422022,0
0,-1.107045682043488,0
0,-0.8947270189558264,0
0,0.6433267946890444,0
0,-0.3946051228595896,0
0,-0.005121866720071296,0
0,-0.16344289852451258,0
0,0.33757454879893356,0
0,1.4074818613137168,0
0,0.09058490690174555,0
0,0.6439387932768579,0
0,-2.0501721010310225,0
0,-0.04871840193011795,0
0,-0.8432302702928711,0
0,-1.218813060423628,0
0,-0.8781523669287508,0
0,-0.33412344070081207,0
0,0.9159025423560131,0
0,-1.326392717739564,0
0,0.030631492594417446,0
0,-0.4841694333335785,0
0,-0.32767309436196085,0
0,1.0027578253046041,1
0,0.5381154370039261,0
0,1.3373981074427437,0
0,-0.15450567924990047,0
0,-0.695942611670703,0
0,-0.22385881688049952,0
0,0.2424967912712216,0
0,0.17657335845371103,0
0,-1.0843880722333665,0
0,0.09048978162787422,0
0,0.22822833013890514,0
0,2.5174740375339204,0
0,1.8768446112816701,1
0,-0.8532433505588201,0
0,-0.2873833615491761,0
0,-1.4634420018370031,0
0,-0.5907070139634865,1
0,0.3156050035903405,0
0,1.2058536208882336,0
0,-0.7290838377436085,0
0,-0.6541464400677965,0
0,-2.147289029738655,0
0,-0.16266592054490767,0
0,-1.062414411859563,0
0,-0.5294394273660737,0
0,-0.8768607781675882,0
0,-0.09426255425255699,0
0,-1.7577283913566313,0
0,-1.4670452453909906,0
0,2.129247112028298,0
0,-1.287422581274031,0
0,-1.0967855784546396,0
0,1.836913528321314,0
0,2.905067169240407,0
0,-1.1715666288253417,0
0,-0.36824895678803055,0
0,0.34155555094050954,0
0,1.7286976444055924,0
0,-0.9868570784282374,0
0,-0.24527784594210975,0
0,0.777337576061744,0
0,0.43476607446661863,0
0,-0.37615607123009925,0
0,-0.13382296451604114,0
0,-1.3748958083699818,0
0,-0.23817374397466523,1
0,-0.2663874900089551,0
0,0.23216988962625595,0
0,-0.555327218819016,0
0,0.471538522545139,0
0,1.0127158178198286,0
0,0.15542932766846604,0
0,0.35175640839920347,1
0,0.053155347577867364,0
0,8.439309141418043e-05,0
0,-0.7215580335428474,0
0,0.316494261673308,0
0,-0.09728659841348947,0
0,2.093168308930595,0
0,1.5733549024752425,0
0,0.3858465525565008,0
0,-0.7630572096947675,0
0,-1.112411471983418,0
0,1.191142953088865,1
0,0.2627492251471385,0
0,0.4801434033916108,0
0,-1.7445859869741926,0
0,0.9274384815581808,0
0,0.45442033821436295,0
0,-1.110430684414478,0
0,-0.47152480744994896,0
0,0.2637172043565196,0
0,0.05246679835624363,0
0,-0.292171185803555,0
0,-0.10348826806596086,0
0,-0.25197737820688537,0
0,0.15256251210246857,0
0,1.471491972993157,0
0,-2.5666584409312976,0
0,-0.23685026450968424,0
0,0.17651242137244696,0
0,0.2959939896870995,0
0,-0.37191458132128985,0
0,-1.7567217824785826,0
0,0.32799548371410964,0
0,1.727350214164185,0
0,-1.5338614049161376,0
0,0.8638280136981883,1
0,-0.3285252231228939,0
0,-0.0613243458288473,0
0,-1.052898510703949,0
0,-0.33445617235587666,0
0,1.3000445946989585,0
0,0.582655241987707,1
0,1.732311605409944,0
0,1.1774118889776937,0
0,0.4390866789295762,0
0,1.743934526167792,0
0,0.43899315873829875,0
0,0.8279881767970589,0
0,-0.29657095353470836,0
0,0.06654581585920483,1
0,-0.6974238233002769,0
0,0.989583934594853,0
0,-1.1783036231148656,0
0,0.7823503424176613,0
0,-0.19065105750515945,0
0,1.1712470934673194,0
0,0.7508689887312598,0
0,1.8206461576468016,0
0,0.7307746911386448,0
0,-1.5720402556532407,0
0,-0.06695317289820084,0
0,-1.172007192594816,0
0,-0.5182798423662747,0
0,1.5112284332767216,0
0,0.637533810897696,0
0,-0.6989304285787463,0
0,-1.013717366440399,0
0,0.03278209287626079,0
0,-1.2165601493811278,0
0,-0.6711402773965811,0
0,0.31200947155124387,0
0,1.1553120361066962,0
0,0.6087614722244398,1
0,-2.2912895085981,0
0,0.3043667290302598,0
0,0.07203357323257792,1
0,0.41389028537269307,0
0,1.6162096816512073,0
0,-2.063238276804743,0
0,-0.5911034251911056,0
0,0.5909063227933546,0
0,-1.5815943994539423,0
0,1.475949048053509,1
0,0.3683566127006584,0
0,0.846583985843404,0
0,-0.5709436615217945,0
0,0.8137636899662105,0
0,1.0684715559890383,0
0,0.23287802013716835,0
0,0.23440089269869593,0
0,0.2703432392817259,0
0,-0.8633452647393817,0
0,-0.14752868024035293,0
0,-0.1525225324523588,0
0,0.3833938643534951,0
0,0.9998242469102946,0
0,-1.0585360819784093,0
0,-0.12500903031957764,1
0,1.4814555476589732,0
0,-0.7435882288125641,0
0,-0.8222500172903203,1
0,0.20230619183119358,0
0,0.8443851904853201,0
0,0.01142605556065933,0
0,1.3289605904369892,1
0,0.8567939825665268,0
0,0.8418200668900618,0
0,0.5541165013240933,0
0,2.327653100346085,1
0,-0.2051616888660442,0
0,-2.003522292066514,0
0,1.604254361517141,0
0,-0.45769943095682564,0
0,0.10788044434303304,0
0,1.309550684860527,0
0,-1.6022595410589253,0
0,-1.2516472141061394,0
0,-1.6012779371188537,0
0,-0.7941362900254239,0
0,0.43963660601699356,0
0,0.524187842812771,0
0,0.27627417932855375,0
0,-1.4127658838923665,0
0,-2.310103436632644,0
0,0.054353585390382264,1
0,-0.47177603363833576,0
0,0.45938577171661177,0
0,0.7019536262212701,0
0,0.13824143205868192,0
0,0.7601330853758538,0
0,0.22921137411506842,0
0,0.5300647056014667,0
0,-0.7046732628698824,0
0,-0.17961141383145854,1
0,0.19677609665695725,0
0,0.8205284754174188,0
0,-0.3937411722245721,0
0,0.5211672557321126,0
0,-0.265838791915379,0
0,-0.11754216732813036,0
0,0.829519042024073,1
0,-1.993060371054156,0
0,-1.296472328074761,0
0,-1.4821853974428207,0
0,-2.3336161198483047,0
0,-0.6782644401551767,0
0,0.7494338997277404,1
0,-0.28488406638257474,0
0,0.19779008194185213,0
0,1.0892174967107926,0
0,1.3276861322676916,0
0,-0.06913793472613955,1
0,1.3535858895693973,0
0,0.09212665843410921,0
0,-0.8373982238274621,0
0,-0.5944003521987352,0
0,-1.4805365125650163,0
0,-0.8881338537336524,0
0,-0.35801668807442916,1
0,0.8035850193786016,0
0,1.7207698311659838,0
0,-1.38218151537704,0
0,0.39282746825991893,1
0,-1.0405439391575344,0
0,0.47469708846320197,0
0,-0.1310866506877266,0
0,-1.8309058258475304,0
0,0.9282969915684843,0
0,-0.605000712808731,0
0,-0.5339002383735546,0
0,-1.06975241128969,0
0,-0.6542832766875555,0
0,0.4278904406949172,0
0,-0.18924434093640552,0
0,0.32866200228248105,0
0,0.3619218539288437,0
0,1.320661655528167,0
0,-0.3427861508643793,0
0,-1.4768578168457318,0
0,1.067222416571983,0
0,-0.3314881720972547,0
0,1.114592444577377,0
0,0.3833771131824704,0
0,-0.13113753020334493,0
0,0.3487758940462951,0
0,1.9510125601262995,0
0,2.076980529053753,0
0,0.0693811351327787,0
0,0.1601905933170753,0
0,1.0762401574663856,1
0,-0.8456610327673472,1
0,0.3330703726182551,0
0,-0.0258628479538564,0
0,0.3139082114575536,0
0,-0.8333688059494058,1
0,-1.589567493308969,0
0,-2.0729834359912918,0
0,-1.1173841129896078,0
0,-0.458675284939333,0
0,-0.2931915866487618,0
0,1.9372311624295169,0
0,1.1059933699072981,0
0,-0.9620911163416273,0
0,0.34770845245095694,0
0,-0.4070782363503251,0
0,-0.28436383804009513,0
0,0.18532564941538202,0
0,0.6191711169753933,0
0,-0.33925848388401536,0
0,1.0638515327343585,0
0,-1.141938226142404,1
0,0.006339062362268442,0
0,2.5976737265958323,0
0,0.2230797426252751,0
0,1.4332145066061728,0
0,0.09152017817320818,0
0,0.5807770953297967,0
0,-0.056783194392691534,1
0,-0.17040758116420443,0
0,-0.7794823967254196,0
0,0.4303013589575532,0
0,-0.8515371891857679,0
0,0.6655852363134291,0
0,1.08528700444591,0
0,0.36653140723722993,0
0,-0.28624873355569186,0
0,0.4539655793086961,0
0,-0.3086730555464126,0
0,0.9355471254651493,0
0,-1.8314060842151236,0
0,-0.3356073681186462,0
0,-1.9908119951239978,0
0,-1.495060830227205,0
0,1.3638622298139094,0
0,0.895184981971686,0
0,-0.7194802332847904,0
0,-1.502503456040897,0
0,-2.964528837841651,0
0,-0.5434955079326346,0
0,2.4204150122474024,0
0,0.4348842714636474,0
0,-0.5595722860494895,0
0,0.46508020950030626,0
0,-1.5609583529944429,0
0,-0.29732336269763543,0
0,0.09947747301573849,0
0,-0.08610065182104851,0
0,0.7908061216900806,0
0,0.34464522623605237,0
0,0.668326018107997,0
0,-0.6883722822307594,0
0,0.8978154084105481,0
0,1.6289369476239914,0
0,-0.9701495196514126,0
0,-0.8876956557145598,0
0,1.3357843363202329,0
0,-0.19134398669506028,0
0,1.403821392066557,0
0,-0.4425357118921839,0
0,1.4550455762707113,0
0,0.13148581680545218,0
0,0.2582288233226952,0
0,1.5647180216699044,0
0,-0.36177047744417123,0
0,-0.9411220959249583,0
0,-0.44856420802835434,0
0,0.4523339506431387,0
0,-1.5657590721805144,0
0,0.6374709026511215,0
0,-0.5387713176177432,0
0,1.1478126607335635,0
0,-2.3942603049004716,0
0,-0.7865657751041687,0
0,-1.686468151234102,0
0,-0.8262294663639526,0
0,0.24766590110894313,0
0,-0.1792266254497549,1
0,-0.25337756894801494,0
0,-0.1591848713800608,0
0,0.20338824061994343,0
0,-1.0085360419431078,0
0,0.7068496408990508,0
0,0.6626659703854839,0
0,0.385037937656101,0
0,0.5565334427512632,0
0,0.2964180008086595,0
0,2.0350733027310675,0
0,-0.0870941710525099,0
0,-0.30708321833457675,0
0,-0.7535275803573779,0
0,-1.0322626705778368,0
0,-1.2444717876010754,0
0,-0.8887973132309185,0
0,-0.07068038165207131,0
0,0.3342951284977145,0
0,0.051142058552161786,1
0,-0.765535277429713,0
0,0.9001845640199633,0
0,0.7394126723009475,0
0,-0.159648307422017,0
0,-0.652916144664712,0
0,0.5484279208297995,0
0,0.18797358748610446,0
0,-1.4481272594150476,0
0,-0.0679802559844049,0
0,0.26203581207438104,0
0,-0.8996947864877538,0
0,0.189843392837443,1
0,-1.4548224852577891,0
0,1.3361861000121709,0
0,1.2479499850594318,0
0,-0.25251733430296475,0
0,0.36345433783907316,1
0,-2.409921965799875,0
0,-1.1563476602653329,0
0,-0.2937789201521298,1
0,-1.0721330214268592,0
0,0.7143964826306588,0
0,1.997296530747994,1
0,-1.176614719429302,0
0,-0.8374634040851927,0
0,0.23544836830993032,0
0,1.6111161484996208,0
0,-1.2223743125399031,0
0,0.24903612230694197,0
0,1.8212988508131087,0
0,-1.6517591481792673,0
0,-1.281069206845832,0
0,-0.42360660646083825,0
0,-0.520588412855411,0
0,0.8126012877536446,0
0,0.24165971982083806,0
0,-1.7749620596421283,0
0,0.5154104029008109,0
0,-0.5775388873556505,0
0,1.274447216941239,0
0,-0.6275875364369197,0
0,-0.6366152831022357,0
0,0.5411316108045314,0
0,0.7629264823369366,0
0,0.4480993639362036,0
0,-1.6855973173848082,0
0,0.5380344399282511,0
0,-1.034308051674399,0
0,0.2352761115882635,0
0,-1.4237344353990602,0
0,0.44632214754306365,1
0,-0.8065989043073726,0
0,-1.2826346502605217,0
0,0.7138201364823995,0
0,0.2416445216767513,0
0,-0.6139768013928971,1
0,1.4511788490210642,0
0,-0.44065242156974244,0
0,0.03210767397093466,0
0,0.2689134476786009,0
0,-0.6196659341286136,0
0,0.47113629339992935,0
0,-0.5334523471647244,0
0,-0.4116383222162092,0
0,1.362642639803341,0
0,-1.040586052512433,1
0,-2.41278033092949,0
0,1.6109369950118944,0
0,2.549327952607003,0
0,-0.40526926544933184,0
0,-1.9368380406201853,0
0,-0.31048397619594376,0
0,-0.2862229498406692,0
0,-0.18992384102225704,0
0,-1.1133880419218483,1
0,0.5795611424764774,0
0,0.5245073752860862,0
0,-1.4944056198193065,0
0,0.6991967316948878,0
0,2.052684981945891,0
0,0.17196033243705985,0
0,-0.33732516206850605,0
0,-0.1420032144075213,0
0,0.6152567669685612,0
0,-1.7306716055072182,0
0,0.16439070297730224,0
0,-0.3904639494628101,0
0,1.8478250129560454,0
0,-0.17417273380495787,0
0,1.6678876111195198,0
0,-1.1037406977820072,0
0,0.5872591668027922,1
0,0.3194002637912288,0
0,-0.8690472478647824,0
0,0.17739611463694044,1
0,1.2125188368316004,0
0,-0.3237917042866007,0
0,-1.6919626491697632,0
0,-0.01756282647744591,0
0,-0.9024230947925126,0
0,-0.3423409386638824,0
0,-0.08158776968512098,0
0,-1.7056522160155172,0
0,-1.615658339320678,0
0,0.48206683552552526,0
0,-0.5227186961696804,0
0,-2.564744341820567,0
0,0.7848440366081351,0
0,0.27236975527423984,1
0,-0.713874824036484,0
0,-1.3168302110582415,0
0,0.8358078963143372,0
0,0.3493506225604296,0
0,2.3826022826840734,0
0,0.42018859872493736,0
0,0.3877031412620148,0
0,-0.16692793010856513,0
0,0.816775867200791,0
0,0.6250852012481537,0
0,1.251725008565195,1
0,-0.5213229186372847,0
0,-0.4354074729439623,0
0,-0.4791031709119801,0
0,0.7908017211789892,1
0,1.498374440296732,0
0,-0.45884049314930064,0
0,-0.42477372779309125,1
0,0.3140772238697992,0
0,-0.24576150001290142,0
0,0.95205365313989,0
0,-2.2517772906190467,0
0,-0.8267050469168946,0
0,-0.7824163339614458,0
0,-2.320356012386145,0
0,-0.9636384443688041,0
0,-0.9151561158459262,0
0,-0.20110465451883033,0
0,1.1129658916602636,0
0,-0.24506065119070236,0
0,-1.0308137202711538,0
0,-0.056954541213528984,0
0,1.0491736214413494,0
0,-0.9759588161149049,0
0,-0.9105748839214486,0
0,0.5585489592742234,0
0,-0.22153611573080054,0
0,0.6474846907094743,1
0,-0.013646791795296761,0
0,0.701663648089567,0
0,-1.0350781140406409,0
0,-0.01208465078826744,0
0,-0.21069001436315682,0
0,-1.2158909241041307,0
0,-1.5634779478686884,0
0,0.6857490352746618,1
0,-0.3509523822179781,0
0,-1.0222802816473295,0
0,-0.09617893692333225,0
0,1.1280188573493026,1
0,-2.280737845371923,0
0,-1.4966386899033264,0
0,-0.9228864418952676,0
0,1.461178866720329,0
0,0.2825869829192965,0
0,0.7673172404612268,0
0,-1.1401609191262305,1
0,-1.1195358752705262,0
0,0.4478137167227104,0
0,0.05827433093544655,0
0,0.5487388188641266,0
0,-0.18767099092845213,1
0,0.278143726454627,0
0,0.15811908490510918,0
0,0.7777673890849254,1
0,0.8070082819444706,0
0,-1.6198719943917699,0
0,-2.2472685553408556,0
0,1.0017453976515072,0
0,1.1877250932619365,0
0,-1.0206230195133374,0
0,-1.8598354065456286,0
0,0.09903482100720092,0
0,0.9308382263505294,0
0,1.7975945224343146,0
0,0.516297572101451,0
0,-0.37171669658569495,1
0,-0.8931306215848627,0
0,0.011451291670654416,0
0,-0.2992647038852564,0
0,-1.0150679057288161,0
0,2.0487556508632867,0
0,1.785168402072131,0
0,1.1360486835554284,0
0,-0.9208503978091276,0
0,0.8550193242972788,0
0,0.6396264094979018,0
0,0.44254562420405297,0
0,1.2496652670437771,0
0,0.6353711428612774,0
0,0.7400142363043355,0
0,0.6369062833722101,0
0,0.3407914080021059,1
0,-1.7836111297141835,0
0,0.08362107741055723,0
0,-0.5561919588491252,0
0,-1.2798409576400205,0
0,1.681816619300824,0
0,1.7289953408857035,1
0,1.359220600295612,0
0,0.2552134168558746,0
0,1.3506251209526567,0
0,0.012053180601825543,0
0,0.20279727689777938,0
0,-1.093471370461983,0
0,0.39699130449884,0
0,0.0603859284244171,0
0,-1.3026521168344645,0
0,-0.051197111816596905,0
0,-0.07972956385680847,0
0,1.79756116664464,0
0,0.8942133285134095,0
0,0.011445439091466015,1
0,0.248787309801083,0
0,0.044212378104198057,0
0,-0.20291398479554773,0
0,-1.0824271973882869,0
0,-0.15105187760692926,0
0,-0.7460982566525134,0
0,-1.2503155389231464,0
0,0.5112218145475347,0
0,0.39126465993323495,0
0,-1.786707511368078,0
0,-0.12268463749512722,0
0,0.9957013858999235,0
0,1.0592237388963208,0
0,1.0258368428852387,0
0,0.0389132069014598,0
0,-0.8450453279691511,1
0,-1.0836988273580606,1
0,0.3446049047503575,0
0,0.379280034365163,0
0,1.2873311116050654,0
0,1.0999796503420836,0
0,-0.1322286565311721,0
0,-1.2442058788608694,0
0,-0.31910659701089783,1
0,0.21723119481052466,0
0,-0.2020832453894041,0
0,-0.5778941080776558,0
0,0.2528848149698989,0
0,-0.5039577414106104,0
0,-0.628066083725374,0
0,0.31145283430343956,0
0,-0.4019925801292048,0
0,0.24410438897835213,0
0,0.2732040228521227,0
0,-1.1394290010915746,0
0,-0.4812411238654122,0
0,1.4377769399164624,1
0,-1.1620795127342871,0
0,-2.116654448970531,0
0,-1.8618451532425115,0
0,0.029109946576669203,0
0,0.03091727803269891,0
0,-0.11761085542512094,0
0,1.2141898289285016,0
0,-2.672834433102938,0
0,0.3959338744308236,0
0,1.5614382018035733,0
0,-1.127780764891714,0
0,-0.3798065117898951,0
0,-0.7528919172286209,0
0,-0.8943460460775288,0
0,-0.32626200502304,0
0,1.4274852836845047,0
0,1.8373866754875203,0
0,-0.3359392250401477,0
0,1.9050602140644701,0
0,0.035576476984624864,0
0,1.753691026701081,0
0,-0.09329864965349177,0
0,0.1310578260461443,0
0,0.36547447264283456,0
0,3.1788536793675353,0
0,0.8512855748447891,0
0,-0.7072645299514636,0
0,0.9689978702758579,0
0,-0.3618325370843415,0
0,-0.48975018290120914,0
0,0.9086013598921112,0
0,0.031085587771152785,0
0,0.2785759145118061,0
0,0.013985221865292462,0
0,0.3365831266054347,0
0,0.4249658974361492,0
0,-1.9369669327054153,0
0,0.6665726686095336,0
0,-0.9820194198303006,0
0,-1.4422991355594112,0
0,-0.05841124385868244,1
0,0.08398100331445427,1
0,-0.6935061645722808,0
0,0.8310318576679744,0
0,-1.342175166370907,0
0,-0.40694374877255896,1
0,-0.5848741349330007,0
0,-0.04658727033933937,0
0,0.2788642846472388,0
0,-1.0078929496235447,0
0,0.7242826774562282,0
0,0.06300236833469973,0
0,-1.8919462533119105,0
0,-1.958591440397031,0
0,-0.012319292929311235,0
0,-0.2209673177863541,0
0,-0.1034201135746335,0
0,-0.02798245653021798,0
0,0.22555983951018072,0
0,0.9476496098482997,0
0,-1.1111049009175582,0
0,-1.1719715929007948,0
0,-1.0933238578873825,0
0,0.2889166671687069,0
0,1.2449473786464456,0
0,-0.4313394382395105,0
0,-2.5016998441596545,0
0,-1.7039928626103755,0
0,-0.8330367227960116,0
0,-0.5577288874952148,0
0,-0.4083886272547264,0
0,0.038581122980917065,0
0,-0.3117463308224471,0
0,1.0493396105434072,0
0,-0.6760173056813688,0
0,-0.862317959475543,0
0,0.4788755385204616,0
0,-1.5356420699261193,0
0,0.3896917053200022,0
0,0.10255318372626686,0
0,-0.1474424899181674,0
0,1.5882761071492624,0
0,-0.6222074452947179,1
0,2.0602981705240784,0
0,-0.2254314492280993,0
0,-1.2770164449702281,1
0,0.0699195809948253,0
0,-1.0762452003187681,0
0,-0.7517558478135002,0
0,0.39703330001549114,0
0,0.5555820886501248,1
0,-0.6221677002542582,1
0,0.9874051450464006,0
0,1.157507758021134,0
0,1.436301756563291,0
0,0.5294134071257222,0
0,1.3634287120856987,0
0,-1.8807984279740577,0
0,-0.31790654862846257,0
0,-0.8670052563234263,0
0,0.11922586112739209,0
0,-0.5714492191967373,0
0,-0.16615784194973238,0
0,1.8821748802040494,0
0,-0.1697197964203783,0
0,0.4137923171902139,0
0,-0.2322693299242352,0
0,0.07571328795683367,0
0,0.006016680436071459,0
0,0.4483240659731595,0
0,1.165307535547177,0
0,1.6473939976033294,0
0,0.30962008190916684,1
0,0.5895468860356021,0
0,-1.150864509185567,0
0,-0.08787674241562057,1
0,0.940289464883589,0
0,0.8659686384171532,0
0,0.21160973279505021,0
0,0.8863939595679524,0
0,0.49076670899381886,0
0,1.2003062582593216,0
0,0.2893591569571111,0
0,-0.35569831557103465,0
0,0.33584125693302364,0
0,-2.9305943758527757,0
0,0.38288573638504947,1
0,-3.6484128252147836,0
0,-1.723463407405418,1
0,0.45176860094098414,0
0,0.47752933726679525,0
0,-1.1624287801399305,0
0,-0.7121020418789388,0
0,1.370540988614132,0
0,-0.48403013157267616,0
0,2.242920312402985,0
0,-0.001919853176346149,0
0,0.4080361768812668,1
0,1.6168743984986076,0
0,0.13102711619341956,0
0,-1.0023439806908012,0
0,-0.10972745169429012,0
0,-0.03561073619009093,0
0,-1.3647416522015654,0
0,-0.25583207134082336,0
0,-0.7421920939974367,0
0,0.9243577571874341,1
0,0.03461187418525562,0
0,-0.28279574914757005,0
0,-0.10618193062257626,0
0,0.22312201840616613,0
0,0.6168141996897798,0
0,-0.9997122286693814,0
0,-1.0415876326212719,0
0,1.10467921540253,0
0,-0.4123368722047306,0
0,-1.416842092596874,0
0,0.44381270938310463,0
0,0.4633698060326869,0
0,-1.5307152572567064,0
0,0.2294817154636063,0
0,0.7355830924283736,0
0,0.37438645170626306,0
0,0.6319814837613953,0
0,-1.404269098090749,0
0,0.3310401549961956,1
0,-0.30261975947044656,0
0,-0.4827901587246448,0
0,0.8705556094197265,0
0,1.47927451067423,0
0,1.794370054600359,0
0,1.314807871505905,0
0,-0.10973418163018368,0
0,0.35272016302634307,0
0,0.7668228717842437,0
0,0.12117794929946196,0
0,0.13076418791154437,0
0,0.823753131876182,0
0,-0.059282646025932216,0
0,-0.7292869363736615,0
0,-0.4144730658358585,0
0,0.6339103777337424,0
0,0.002993291199955732,0
0,0.34020997686833787,0
0,0.6700792422021898,0
0,-0.3748414628976096,0
0,0.7562481636298061,0
0,0.37884260345839443,0
0,-1.2348130869114786,0
0,1.4423047911862443,0
0,-0.5007447437569161,0
0,-1.6550953431851838,0
0,-1.0450437095863023,0
0,-1.021045160678322,0
0,0.05217331865753347,0
0,-0.2738505055462372,0
0,-0.33683196764059287,0
0,0.6197019654824789,0
0,0.3398753611927038,0
0,0.31604787064428624,0
0,0.40982845732869266,0
0,0.6161346680022383,0
0,-2.107953341777443,0
0,-0.3644382522644612,0
0,-2.180210064489474,0
0,0.03605992679779541,0
0,-0.00463297222434532,0
0,1.0455322747896802,0
0,1.1876343927211208,0
0,0.20277504825236733,0
0,-0.5003610773968998,0
0,0.48516111254573785,0
0,-0.5279176373243135,0
0,-0.001392651443348899,0
0,0.9861363169607678,0
0,-0.5577713459894236,0
0,0.8056786392425009,0
0,0.6774013686923024,0
0,-0.9547918171308215,0
0,0.973894128217401,0
0,0.6985663453715051,0
0,0.10192588737265744,0
0,-0.7623234580276522,0
0,-0.85920601857557,0
0,-0.5376625769030224,1
0,0.54259446329196,1
0,-0.9556251674013979,0
0,0.4375122486198699,0
0,-1.2417555288783926,1
0,-0.20406858443884895,1
0,0.10964775457400863,0
0,2.4451301450589167,1
0,-1.3773156555203674,0
0,1.4720145664901334,0
0,0.14984241398728004,0
0,0.41117191801596314,0
0,0.11834791338820451,0
0,0.444726818195233,0
0,-0.15368510436201774,0
0,1.4540501814574582,0
0,-0.4564711442247224,0
0,1.1322345721792477,0
0,-0.6443671202130229,0
0,-0.06025184640128695,0
0,-1.0719625522902192,0
0,0.4550237203475199,0
0,1.4451259569265338,0
0,-0.07735617982085408,0
0,-0.19688569870390954,0
0,-1.1146169630679268,0
0,-0.2292926535523081,0
0,-1.5927942597215277,0
0,-0.9128779867188273,0
0,0.22678604610913541,0
0,1.3190131977413961,0
0,2.809210861229503,0
0,-0.5865850850709007,0
0,1.43530015664544,0
0,0.2437524804016479,0
0,-0.15124764674637586,0
0,0.4325944517261522,0
0,0.06191648367995918,0
0,0.11039572561221853,0
0,-0.4083331628266692,0
0,-1.3981096597988507,0
0,-1.5436252025220816,0
0,0.653244883281227,0
0,-0.2767000900857134,0
0,-0.5960888996561666,0
0,0.008505626723153567,0
0,0.7949322529156275,1
0,0.1803639430263982,0
0,-0.6560549366409674,0
0,1.2262929556489497,1
0,1.579185502981632,0
0,0.4945566553228533,0
0,0.9736635113440901,0
0,1.241959996813811,0
0,1.1300993164045137,1
0,0.6140991771126236,0
0,0.5983470470748828,0
0,0.5196605733465026,0
0,-1.0973376745470436,0
0,0.7007231568595857,0
0,-1.355813971126554,0
0,-0.7945994551250549,0
0,1.3035650678080875,0
0,0.8402201626941975,0
0,1.4873982896858626,0
0,-0.27167438368729224,0
0,-1.1522488412767675,0
0,-0.24043719707034283,0
0,0.1020312972405742,0
0,0.07898871634000969,0
0,1.1336804787567016,0
0,-0.36127042500344553,0
0,0.35203447180292424,1
0,-0.9886271494346061,0
0,0.450317278043813,0
0,0.003108550185636745,0
0,-0.7498133382845175,0
0,-0.2358293621748528,0
0,-0.18417574651522164,1
0,-0.2701551293370962,0
0,1.7713412422676835,0
0,-0.09844600230787963,0
0,-0.24389611017733773,0
0,-2.0974509576101417,0
0,-0.8942073519794773,0
0,-0.26307342445635284,0
0,-0.6858526761766428,0
0,1.381707593377797,0
0,-0.16493777539621862,0
0,1.2884442493182524,0
0,0.061704634050368024,0
0,0.037227836421576635,0
0,-0.08879644771250095,0
0,0.0037962516214591325,0
0,1.7187950030498593,0
0,-2.3196107267512183,0
0,-2.001545744438679,0
0,-0.5431708310561139,0
0,0.014527881937568883,0
0,0.6901044247640123,0
0,0.4730871980274752,0
0,-0.3842459128805702,0
0,1.0190436932417624,0
0,1.030195403152731,0
0,0.18405783127156553,0
0,0.9626575724868413,0
0,0.2726452634321288,1
0,-0.5614830267828836,0
0,0.6978168390000047,0
0,0.11061312257867771,1
0,0.001339846754486929,0
0,1.4729535721895743,0
0,-2.4508721285400865,0
0,-1.4176841701595697,0
0,-1.18707042637437,0
0,-0.3632606475688056,0
0,-0.2546081697660301,0
0,-1.5073256477730475,0
0,-0.9851580323108263,0
0,-0.8608416785235702,0
0,2.457424092075892,0
0,1.8017419477471466,0
0,-0.4117494176846493,0
0,-0.3635832903067989,0
0,-1.1492039971882941,0
0,-1.9081304132252668,0
0,-0.11688018640852403,0
0,-0.9978519832440257,0
0,-0.08485053166200977,0
0,-1.6002058490434774,0
0,-0.7619744583102578,0
0,0.14862709530283086,0
0,0.3662095977839374,0
0,0.41747195874201454,0
0,-1.3204889841570373,0
0,0.8546857301355617,0
0,-0.8002116966018503,0
0,0.6328579146073064,0
0,-0.010638676618193147,0
0,-1.3763874990779479,0
0,-0.31619770458118795,1
0,0.3653637420637676,0
0,0.612965380474599,0
0,-0.14098789744441861,0
0,1.5317788906010528,0
0,1.007510770986559,0
0,-0.25665411639975283,0
0,0.7501218121369445,0
0,1.9337934851881868,0
0,1.960484600783027,0
0,-1.2279998808224974,0
0,-0.9265331111571506,0
0,1.484918786733851,0
0,-1.0582810508376372,0
0,-1.322541133291679,0
0,-0.4861941306990469,0
0,0.42022670947458574,0
0,-0.10239670661109637,0
0,-0.6505636204055921,0
0,-0.674212461724509,0
0,-0.7123370644127087,0
0,-0.8795096286589426,0
0,2.2816328772760617,0
0,0.2975110711855549,0
0,0.8867590544047386,0
0,-0.4890774681189237,0
0,-0.18595667718604886,0
0,-0.713553981370355,0
0,-2.651708334919202,0
0,-1.3780092768478662,0
0,-1.8106186799803947,0
0,-2.2497837779516074,0
0,-1.1953589742981028,0
0,1.3249556793816308,0
0,-0.04443616770435442,0
0,1.290563762321174,0
0,0.4109825769008753,0
0,0.7825588257151592,0
0,-0.9008969953045751,0
0,0.5239509541926708,0
0,0.7287142340743459,0
0,-0.5766472922336929,0
0,0.5595403706161663,0
0,0.5661877585748329,0
0,-0.5495526211300829,0
0,-1.122768432270995,0
0,-1.1841283318982723,0
0,0.08650554192146179,1
0,0.3270098687893148,0
0,-0.7925258304579145,0
0,0.02658534132609864,0
0,0.5705370361384854,0
0,0.6181907146653008,0
0,1.5518801201224885,0
0,1.2769808321980434,0
0,-1.001291432756544,0
0,1.6835862095380225,0
0,-0.5309765045557148,0
0,1.0448728124544275,1
0,0.06798662605108885,0
0,-0.4121493784569676,1
0,-1.8076968597749328,0
0,-0.1715645102163482,0
0,-1.559383235305609,0
0,0.9672992358427723,1
0,1.516792657139248,0
0,-0.7969109892966902,0
0,0.30197074251927114,0
0,-0.7253915220079754,0
0,-0.6284847301367896,0
0,0.7744947038653713,0
0,-0.03853826184341251,0
0,1.7396480419310116,0
0,-0.482232478702921,0
0,0.9993363324744892,0
0,0.09741341295778198,1
0,0.7957780097442332,0
0,-0.4471576573299467,0
0,-0.04955883755158271,0
0,-0.11549887929893475,0
0,-0.8360571148457872,0
0,0.6620815345817527,0
0,0.6502490055783642,0
0,0.5935546949055667,0
0,1.5369656539176446,0
0,1.4493448012363035,1
0,-0.37494468984913537,0
0,0.37305231843417824,0
0,-0.6236006892582127,0
0,0.023355316114555456,0
0,-0.5997494491188647,0
0,1.620070309136051,0
0,0.3636981503429628,0
0,-0.21802912810442213,0
0,1.193618571856377,0
0,-2.1706154097954116,0
0,-2.0141025948652898,0
0,0.7958386552197739,1
0,0.06046844811736806,1
0,0.25044630026076065,0
0,-1.3263961033185487,0
0,-0.023233710850366202,0
0,2.003509410401342,0
0,0.8241996197958629,0
0,0.1697065451428121,0
0,-0.43905391010493766,0
0,-0.39457285186939384,0
0,-2.1291978892000176,0
0,0.2576404209211606,0
0,0.8454831084818539,0
0,-1.5756193271706151,0
0,-0.661416892306816,0
0,-1.157464632233422,0
0,-0.9653511948087635,0
0,0.05348162682190022,0
0,-2.0844021549884744,0
0,0.614270438357064,0
0,0.7538550699336822,0
0,-0.2511025880369125,0
0,-2.4807085099845416,0
0,-0.9964186260023896,0
0,1.2329019341026966,0
0,-2.7779942807285725,0
0,-0.34752341219351923,0
0,-1.180000778467259,0
0,0.8045703015848366,0
0,-0.6751139521434614,0
0,0.40395402073561154,0
0,0.5654604191690931,0
0,1.83622583973002,0
0,-0.20294194367537022,0
0,0.37604436962261134,0
0,-1.485055479127436,0
0,1.190413563293744,1
0,-0.7605088480713647,0
0,-0.5607541640877456,0
0,-0.022247794849210738,0
0,-1.5628843453398495,0
0,0.228770028928938,0
0,0.9674662729250108,0
0,0.2929338234972916,0
0,-1.588897564178725,0
0,-0.12380929432965958,1
0,0.7420289029794906,0
0,-1.8779887659659078,0
0,-1.074766013817714,0
0,0.87654360408152,0
0,0.27009543419728654,0
0,0.41197158212675383,1
0,1.8594948076233115,1
0,0.4685527785062026,0
0,0.6578880104331793,0
0,2.710745527218326,1
0,-0.2138045580904907,0
0,-0.7978827636184951,0
0,0.4277963982471327,0
0,0.4389910293888949,0
0,-0.5267153919462082,0
0,-1.0323970195548475,0
0,2.309844422090078,0
0,0.3268434703880229,0
0,-0.7322853814020757,0
0,0.9159303022795986,0
0,-0.1091451515613345,0
0,-0.25288144631783127,0
0,0.5622728719144933,0
0,-1.29188226823169,0
0,0.3526272039171724,0
0,1.9129548077317522,1
0,0.46617766219731077,0
0,-0.3762121037834645,0
0,-0.507105280428242,0
0,-0.41033997334510935,0
0,-0.25396267804778105,0
0,-0.377806532758272,0
0,0.9163114410745667,0
0,-1.7332091032089831,0
0,0.862000050412134,0
0,-0.3796865251425611,0
0,0.37694778569537224,0
0,-1.1269879102008638,0
0,1.328631066849436,0
0,1.245634960171873,0
0,0.9595905257500736,0
0,-1.5147547757935393,0
0,0.8291210710660528,0
0,0.4048550876357089,0
0,-1.6052712471325676,0
0,-0.02429738377081549,0
0,0.3645344890332625,0
0,0.5560752738231508,0
0,0.17726136694885572,0
0,0.2912314168473797,0
0,1.4736113922530956,0
0,1.2260339099106798,0
0,-2.8670549537827434,0
0,-0.317438554837682,0
0,-0.16465102754395128,0
0,-1.7520985727269711,0
0,0.09418305823231217,0
0,1.2487577724105066,0
0,-1.0865678595905903,0
0,0.3364009386898723,0
0,-0.9158234772964378,0
0,-0.6719120236796768,0
0,1.477393634170035,0
0,-0.542557820111825,0
0,0.46221248901062467,0
0,-1.871218116060987,0
0,1.8623175613948801,0
0,0.602652446306499,0
0,-0.18249984265026167,0
0,0.5755465099998948,0
0,-1.4098194289478103,0
0,1.1825307417526572,0
0,-0.3239847754964302,1
0,-0.2040695150484347,0
0,-0.49165561496548443,0
0,-0.5806514027455847,0
0,0.6946706116284086,0
0,0.25590685010422287,0
0,0.6517481414030399,0
0,-0.008794689485571452,0
0,0.513199811077181,0
0,-0.41884874392503835,0
0,2.2297318414095484,0
0,-1.5679304164304986,0
0,1.2609373235629844,0
0,1.3679074507209708,0
0,-0.8521588059655938,0
0,2.2292736105559734,0
0,0.9954902829453182,1
0,0.9711390068229115,0
0,0.028022187025876687,0
0,-0.21722615821867644,0
0,-0.20940882703960811,0
0,0.3905305963195172,0
0,1.4011862750338961,1
0,0.1813142178614196,0
0,-0.9114436231372903,0
0,0.8244270623849798,0
0,0.9211507463947922,0
0,0.6546595284477861,0
0,0.7454989065249826,0
0,-0.2709281301578081,0
0,-0.9289891671305796,0
0,-0.8681934306407798,0
0,-1.635463248457858,1
0,0.23694861154594976,0
0,-0.08344878322659362,0
0,-0.43998770452970876,0
0,-2.95561882434507,0
0,-1.247317469694169,0
0,1.1208406514031668,0
0,-0.664626000063131,0
0,0.3605916776568414,0
0,-1.3906854299752562,0
0,1.4387054823592311,0
0,-0.1440276600546764,1
0,0.2900403964835352,0
0,2.325779791881685,1
0,1.5164401005894037,0
0,-0.3065656212870578,0
0,-0.5932201848703592,0
0,-0.3255450115195318,0
0,0.5098982484765356,0
0,-0.10522413425087113,0
0,-0.39524414500347166,0
0,1.4671812507090423,0
0,-0.11420989177783689,0
0,2.2995890930373193,0
0,0.09074256375217302,0
0,1.7853183942247275,0
0,0.3573194227106268,0
0,0.9629605732494478,0
0,-0.7246110515177244,0
0,-0.8537592225874118,0
0,0.4597059550149875,0
0,0.9885532424653152,0
0,0.040256502000462865,0
0,-1.2863933350836971,0
0,-1.360258366289327,0
0,-1.4271364021862412,0
0,-1.767622112939381,0
0,0.10948535944708751,0
0,1.1250439217080253,1
0,-0.013415786924808768,0
0,-2.2604147573378524,0
0,-0.19076046033454871,0
0,-0.1627989966326071,0
0,2.0959987502254394,0
0,-1.4571379129195563,0
0,-0.3906776025991957,0
0,1.7058526805445642,0
0,0.44997834134654807,0
0,0.5633130735164247,0
0,0.11458443702387822,0
0,0.32994353865726456,0
0,0.777609530278536,0
0,-0.8094863188927663,1
0,0.8780585789081998,1
0,-1.3730030168855392,0
0,0.3283679728315381,0
0,0.17874096328632716,0
0,-0.6162930881921079,0
0,-0.022685275325646737,0
0,-0.6225401526655531,1
0,-1.0717013268617444,0
0,-0.35361474161364437,1
0,-1.1039886353716615,0
0,0.3227974640932481,0
0,-1.1500854941523635,1
0,0.7119770229910514,1
0,-1.18147906792882,0
0,-0.5662949155810063,0
0,-0.624603408215179,1
0,1.3251467288748389,0
0,0.33028994561659186,0
0,-0.21173380254439425,0
0,0.4987194410697233,0
0,-2.107192347329688,0
0,-0.043133589640907445,0
0,1.9975141778047627,0
0,0.13234650640267256,0
0,0.0679131691693355,0
0,0.5481283796421961,1
0,0.8956052433143455,0
0,-1.9974666928898597,0
0,-1.6823264817910268,0
0,0.21029129108614655,0
0,-0.7148765618975097,0
0,1.3120252622199142,0
0,-0.3151743898852239,0
0,-1.9345307357131178,0
0,-1.268013916843997,0
0,-2.7496760196305754,0
0,-0.23412553728291255,0
0,-0.18838412726438336,0
0,-0.42446270978189776,1
0,1.0788790390297387,0
0,1.1985198365166936,0
0,-0.1703884233561112,0
0,-2.134693667476856,1
0,0.6172815804922585,1
0,0.5553602285085755,0
0,0.309391570156945,0
0,0.9814797493081158,0
0,-1.16482809646104,0
0,2.008755386185139,0
0,-0.959427753141868,0
0,0.7492229272008546,0
0,-1.6873476944133516,0
0,-0.9302646872700508,0
0,1.5163686467253361,0
0,-0.2608998230008499,0
0,0.8399226051327979,0
0,0.2369553887192461,0
0,-0.10495815600017268,0
0,1.3638503249326897,0
0,-0.23665882465190033,0
0,-1.7807381075634705,0
0,-0.8032400919517051,0
0,0.5511917287016942,0
0,0.39550910636250813,0
0,-1.5670582502354382,0
0,-0.724342519408201,1
0,-0.5817213492022466,0
0,-0.365469594114225,1
0,-1.3759135886015514,0
0,-0.6283711081194786,0
0,-0.7286104852595274,0
0,0.7715332597619193,0
0,0.8091213109902438,0
0,-0.145810458088816,0
0,-0.3920397958707315,0
0,0.1399243120391134,0
0,-0.8165751074555749,0
0,-1.146832082167441,0
0,-0.9402212089257169,0
0,-0.6348131639714567,0
0,-1.163473799792271,0
0,0.16205955906287475,0
0,0.7297156737837084,0
0,-1.5870983007982418,0
0,0.02512871121603335,0
0,-0.21993579526633558,0
0,0.3415086855368029,0
0,-0.012938768103588062,0
0,-1.4535992799316308,0
0,-1.2623892988571654,0
0,0.029423575584972723,0
0,1.0287809197455093,0
0,-2.214187371043003,0
0,0.34572657980157995,0
0,1.1896220052876432,0
0,-0.1530258762062131,0
0,0.5502024960264408,0
0,-0.7030690808978022,0
0,-0.11936619927687682,0
0,-1.6209135183081516,0
0,-2.344343308418874,0
0,0.9427658012252752,0
0,-0.9849949277244419,0
0,-0.4555278450034305,0
0,-1.3864422532701932,0
0,-1.4099697030838758,0
0,-0.17383770009461635,0
0,-0.7295771941356465,0
0,0.37797099799469847,0
0,0.4525384189795919,1
0,0.32084964632460716,0
0,0.2386007909284437,0
0,1.5777682049318862,0
0,-1.067593769044886,0
0,-0.05493486620291775,0
0,1.1326898205195888,0
0,1.2645398093380364,0
0,-1.4217636493445729,0
0,-0.3123554416558699,0
0,1.3581210958672605,0
0,0.5080791051990653,0
0,0.19526303147977275,0
0,-0.21768469343465674,0
0,-0.38380092570774543,1
0,0.2882190630903242,0
0,-0.25237412498448336,0
0,-0.04257862104444418,0
0,0.07859870611503737,0
0,-0.6780715284934992,0
0,0.5321293738814383,1
0,2.9142446484154196,0
0,-1.7769866393260751,0
0,0.3240125241899799,0
0,-0.7601900886189056,0
0,0.57740257751925,1
0,0.04655747332786092,0
0,0.7618547740424635,0
0,1.1755065765087795,0
0,0.19242111776818133,0
0,1.1320522884141782,0
0,-2.3442978937886774,0
0,1.5904522979160232,0
0,0.3750621518923401,0
0,1.0778433557451819,0
0,-1.2198757448415216,0
0,-0.8307698816053357,0
0,0.14593829414477413,0
0,-0.017037889337463016,0
0,0.2830685880099896,1
0,1.0845151609299661,0
0,-1.7652203153028492,0
0,0.9738190717173091,0
0,0.008281909957927018,0
0,-0.20378186112454774,0
0,-1.4711152343848903,0
0,0.503048668376865,0
0,-2.414107851031037,0
0,0.6483940112387127,1
0,-1.492105835472992,0
0,0.053457912617474034,0
0,-0.11916883732792043,0
0,1.1695381472938837,0
0,-0.17865516901389017,0
0,-0.6941385611456656,0
0,-0.506602695971203,0
0,1.2728827687546636,0
0,0.5362969691808936,0
0,-0.3856299815231613,0
0,-0.23644641996451343,0
0,-1.567177090585447,1
0,0.388474200851541,0
0,-1.7598157076954657,0
0,0.7517964658354561,0
0,0.12862159249126584,0
0,2.3869517995739225,0
0,-1.1001355537243058,0
0,-0.10266209104063294,0
0,1.7982877009230627,0
0,1.1913896402914144,1
0,-0.6962120515798997,0
0,0.22396742837344774,0
0,0.001999356415087233,0
0,0.2819558673941572,0
0,-0.6986804359848298,0
0,-0.08932040270073452,0
0,-1.5980523752767137,0
0,0.13512345186808206,0
0,0.45002067342183205,0
0,-0.227419412643884,0
0,-1.6150508905847878,0
0,0.9885318628514624,0
0,0.3645250379928023,0
0,-0.7260150977009768,0
0,-0.28060044683806395,0
0,-1.5006694027818388,0
0,-1.0254101277779044,1
0,-0.5378113463571395,1
0,1.2284208122801512,1
0,-0.6395033908874757,0
0,0.6402136593287587,0
0,-0.5383162028615798,0
0,0.24794756085187486,0
0,-0.14139550214380217,0
0,0.8730566000927434,0
0,-0.5348113382185579,0
0,-1.572528250002441,0
0,-1.3819490313636327,0
0,-0.5318774939427574,1
0,-1.2490599706780527,0
0,0.4102120156795513,0
0,-0.4657681648580778,0
0,2.3746065500264315,0
0,-1.737714595137132,0
0,0.20363317870980122,0
0,-1.127953023505669,1
0,-0.4934013403826786,1
0,0.14141947334054417,1
0,-2.325371374874287,0
0,0.23682611678802748,0
0,1.9029074622741677,0
0,-0.45343829836859284,0
0,0.2598078568055095,0
0,1.0249216931253993,0
0,-0.16395350002699655,0
0,-0.5809601885314832,0
0,-2.2757364037217522,0
0,0.6409907193949733,0
0,-0.11316840972889723,0
0,-1.0126838513881617,0
0,0.12659671027769356,0
0,-0.5836803568061814,1
0,-0.5284261311155256,0
0,0.6062911561087082,0
0,-1.3383824113238445,0
0,1.0473152860737585,0
0,-1.3976861631184037,0
0,-0.6627014083552638,0
0,1.9229461940665773,0
0,1.1273547616424222,0
0,0.09760399249544019,0
0,-0.9405302155012165,0
0,-0.5292723066998932,0
0,0.0732753145856964,0
0,0.03752323233959842,0
0,-0.09087092962596285,1
0,-0.03083251408418433,1
0,-0.2143751097051141,0
0,-1.4419787356400129,0
0,-0.5165107421608328,0
0,0.9146240539868465,0
0,-1.3683342975511175,1
0,-0.18955551153927852,0
0,-0.819753928770844,0
0,0.11135042939811132,0
0,-0.38863318106681816,0
0,1.477393664974669,0
0,0.5065831541902538,0
0,-1.3118031657772113,0
0,0.6712280116136986,0
0,-0.774651856262063,0
0,-0.5769963713775336,0
0,0.3138190201071218,0
0,-0.49174741973013475,0
0,0.8928558163229553,0
0,-0.7745100615133954,0
0,-0.6189465525913632,0
0,-0.6563708935481088,0
0,-0.5656387483550389,0
0,1.099191555547813,1
0,0.6287962936103031,0
0,1.709943954012071,0
0,2.2676442038992546,0
0,-1.0307170319323398,0
0,0.07041912732728889,0
0,-1.176200316643433,0
0,-0.7776059277482671,0
0,-0.6300825102556694,0
0,-1.0571548741382744,0
0,-1.0518872728984137,0
0,-0.14428437852025486,0
0,-1.216718418386407,1
0,0.8421269591376328,1
0,-0.9177535374175142,0
0,2.809568970096392,0
0,-0.45138445096439517,0
0,0.07201764191705222,0
0,-1.2953411844660352,0
0,1.7060917581276394,0
0,1.1195006808029162,0
0,0.29691587073611253,0
0,-1.3468025487795656,0
0,0.21066687772462028,0
0,-1.121431046017255,0
0,1.4623552634733608,0
0,0.8091947318531727,0
0,0.09543903848773612,0
0,-2.4363756632473224,0
0,-0.9834159786590306,0
0,0.6877611315998724,0
0,1.2128836917231558,0
0,1.1091698114921316,1
0,-1.5920130022414554,0
0,0.30155230681290407,0
0,1.0155152164829295,0
0,-1.6583355655822452,0
0,-0.007904515373236347,0
0,0.27384239830845625,0
0,-0.3007645848467349,0
0,-1.8521618554012016,0
0,-0.3256981100737287,1
0,-0.327305430255024,1
0,-0.1480724045477542,0
0,-0.5634714254250696,0
0,-0.4430121532414673,0
0,-0.0397062823469779,0
0,0.4424546049697111,0
0,-0.3044267628566672,0
0,-0.4096489283680019,0
0,0.09235403825445808,0
0,-1.9209159258951816,0
0,0.4770351272264581,0
0,-0.0005630971229588082,0
0,0.039693526597561826,0
0,0.960734307594464,1
0,-1.9528155300482481,0
0,-1.9738338698589637,0
0,0.27380384532351953,0
0,-0.007116855128515773,0
0,0.17017694319193222,1
0,-0.46212707517244556,0
0,0.6643536742399312,0
0,0.93263884299112,0
0,0.48398229395152703,0
0,-0.26082845840458313,0
0,-2.107689387614403,0
0,0.7692362080371281,0
0,1.2217286662175928,0
0,0.64455841198398,0
0,-0.8796424273675065,0
0,0.6737943936677578,0
0,0.8605297079614455,0
0,1.5588162477990857,0
0,-0.8761099242279576,0
0,-0.22645458454413847,0
0,0.7472720511434552,0
0,0.05741007143815779,1
0,-1.1173276020512748,0
0,0.414616285026703,0
0,0.5786616338151667,0
0,0.08796289633100199,0
0,0.21958492717994416,0
0,-0.25870590168573016,0
0,1.4782789357160593,0
0,-0.9006921837126766,0
0,-0.5873207627637789,0
0,0.010985513527525621,0
0,0.8789540277008926,0
0,-1.4973731700945367,0
0,-1.3102967497654392,0
0,-2.037728507734718,0
0,0.03269522525327079,0
0,-1.1183058172065439,0
0,-0.3845501100179167,0
0,0.661378189891708,0
0,-0.6415427207828466,1
0,0.23128202274336457,0
0,-0.29933790775172203,0
0,0.6721143150964368,0
0,0.4751280673480088,0
0,-0.69193369617461,0
0,-0.16865175340045263,0
0,1.0437433977204944,0
0,0.393376870254097,0
0,-1.3969620577511315,0
0,0.6556180611713827,0
0,-1.0846106224362382,0
0,1.412513069961006,0
0,1.024098839841025,0
0,0.2898854759184008,0
0,0.1572328434361934,0
0,-0.20903225602742,0
0,0.6785239514000281,0
0,-0.37077816946206166,0
0,0.23556987063989387,0
0,0.8719343665194511,0
0,-0.5618065435255897,0
0,-0.6161927399906946,0
0,-1.194365480724459,0
0,-1.0644727461261723,0
0,-1.8283953114415024,0
0,0.7298287890155296,0
0,1.8089145420827708,0
0,1.4253289434703056,1
0,-1.6260844886265164,0
0,0.7248546715562,0
0,1.4221063499235564,0
0,-0.456809980738664,0
0,0.10144743065004946,0
0,-2.0078930508046704,0
0,0.2667361679766415,0
0,-1.0635597294347174,0
0,0.19963501791151453,0
0,-1.5612029221888803,0
0,0.5428582244775959,0
0,1.0245126754266898,0
0,-0.7831798617151676,0
0,-1.1369225814104345,0
0,-2.156023042549981,1
0,-0.26641353407517704,0
0,-0.5815939342816051,0
0,-1.5510194123480547,0
0,0.45301875631217164,0
0,-0.44997038186464916,0
0,-1.0757359586452324,0
0,-0.5545724056404471,0
0,1.0713045389296156,0
0,0.6029369437552222,0
0,-0.13002606149848983,0
0,0.6191050184648526,0
0,-1.160911956386739,0
0,0.03237010072703053,0
0,0.14732233048647056,0
0,-0.4698365084987269,0
0,0.43545833595741784,0
0,-0.7804334546444512,0
0,0.5098207077761179,0
0,0.5518587715312919,0
0,-2.917159880697066,0
0,1.1903057035101177,0
0,-3.047632565352754,0
0,-0.6160490255561253,0
0,1.025348034257755,0
0,-0.31728672525244067,0
0,-1.466185982469542,0
0,-1.0937370617166706,0
0,1.0269057463206197,0
0,-1.9215045305486382,0
0,1.1289911009620173,0
0,-0.05510209904228934,0
0,-1.1923953304424335,0
0,-0.5831150723026911,1
0,-1.0172243411016413,0
0,0.8662252008585286,0
0,0.7324278097628383,0
0,-1.7191611338760466,0
0,-0.4035921185193341,0
0,-0.8631856623442771,0
0,1.2935099684593703,0
0,-1.350099118126421,0
0,1.604229104685014,0
0,-0.033294739516937566,0
0,-1.1619344063800876,0
0,-0.6772741840092779,0
0,-0.8016188407684506,0
0,-1.274618402015506,0
0,0.09482685973037566,0
0,-1.2279155506918433,0
0,-2.1803662087381888,0
0,-0.3796764708481731,0
0,-1.8028561964178826,0
0,-0.7521608680675204,1
0,-0.9091028886033559,0
0,-0.8712160720258142,1
0,2.0009631015901537,0
0,0.05641156716957076,0
0,0.24537100899533215,0
0,-1.7763982963422946,0
0,-0.6539631336369219,0
0,0.21530262994151197,0
0,-1.0245289129130064,0
0,0.9080628435179854,0
0,-1.2026965859010301,0
0,-0.2863661358651756,0
0,-0.5860516399755586,0
0,0.16432065938191598,1
0,-0.640490071855426,0
0,-0.27089362707093734,0
0,-0.23613009177798555,0
0,-0.734387757391301,0
0,0.48509386849711267,0
0,0.23838837483742528,1
0,-0.0886139452531673,0
0,-0.4304583334619581,0
0,0.796544030519997,0
0,-0.23583424381418136,0
0,-0.3066972878259372,0
0,0.10469002988812601,0
0,1.6965866829708507,0
0,-1.340356208021204,0
0,0.7698568930553547,1
0,-1.893171161238105,0
0,0.21727315822862395,0
0,1.5750828276087308,1
0,0.48866852446730713,0
0,0.1706250785397928,0
0,-0.5604494688030756,0
0,0.03104720048855424,0
0,-0.2520628154033563,0
0,-0.7859766079313554,0
0,-0.28987561547486984,0
0,0.19838116062643954,0
0,-0.7672170685306403,0
0,-0.8062818206846841,0
0,-1.3602434375921744,0
0,0.3907250260888961,0
0,0.5453232619670604,0
0,0.23166044423651747,0
0,0.9651704927286658,0
0,0.08786763708072752,0
0,0.3920109373657567,0
0,0.30383742563756283,0
0,-0.09154001941820787,0
0,-0.5308218281296473,0
0,2.214152615791911,1
0,-0.4519509798535085,0
0,-0.6658777111204364,0
0,0.43400982345010697,0
0,0.25185441529500513,0
0,-1.4047915476103274,0
0,1.1226782545637386,0
0,-0.09419457535083331,0
0,-1.1109310952157205,0
0,1.188784114353874,0
0,0.625675571596154,0
0,-1.2645419919479142,0
0,1.7771828402577243,0
0,0.6587973683661927,0
0,-0.010196115625046132,0
0,1.5902188056217794,0
0,0.15929778382964058,0
0,-0.02808307510403198,0
0,-0.660300116021989,0
0,0.5818504393070786,0
0,0.4766029673239799,0
0,0.014680139889711287,0
0,-0.789986353867603,0
0,0.12992985416607386,0
0,-0.06979878576213788,0
0,-1.333474318734201,0
0,-1.4718123513241856,0
0,0.5651533788097695,0
0,-2.601888315051689,0
0,0.20541052696125997,0
0,-0.4780830577538245,0
0,1.3082466068799101,0
0,-0.49346820915387574,0
0,0.659484214251896,0
0,-0.3969138412377916,0
0,0.11374815348614345,0
0,0.7368365309200512,0
0,-0.46255571632458015,1
0,0.996554884498404,0
0,-0.9936978771064832,0
0,0.2945928425583791,0
0,0.9226397227878528,0
0,0.6600374917903349,1
0,1.9164448767354103,0
0,-0.7634393173106605,0
0,-1.379149251348588,0
0,-0.9943351084951194,0
0,0.660442566548437,0
0,0.4979229342693786,0
0,0.10225665964741577,0
0,-1.12295704910713,0
0,0.7668672933290608,0
0,-1.2247047776505404,0
0,1.1589495823768998,0
0,2.857438423139865,0
0,0.3664511465715505,0
0,0.5831081356577431,1
0,-0.4928597688955594,0
0,-1.8102133210868163,0
0,-0.6027193630302223,0
0,-1.0928952410987494,0
0,-1.4470045764150157,0
0,1.7223599419956492,0
0,0.272862518025773,1
0,0.37968758061398367,0
0,-0.30902236519624954,0
0,-0.17287108244343635,0
0,0.9645506822393334,0
0,-0.03233711869521544,0
0,0.5306939380247327,0
0,-0.19600429784501586,0
0,-0.3421528907320472,0
0,-1.406914165601862,0
0,-1.977749062367128,0
0,-0.2615619010664018,1
0,0.05649669199323269,0
0,-1.286130036708791,0
0,-0.03447486503463288,0
0,0.053752562990502024,0
0,-2.156008006059379,0
0,-0.9151246594795012,0
0,0.4072638937354685,0
0,0.3870587293957439,0
0,-1.1536749163997606,0
0,0.15844805049973495,0
0,1.0224072253604721,0
0,0.7770729589908982,0
0,-0.09528578701393456,1
0,-0.4679763133242924,0
0,-0.6293444843345044,1
0,0.4678197829096571,0
0,0.19510397314288802,0
0,0.6294040061022004,0
0,0.13187381312115198,1
0,0.8187639503474419,0
0,0.09459253295770016,0
0,0.7846887161316864,0
0,0.8708227703666389,0
0,-0.8045266302248135,0
0,-1.808144046870746,0
0,1.5434928560145533,0
0,0.2566587307122617,1
0,-1.7144858954961215,0
0,-0.7138194972187111,0
0,0.7718742923698284,0
0,-0.279676831132893,1
0,-0.5120614193191271,0
0,1.4008818603129667,0
0,-1.0472871463838105,0
0,-0.7981533577548339,0
0,0.21138647504826755,0
0,0.39045493205388226,0
0,0.4963430343407315,0
0,0.9112380445689469,0
0,0.19857862068151685,0
0,0.48938393893840915,0
0,-0.2592092593150832,0
0,0.06269830323671424,0
0,0.10753418005363442,0
0,0.21509813581903608,0
0,0.7725398075827608,1
0,0.555145681944831,0
0,0.0442170029001831,0
0,-0.8091259849410398,0
0,0.06767125806270954,0
0,-0.028017784895743934,0
0,0.19318157981319836,0
0,2.206525307140402,1
0,-0.5237727785412354,0
0,0.42228901912535954,0
0,1.0684620672442982,1
0,0.09800191409938289,0
0,2.337845119172165,1
0,-0.3780392917314767,0
0,0.32408922232004705,1
0,-0.798805744892982,0
0,-0.35152473514329313,0
0,0.2489339103966579,0
0,0.8463040623077297,0
0,0.3190948340235742,0
0,1.259114849334736,0
0,-0.09496531059267174,0
0,-0.33216852983900536,0
0,2.7039851072793866,0
0,0.39423764944203077,0
0,-0.7194815459785476,0
0,-0.6942637622480688,0
0,-0.9426799145313405,0
0,0.9365693558567879,0
0,-0.36437729289324183,0
0,0.12736247565648562,0
0,-0.06350867443826871,0
0,0.7314924079409346,0
0,-0.8467440928840201,0
0,-1.0755722861430155,0
0,0.22429730718159427,0
0,0.600959284699897,0
0,0.33253231309764075,0
0,-0.8094537290973276,0
0,0.6774848420913938,0
0,-0.7438609270956342,0
0,-0.5215386447863833,0
0,-0.9439535247220022,0
0,1.3011583486520308,0
0,0.6334215410273492,0
0,0.6049933756788733,1
0,1.2472114211424503,0
0,2.8126492482387233,0
0,-1.7092261039101555,0
0,-0.7383765808771081,0
0,-0.6161750841745238,0
0,-0.8508196223826928,0
0,-1.0775832476037126,0
0,-0.2996530640553656,1
0,-1.216603715289405,0
0,0.3350423675374132,0
0,0.051698321428614635,0
0,0.4810286647636553,0
0,0.5077284516382525,0
0,0.6030068534266765,0
0,-0.3734089368238823,0
0,2.1211434026336673,0
0,0.23443111648209775,0
0,-1.862484752624795,0
0,-1.0023757457662175,0
0,-1.7405029890278156,0
0,0.01733462915130733,0
0,-0.12180522405333363,0
0,-0.4684256978994578,0
0,2.010926112400514,0
0,0.5489828740769108,0
0,0.7260983614463344,0
0,-0.9310734879421032,0
0,-0.9991448913310123,0
0,0.03680549909695475,0
0,0.17300713965222583,0
0,-1.856311567114457,0
0,-0.18030702284953407,0
0,0.014072082873504806,0
0,-0.21514916577112894,0
0,-0.8133904123466764,0
0,-0.53953518192114,0
0,-0.17685919357279603,1
0,0.09080002361004777,0
0,0.604791582550568,0
0,1.0808562049508712,0
0,-0.2943477235272498,1
0,-0.45615619611535785,0
0,0.43765567353430623,0
0,0.6108449164108543,0
0,-0.4342004332588856,0
0,0.7903934769661722,0
0,0.9795853411559731,0
0,1.291686465658673,0
0,1.7783209067198225,0
0,-0.8664161386594389,0
0,0.01389820933251119,0
0,0.011277696618660139,1
0,-0.0980735685325076,0
0,-0.6492629196101362,0
0,-1.4855620032310715,0
0,0.0926794460290038,1
0,-0.7683556595479125,0
0,0.085993480747625,0
0,-0.7940435416988534,0
0,-1.0996583458443414,0
0,0.2342983603768977,0
0,0.15092152680649595,0
0,0.579281971320933,0
0,2.1858637664176253,0
0,0.2772895312108468,0
0,0.4850817670641296,0
0,-1.0775613288673254,0
0,-1.2869074405363745,0
0,1.5828294467733337,0
0,-0.9234797799333037,0
0,-1.043944071468642,0
0,-0.03909892121655298,0
0,-0.09019241337738836,0
0,-0.9025065064432917,0
0,-0.3049732187131,0
0,1.2293757176501043,0
0,-0.8059936088317976,0
0,-1.3936724843661716,0
0,0.9425936208997923,0
0,0.4922969119380367,0
0,-0.6205186206486616,1
0,-1.582167016126918,1
0,-0.7446233564385631,0
0,-0.05470443684927131,0
0,1.165672089883819,0
0,-1.036581974869657,0
0,-0.08451988151147344,0
0,0.675144659894898,0
0,-2.3812673401219207,0
0,1.0337861679388998,0
0,-1.1824505722064373,0
0,0.3319954934569346,0
0,0.24668314961074406,0
0,1.084586391463845,0
0,0.5509243808935403,0
0,-2.377290491729981,0
0,-0.7847792471559913,0
0,0.13820512935328008,0
0,-0.19497988611978695,0
0,0.47761072975677044,0
0,0.7893665556697054,0
0,0.6084517364296791,0
0,-0.21427494255446522,0
0,-1.8463370111204804,0
0,-0.4554812488548173,0
0,0.4163681481389552,0
0,-1.0904472525504776,0
0,0.6312747301215763,0
0,0.9083932972673044,0
0,0.12686697629584257,0
0,-3.063779866312396,0
0,-1.2780883627118034,0
0,1.8861891585560817,0
0,-0.546537793028378,0
0,-1.984143223128996,0
0,1.2352473883102724,0
0,0.013355591543672855,1
0,1.1049404889577255,0
0,0.2769586752193653,0
0,0.4585591362121688,0
0,0.3630092477145166,0
0,0.697488311921,0
0,2.2774304485560983,0
0,0.9710063359591881,0
0,-1.580339317845535,1
0,0.4466615152789034,0
0,1.1414807681032177,1
0,1.202700806536146,0
0,-0.42660498305909955,0
0,1.1649444451881277,0
0,0.9277423995512052,0
0,2.57251743696973,0
0,-0.7500017362485115,0
0,-0.5074005764004252,0
0,-0.3061190484599539,0
0,-0.4902221500387753,0
0,-0.890020749763603,0
0,-2.762675505673743,0
0,-0.4346994737231341,1
0,0.36935805969990443,0
0,-0.4932218455059107,0
0,1.9353811835291097,0
0,0.013375812715862578,0
0,1.2910290551841355,0
0,0.26142041272996835,0
0,0.826407309893258,0
0,0.27924155393356226,0
0,1.3687846319035628,0
0,0.05593935013240072,0
0,0.4961207080887857,0
0,0.3663329336500437,0
0,-0.2882854581273188,0
0,0.4049823189246768,0
0,2.234386246197682,0
0,-0.270396942095442,0
0,0.4194648928532483,0
0,1.2577789508694428,0
0,1.1402532809442802,0
0,0.011716417719365251,0
0,-2.3833887029573617,0
0,0.5167028186484662,0
0,-2.2194742586230527,0
0,1.469937230941231,0
0,0.16947387119326057,0
0,0.999674019871989,0
0,-0.9021111381810512,0
0,-1.5525074733000543,0
0,0.2607543841411672,0
0,-0.03360343995614198,0
0,-0.4915408261571657,0
0,0.08466128073276377,1
0,2.76743589203226,0
0,0.8345255473690577,1
0,1.049498605863319,0
0,0.8439368915533556,0
0,1.4794621438521929,1
0,-0.1900716729007449,0
0,-2.0547613076752937,0
0,-0.1885861330060098,0
0,0.8117357099965018,0
0,-0.9698003951150737,0
0,-0.17636595048933035,1
0,-0.6917697430023131,0
0,1.5020292518431304,0
0,0.7494570154065637,0
0,0.651540620643959,0
0,0.6216013131209713,0
0,-0.037249252552126945,0
0,0.1975562825275035,0
0,-1.1851845805323176,0
0,-2.1864419787505676,0
0,0.15008113034502407,0
0,0.3239902562721444,0
0,1.2092645684253776,0
0,1.5713358160823676,0
0,1.5699984849989468,0
0,-0.9980235932938778,0
0,-0.3522650349497693,0
0,0.48033429588137955,0
0,2.5319046777421774,1
0,1.480099203713916,0
0,1.1193971619983802,0
0,-0.3877879555492906,0
0,-0.8831996311551246,0
0,0.7889078833832395,0
0,-1.10066126423436,0
0,-0.23843635098030264,1
0,-0.11477794900192263,0
0,1.592912089122808,0
0,-0.35469730295967755,0
0,-2.4392496385726155,0
0,0.5044446476624683,0
0,-0.6990218531039264,0
0,0.042631024437746814,0
0,-0.08670470084212364,0
0,-0.2737039958177683,0
0,0.7903405817847039,0
0,-1.5328648783527072,0
0,-0.5170142249543602,0
0,0.6840379131173813,0
0,-0.6140847753443682,0
0,-1.6088067092699718,0
0,0.6685553432567358,0
0,1.123094630441539,0
0,-0.04499520764300634,0
0,-1.9608455984695325,0
0,0.7059697466988162,0
0,-1.659887881419688,0
0,0.3087992768481657,0
0,-0.8874638247421598,0
0,-1.1598392857669653,1
0,-0.4419100170796902,0
0,-0.18329755642725984,0
0,-0.6442082503864482,0
0,0.5887032782151507,1
0,-0.44606937845883377,0
0,0.980190871671822,0
0,0.28117316564347944,0
0,-0.697557206596308,0
0,-0.8659398838322859,0
0,-1.6474962990474387,0
0,0.2907331778668224,0
0,-0.3545875472513581,0
0,-2.3721955280635143,0
0,-0.5357148727694001,0
0,-0.901034029254952,0
0,1.5756775921706603,0
0,-1.7027786118933097,0
0,-1.4413507997340538,0
0,1.1099696431056998,0
0,1.3567631574639631,0
0,-0.7449829387256415,0
0,-0.6320858228089109,0
0,0.6162353965533128,0
0,-2.32709979694531,0
0,-1.8611936845055561,0
0,-0.28073340085071186,0
0,1.549890566129126,0
0,-0.4357300881667396,1
0,0.10093679173515462,0
0,1.133789272564012,0
0,2.106884733278146,1
0,-0.5768484731483126,0
0,-0.016836723733426057,0
0,1.8220552213428425,0
0,-1.5221992751914284,0
0,1.0275810705538218,0
0,-1.0183155323612583,0
0,0.10247236710315673,0
0,-0.24261904740027426,1
0,-0.9580116007012293,0
0,-0.9831019276582751,0
0,0.2764143642537545,0
0,0.9955393281626821,1
0,-0.1297362031885032,0
0,0.07011315873321637,0
0,0.5711740662910472,0
0,-0.9716187730129598,0
0,0.739692508412923,0
0,0.819343097059747,0
0,2.60362629875041,1
0,-0.3761041905595823,0
0,-0.4580818016681276,1
0,0.7689658715737455,1
0,0.8191041689121383,1
0,-0.535087153376712,0
0,-0.40316267693004887,0
0,0.5411308382180404,0
0,-0.8275842407346614,0
0,-0.4105339880150149,0
0,0.08959276736843465,0
0,0.9959386848222581,0
0,-0.6045986161795408,0
0,-1.842384462030672,0
0,-1.916597467518211,0
0,-1.2594130667061334,0
0,-1.3131677181999373,0
0,-0.15461075861990903,0
0,-1.188880153597605,0
0,-0.7027549598212041,0
0,-0.7740858849820498,0
0,-0.4405078608479934,0
0,1.3225043315231224,0
0,0.6619475894305167,0
0,0.016129415276003874,1
0,-0.4610262805808381,0
0,-0.4332326566230212,0
0,0.3277464699519495,0
0,0.5841690733522902,0
0,-0.9076175061006004,0
0,0.03648075561423148,0
0,-2.031619568663027,1
0,0.21171378417059702,0
0,0.762149241958686,1
0,-0.2800686268808754,0
0,1.8165269961401054,0
0,-0.8812384474360504,0
0,0.21744041530326128,0
0,-0.035824746665955476,0
0,-0.10029766744340833,0
0,-0.11432216800474763,0
0,0.10710503000947168,1
0,0.8479587434636998,1
0,1.3777362362747443,0
0,-0.0022502445041573905,0
0,0.8153160721716332,0
0,-0.7017669462667825,0
0,0.765955452726233,0
0,-0.7619915238269903,0
0,1.0906599360881322,1
0,2.2106408773932396,0
0,-0.12208388797139179,0
0,-2.1925434908074086,0
0,-0.548072933244823,0
0,1.2318751342893033,0
0,0.5530767870252449,0
0,0.24891359867502955,1
0,1.008668355954839,0
0,0.484453439248422,0
0,1.2177251874511363,1
0,0.9194236766469855,0
0,1.5217004527369589,0
0,0.35879608390625434,0
0,0.9052594014939547,0
0,-0.3071270730857854,1
0,-0.6014608115590059,0
0,1.7067676404189733,1
0,0.21620467632268803,1
0,0.804880565862379,0
0,0.12374001441139017,0
0,-0.5865156509199643,0
0,0.010982892582401323,0
0,1.4359940177677142,0
0,0.555240074279424,0
0,-1.711473159730459,1
0,-0.2152444565761547,0
0,1.782293792704712,0
0,-0.21379686184995605,0
0,-1.8004786917341806,0
0,1.8930488854225436,0
0,0.6823925098127926,0
0,-0.0700128588128004,0
0,-0.37141773608206863,0
0,1.0823519297917354,0
0,-0.5419834002261925,0
0,1.1482564245159883,0
0,0.542195285724256,0
0,0.24468192548734993,0
0,0.14551480533559535,0
0,-0.17496803671417813,0
0,1.0456401202092658,0
0,-0.8653428321018342,0
0,-1.6219251268302093,0
0,0.6144401228924746,0
0,0.6312383280671477,0
0,0.4802411525117667,0
0,0.4077283696180388,0
0,-0.32054037833754784,0
0,0.7874827043855253,1
0,-0.04555812675454088,0
0,-0.4871135608151781,0
0,-0.3118913122553999,1
0,2.020639698775832,0
0,-1.7349760820454327,0
0,0.49978810429579884,0
0,-1.6791104276237172,0
0,-0.10823333832297323,0
0,-0.4336274851541877,0
0,-2.085028296679878,0
0,0.389037590433763,0
0,-0.3800380621921959,0
0,-2.099206342561244,0
0,0.8395680907742521,0
0,1.435006177988935,0
0,1.490124342296572,0
0,0.35895644065147114,0
0,0.04605813857711549,0
0,1.328156620895797,0
0,1.6823835853400984,0
0,1.133568702875625,0
0,-0.9415376022298011,0
0,0.2013448532149219,0
0,0.4395161442914286,0
0,-1.8096169689172292,0
0,0.4693606596207741,0
0,2.272991825979389,0
0,0.6399361658007914,0
0,1.4734130814417563,0
0,0.18291473012870507,0
0,-0.07321832398382148,0
0,0.3812713900809755,0
0,-0.8158266479844326,1
0,-0.9637751872343886,0
0,1.2663045571693656,0
0,1.3723423428665182,0
0,-0.9911063155873504,0
0,0.9679988045538644,0
0,-0.08695997560602091,0
0,0.33980857449043056,0
0,0.4602186394350634,0
0,0.9943504681243184,0
0,0.08271820186318887,0
0,1.410161995301936,0
0,0.30941283975992473,0
0,0.6241842724695326,0
0,-0.8332625915372465,0
0,2.158659010704834,1
0,0.4698249232049664,1
0,0.7129974253450992,0
0,-1.6081858112115415,0
0,-0.822702023079101,0
0,1.2378836879187305,0
0,0.2868911182926047,0
0,-1.913779734828926,0
0,1.038289928983819,0
0,-0.5437828043527234,1
0,1.411316985876712,0
0,-0.08783567860369966,0
0,0.20470668602052994,0
0,1.1789545785916484,0
0,-0.8974929708546623,0
0,-0.9928468078339396,0
0,-0.19649842039810733,0
0,0.8271727996212221,0
0,-1.3308772526134907,0
0,-1.6680345998890966,0
0,0.8237209270437923,0
0,-0.6029783125670037,0
0,-0.3922260129202831,0
0,-1.8568104019401659,1
0,-0.6789793143519821,0
0,-0.007567296631150636,1
0,0.9303778576228922,1
0,-0.7712301662346388,0
0,1.6573761202324966,0
0,-0.6845560241798007,0
0,-0.6830918015851747,0
0,1.5373575518978022,0
0,0.21146015236391716,0
0,-0.5520247290115766,0
0,-0.15513313118059344,0
0,1.3530735775420593,0
0,1.4662028196256818,0
0,-0.816793179270256,0
0,-0.042433810079108215,0
0,0.09015682766757308,1
0,-0.9862401105165975,0
0,-0.05568505264999431,0
0,0.005322860451700487,0
0,1.1402094789367356,0
0,1.207425028311201,0
0,-0.32920939835900803,0
0,-0.21395314386081168,0
0,0.6642923020556356,0
0,-0.5851884489270115,0
0,0.5886401517374027,0
0,-0.08790648736921473,0
0,-0.9693985777386207,0
0,-0.9568367128796466,0
0,1.447058696031102,0
0,-0.1564214791432986,0
0,1.640354093898311,0
0,-0.5136362607149101,0
0,0.2912052011314934,0
0,2.3926767230182415,0
0,-1.0573867446632792,0
0,-1.8978144998997766,0
0,1.2865901312872332,0
0,-0.8268091053930736,0
0,-0.020706364106233777,0
0,-0.5859182104515849,0
0,0.2681627809553161,0
0,-0.9505362071857422,0
0,-0.1799400878833061,0
0,0.4498153265565342,0
0,-1.008308886274262,0
0,-0.7000840296458889,0
0,-0.3473828335985318,0
0,-1.4288154342262782,0
0,-0.4225609827987464,1
0,0.11879653990290184,0
0,-0.39954894158842846,0
0,-0.27137649293172456,0
0,-0.019901670906585355,0
0,-0.655743462432314,0
0,0.6910625658668772,0
0,1.4359781248017758,0
0,-0.46438039219544847,0
0,0.4851982314777071,0
0,-0.23961715543464693,0
0,0.3654873450385047,0
0,1.5657795312032543,1
0,0.5086595430180988,0
0,-1.7734145388096807,0
0,0.4539956314469589,0
0,1.2328637433090093,0
0,-0.2215961699981027,0
0,0.9956348061178324,0
0,-0.690115541151946,0
0,-1.4855391595222738,1
0,0.14116901883264016,0
0,-1.7564767207463141,0
0,-0.23977101289359176,0
0,1.286842262645503,0
0,-1.9097629057462808,0
0,-1.2794967959138979,0
0,-1.0320322451615775,0
0,-0.06331985971095996,0
0,-0.36571678564620924,0
0,1.3991363816960873,0
0,0.9543483290916974,0
0,0.49527294606859795,0
0,0.14563031434388482,0
0,0.3932297769848273,0
0,-0.861982355313375,0
0,0.8572103535566122,0
0,-1.112044254359201,0
0,0.8353769939022309,0
0,1.186142502118831,1
0,0.2108646020880872,0
0,-0.17621305896197587,0
0,0.4003099083096733,0
0,-2.861518370100673,0
0,0.30225821848546125,0
0,-0.11335399783980703,0
0,-0.05062811305699102,0
0,0.7065325128978275,0
0,-0.07476892156472781,0
0,-1.140206856651158,0
0,-0.14140267082537805,0
0,0.06755548408082447,0
0,0.11493391158101274,0
0,0.16191936728506806,0
0,1.0393690449185533,0
0,-1.0860345530341475,0
0,0.17570045616484992,0
0,1.289929698618241,0
0,-1.7346114969371953,0
0,0.17964668078005355,0
0,-0.5853785019730434,0
0,-0.37071038447310495,0
0,-0.904807503214422,0
0,-0.16955071570044408,0
0,1.8412556144269043,1
0,-1.2644303611772136,0
0,-1.1696100024788274,0
0,-1.3019345701635046,0
0,1.727418286628101,1
0,-0.46233970552128695,0
0,-0.025639060347674214,0
0,-0.4027829411062397,0
0,-0.9444228784030915,0
0,-0.2351506466144354,0
0,2.45824360573656,0
0,1.392070920974255,0
0,-0.8529378177922723,0
0,0.6475741030616857,0
0,-0.8315227726663764,0
0,-1.7763676388462208,1
0,1.0195109176646295,0
0,1.1600928466435507,0
0,1.0460522510478993,0
0,-0.46986524921957273,0
0,-0.16677573400198623,0
0,0.7497655536581233,0
0,0.3914960373481072,0
0,-0.3936374712970443,0
0,-1.6190718201181646,0
0,0.11387519414201226,0
0,1.0790096392361133,0
0,-1.1975882890341571,0
0,0.638759381675977,0
0,0.33154169513369264,0
0,0.7501482632323336,0
0,0.8719754997190072,0
0,-0.694465241925353,1
0,-1.616959400164946,0
0,-0.5335195256828793,0
0,0.8891273175270074,0
0,-0.542003903525971,0
0,-0.6940433238576419,0
0,-1.8213503419246384,0
0,1.752647554550939,0
0,0.8257136414253099,0
0,0.7698959812747644,0
0,0.9677253867794737,0
0,0.5767083615434017,0
0,-0.24432885517952907,0
0,-0.16376410412220166,1
0,-0.4275643645921248,0
0,2.634740754415,0
0,0.5559120312994426,0
0,-0.46380044135143456,0
0,0.4654967741662798,1
0,-1.0108689178563175,0
0,1.504506718589227,0
0,-0.6610690958071401,0
0,0.5010854326224657,0
0,1.0659776297431345,0
0,0.3847685442049928,0
0,0.09446999181963821,0
0,0.010802084856015158,0
0,-0.056441096887107134,0
0,-0.5766984889275022,0
0,-0.44948342976970423,0
0,1.479590373650935,0
0,-0.10853663268515668,0
0,-0.7857962693827731,0
0,-0.5162975968615086,0
0,1.100370680697223,1
0,0.6756066331644784,0
0,0.5603291782322569,0
0,-0.25752119890979147,1
0,0.5733624701729451,0
0,-0.643561124950648,0
0,-0.25961403134577454,0
0,0.9698044873917454,0
0,0.8742776789190644,1
0,-0.9819098459508032,0
0,-0.8555264529085758,0
0,0.10870215281340967,0
0,1.7261323746695099,0
0,-1.9155651644689942,0
0,0.27833293957050426,0
0,-1.3760433315731482,0
0,-0.6343309935255456,0
0,-0.3644284180642414,0
0,-0.4205083434368909,0
0,-0.5337959396592085,0
0,0.007207060376370152,0
0,-0.5352555666305784,0
0,-1.4624573848541527,0
0,0.7798696125227764,0
0,0.7528721671488805,0
0,0.843174310022669,0
0,-1.5407344962640819,0
0,0.29891815258415083,0
0,0.6759788558069234,0
0,-1.031202068439585,0
0,0.009173248182129144,0
0,-0.11626664531036575,0
0,1.8421506585682637,1
0,1.924496037012573,0
0,-1.6643563933302008,0
0,2.4939270057279894,0
0,-0.9152257211533239,1
0,0.9806732943274258,0
0,0.9704979808637308,0
0,-0.9956902268418067,0
0,0.493267793839099,0
0,-0.10753374426606396,0
0,0.5543300046323907,0
0,0.2306723023806257,0
0,1.196339485370247,0
0,0.07539954314606226,0
0,-0.16787406942631122,0
0,1.0960642330571804,0
0,0.5803959648586033,0
0,0.7318133943208879,0
0,-0.6645866722585968,0
0,-1.045262781398474,1
0,-0.5677221432527015,0
0,-0.6208213856805886,0
0,0.7861992686529143,0
0,0.9759840502940518,1
0,-0.15513028953240038,0
0,1.4309190188243524,0
0,1.3684693937651298,1
0,0.24339891640053923,0
0,-0.82189177154304,0
0,1.5753766494355401,0
0,-0.06101735102840823,1
0,0.1261651964309746,0
0,-0.33960502560656863,0
0,-0.8897903262971976,0
0,-1.4686394303152919,0
0,0.6328683235572881,1
0,-0.7834010538966204,0
0,3.0595312289968235,1
0,-1.086073582612479,0
0,-1.25738247498137,0
0,0.5101387156134412,0
0,1.5293134789672953,0
0,0.06458965694322165,0
0,0.5722424201872743,0
0,-1.8435474174587096,0
0,-0.6775115456917667,0
0,-1.073615729137567,0
0,-1.895045849947881,0
0,0.11698023402388695,0
0,-2.2428276216104335,0
0,-1.3221959660874487,0
0,-0.537193794013418,1
0,-0.8312858359510763,0
0,0.3964085022070677,0
0,0.30558019190248,0
0,0.8937987459354568,0
0,0.7523837327126781,0
0,1.1408127893613809,0
0,-0.0019184000090541567,0
0,0.3034669008166697,0
0,0.5115137019191913,0
0,0.1416566973910257,0
0,-0.3971943099170739,0
0,-0.3324425343397702,0
0,-0.8175583983299655,0
0,0.4216168299098296,1
0,-0.09401517408515554,0
0,-0.6631737506367649,1
0,-0.6622448193245927,0
0,-1.2103987277827886,0
0,0.9788413412371997,0
0,0.07861766953178756,0
0,-0.8628000195732701,0
0,0.8085477496020183,0
0,-0.560448809794373,0
0,-1.4065006270122327,1
0,1.021222289219133,0
0,-0.5370969895661131,0
0,-0.4088990902087895,0
0,0.04118002034917748,0
0,1.1425892227901149,0
0,0.020037290866311695,0
0,-1.1991171261452302,0
0,0.5438770041121802,0
0,-0.48498972426172404,1
0,1.8879239715294662,0
0,-0.0011197219978901704,0
0,-2.235035497898666,0
0,0.357364972155674,0
0,1.9445977922602284,0
0,1.5759202885453896,0
0,1.8309542887565653,0
0,-1.0197601853814635,0
0,0.9121523959767788,0
0,-0.7219945397367117,0
0,0.2242893994169245,0
0,-1.2729524287397325,0
0,-0.6444557648827163,0
0,-0.6762466973636153,1
0,0.8985552801426162,0
0,0.8007191216696554,0
0,0.2768197293308208,0
0,-1.3504214180553855,0
0,-0.31163943394972,1
0,-0.746116482942726,0
0,0.869675756694491,0
0,1.1781848528171845,0
0,1.056385586030883,0
0,-0.7552194194170205,0
0,-2.739533122289479,1
0,-1.7669618981300543,0
0,1.4216269780822084,1
0,-0.4012549393198239,0
0,-0.7507246182651125,1
0,1.642660293436234,0
0,1.2651599454883269,0
0,0.02444872191978665,0
0,-0.2934030910639739,0
0,-0.13210121281312523,1
0,0.22716279838746606,0
0,1.600047281319608,0
0,0.4224674242372267,0
0,0.7260290330391413,0
0,1.1692701090701714,0
0,-1.169676001024419,0
0,0.7548618924740429,0
0,-0.29456875466161137,0
0,-2.516095195772766,0
0,-2.128169541985812,0
0,-1.0181176115186856,0
0,0.5312232285925814,0
0,0.11379956534029644,0
0,0.184366707175664,0
0,1.950943482686692,0
0,-1.2690896148598123,1
0,-0.027433354183723595,0
0,0.3044355228138156,0
0,-0.7362731165383355,0
0,0.028326745082940964,0
0,-1.599949334084345,0
0,1.4099062172750279,0
0,-0.6816145525304338,0
0,2.031400164778503,0
0,-0.03247432391745505,0
0,1.0280535653991831,0
0,-0.05330286899115438,0
0,-0.03074383226052982,0
0,-0.5840293332220078,0
0,0.11912392936627762,0
0,0.31799869441404743,0
0,-0.7842585089151799,0
0,-0.1250444158598842,0
0,-0.6100988660571137,0
0,2.2996640696148387,0
0,-0.08973076991161853,0
0,1.5452321516965593,0
0,-0.19562233080768832,0
0,0.25928764153490796,0
0,-1.3213640716452693,0
0,-0.44707259186786463,0
0,0.21053467078924676,0
0,1.5860038309598667,0
0,0.22198277767627117,1
0,1.3837203611929991,0
0,0.6407291102029202,0
0,1.6274013394646858,0
0,-0.059042217305055426,0
0,2.390222710651804,0
0,-0.485396202914123,0
0,-0.766461834197669,0
0,-1.2100528496890341,0
0,2.3310246715580702,1
0,0.8194475726178976,0
0,-0.33412073338030845,0
0,1.249022696873495,0
0,0.687692185117782,0
0,1.9661274713755903,1
0,-1.5478328327399113,1
0,-0.26536010831425455,0
0,-0.46252138394282544,0
0,-1.9736826764086015,0
0,1.060327204779694,0
0,-0.2703965558033584,0
0,0.7396312049865622,0
0,2.3597719343296117,1
0,-0.3532436918276083,0
0,-0.4211529826571552,0
0,0.11866416972399602,0
0,0.9872473529834096,0
0,-0.5667130253101499,0
0,-0.6309615971321306,0
0,1.0571892702413659,0
0,0.37863932383803556,0
0,-2.0447282630048207,0
0,-1.2253917994691081,0
0,1.5012358638272103,1
0,0.4019282830788125,0
0,-0.762195931037249,1
0,-0.17040965723498214,0
0,0.013236672801670204,1
0,0.7357333602801638,0
0,-1.3582633948587894,0
0,-0.8409491386704581,0
0,0.27295575486338886,0
0,-0.09983458049545033,0
0,0.5718591826367099,0
0,-1.2295073973595978,0
0,0.3571286762713211,0
0,1.0915836193774722,0
0,0.4868185471492834,0
0,0.13911173976159188,0
0,-0.09588360256597088,0
0,-0.8348511527715018,0
0,-0.07199859243978847,0
0,1.259705852880406,0
0,-0.11902850660012523,0
0,-0.8898039893484101,0
0,-0.4922470887653863,0
0,0.20085029727593015,1
0,-0.37351399718084694,1
0,0.4853032830631407,0
0,0.5228437607490304,0
0,0.8889831804046482,0
0,1.4235594722650329,0
0,0.9958587243723608,0
0,-0.9342390641479599,0
0,-0.9035344465762722,0
0,-0.07577147645982442,0
0,-0.4511753572394145,0
0,-1.1383267269609427,0
0,-0.44169179417299426,0
0,-0.474512933619039,0
0,-0.6718477397612058,0
0,-0.3157894861550056,0
0,1.178450850318331,0
0,0.19923804124923924,0
0,2.4718090760554694,0
0,0.17050818601964934,0
0,-0.29006577393725175,0
0,0.004132882654866092,0
0,0.25649197844354,1
0,0.43525395717106363,0
0,2.0767113258590237,0
0,-0.8453204649775686,0
0,0.8590460581777356,0
0,0.20775059761412384,1
0,-1.5710977425706176,0
0,0.7706987820947633,1
0,1.2676235608039048,1
0,-0.8571764037774298,0
0,-0.008933867891970693,1
0,-1.7253542620077036,0
0,-1.2588064596843365,0
0,1.0480295776172526,0
0,-0.4664165060074345,0
0,-1.1088029749380393,0
0,0.22946036445842968,1
0,-0.5224124314310232,0
0,-0.4708216577755361,0
0,0.7393260256749032,1
0,-1.1617333589343466,0
0,-0.9053652126818322,0
0,0.15407999214886864,1
0,0.9694097907482053,0
0,1.2381603014898497,0
0,-0.665061720361623,0
0,0.9373769669196479,1
0,-0.7841422934704089,0
0,1.8262093469068,0
0,-1.1337710254197284,0
0,1.328478810791731,0
0,-0.6564861068187239,0
0,2.0132464547946003,0
0,0.5913207288524843,0
0,-1.016016529408222,1
0,-0.5222384795425068,0
0,0.7811812052237417,0
0,1.0526444176155614,0
0,-0.07071559172446261,0
0,0.044658280963466405,0
0,0.7583530326440655,0
0,0.13179842701081995,0
0,-1.2935048593383758,0
0,-0.8129740246401806,0
0,0.23511994315166507,0
0,1.2154824164976936,0
0,1.6159824241620477,0
0,0.7795294207714503,0
0,0.28729076103636375,0
0,0.748813885982477,0
0,-0.6667508502068556,0
0,-0.15323096025821417,0
0,-0.8241307213394766,0
0,-1.2487426107077115,0
0,0.33354901163620493,0
0,0.1855133065847436,0
0,0.6876524845090128,0
0,0.5461118308924472,0
0,0.24264427132386202,0
0,0.5566166656775543,0
0,-0.04268309622747663,0
0,0.4128913952224006,0
0,-0.7261444026863596,0
0,0.3697059256391301,0
0,0.6684176852860094,0
0,-0.6696814280722031,0
0,0.05183209899284673,0
0,-0.6236025096293596,0
0,-0.5265066965161149,1
0,-1.1249293551021546,0
0,1.2657749251665555,0
0,1.0656851747200478,0
0,0.5374338542273371,0
0,1.972195951943814,0
0,-0.18924569656839169,0
0,3.0317624151106344,0
0,-0.22752941536322038,0
0,0.25519335175601643,0
0,-0.39777791394020817,0
0,0.372325560060305,0
0,0.8356149278862445,0
0,-0.11391639305308393,0
0,1.7767198471176207,1
0,0.23914928463346072,0
0,0.2704853861101991,0
0,-0.9089976945137175,1
0,0.4184990745503845,0
0,-0.1340272208093656,0
0,-0.6082397293372869,0
0,-0.7764744081483639,0
0,2.671763379756685,0
0,-0.2634772501790354,0
0,-1.4569854207812678,1
0,-0.6982214597325725,0
0,-0.051567839476213594,0
0,0.546667032616485,0
0,0.5547965217253135,0
0,0.6766145517765254,1
0,-0.6448603066373296,0
0,0.34044044350154545,0
0,-0.8760594641105784,0
0,-0.6196429830140117,0
0,-0.9177089745002595,0
0,-1.1883888545982695,0
0,1.0642094888580087,0
0,0.6886117009788877,0
0,0.9766653699781299,1
0,0.03931306602429631,0
0,0.7768076988651466,0
0,-1.761289404642545,0
0,0.8630875180453551,0
0,0.1771198300050302,0
0,0.6271096001491656,0
0,0.38002329904861315,1
0,-0.9870551545368866,0
0,-1.4980397753910466,0
0,-0.7120541661829632,0
0,0.5649172812729122,0
0,0.6900914151753954,0
0,-1.3679422773818628,0
0,-0.9810993674682146,0
0,-0.7232356859408393,0
0,-0.3573050602668157,0
0,-1.3620508308526522,1
0,-1.4220517661401326,0
0,-0.8218352964075539,0
0,0.08625383622500567,0
0,-1.1805943397534906,0
0,-0.11580350997176611,0
0,1.0585528161418154,0
0,-1.30177973741351,0
0,-0.20644575841053947,0
0,1.0247567337507726,0
0,-0.4182683903638093,0
0,-0.5736696908584189,0
0,1.1634958143064738,0
0,-0.30620207897154783,0
0,1.1044950252055679,0
0,0.4289653911271988,0
0,-0.34284465290983673,0
0,0.47969053059753036,0
0,0.3204495138460378,0
0,1.020882821002474,0
0,-0.5483455378650185,0
0,0.041206066781619685,0
0,-0.061515679604637406,0
0,0.7041481416397848,0
0,-1.0251791944441757,0
0,1.016977048237856,0
0,0.4663287721704166,0
0,-1.3169250736329463,0
0,1.2082628254805003,0
0,2.2340930807977313,0
0,1.0018339695494078,0
0,1.4269847672264693,0
0,0.0853713816025881,0
0,-1.66150491973851,0
0,-1.8441204511675249,0
0,0.25508204386775846,0
0,-0.59197880772998,0
0,-0.9145762783273513,0
0,-0.06274668396867535,0
0,0.6155852878612882,0
0,-1.4527575467621472,0
0,-0.4488776202803848,0
0,1.5098706831203152,0
0,-1.0752883802213746,0
0,0.8697611871649563,0
0,-0.4847307615489939,0
0,0.5457937598499527,1
0,1.0973275072028672,0
0,0.7412817669850216,1
0,0.9091596022138765,0
0,-1.1515935334079561,0
0,1.1136597067412988,0
0,-0.8526931146348199,0
0,0.2595417655715384,0
0,0.2582461869972269,0
0,0.48512255886958094,0
0,0.33695667606019053,0
0,-0.8438099785247232,1
0,-1.3498674122957162,0
0,0.8723486799617686,0
0,0.18583457751891555,0
0,1.1493768409578178,0
0,-0.04473293418786798,0
0,-1.4051643606769604,0
0,0.9661296810041061,0
0,-0.370370609661107,0
0,0.3420034574210212,1
0,-0.6474594284795192,0
0,1.6443017102336905,0
0,-0.8765648241831969,0
0,-0.33742975410617465,0
0,0.10744870269731638,0
0,-1.0921823270869582,0
0,0.33051952858759515,0
0,1.6119104774674902,0
0,-0.49046216069371046,0
0,0.3951428190317255,1
0,-2.7494353860385554,0
0,-0.03892920048484066,0
0,-0.31304228592620537,0
0,-0.8184976024103849,0
0,1.081450469628532,0
0,-0.32624368162382816,0
0,-0.17747748709358746,0
0,-0.37719287478907115,0
0,-1.9168158717650765,0
0,-1.131986440076961,0
0,0.9610934861202163,0
0,-2.109950646879972,0
0,-0.7663153496157056,0
0,-0.3997200562897638,0
0,1.7436218672915653,0
0,0.768603765496369,1
0,-0.5571705270530996,1
0,1.304513697115551,1
0,-0.7405158205011196,0
0,1.0090998037340055,0
0,-1.3588772459230156,0
0,1.0732578317891572,0
0,-0.4061336454709856,0
0,-1.0285042409412697,1
0,-0.21714361307631405,0
0,0.27734417972021486,0
0,-0.49474843052571216,0
0,0.5539535059953238,0
0,-0.5829938836640675,0
0,0.6203723939313579,0
0,0.44222206203659953,0
0,-0.06092305470793503,1
0,-0.4413823123659498,0
0,0.15154079576526616,1
0,0.5502537430336992,0
0,2.0617991527316084,1
0,0.939420421798181,0
0,0.9759899498158413,0
0,3.0885121948602836,0
0,0.5159584767678441,0
0,0.4846435113117023,0
0,0.7040150743216541,0
0,-1.0089659775882531,0
0,-0.4439016364187562,1
0,-0.506169266692334,0
0,0.6476139772195617,0
0,-0.17417456222119868,0
0,0.1382234254743028,0
0,1.0874546201484645,0
0,0.8631507387041388,0
0,-0.16172100304124704,1
0,-0.6699950968782225,0
0,1.1352747316531886,0
0,0.7738911809098658,0
0,-1.6062568182953822,1
0,-0.3131539389082808,0
0,0.1655154620167624,0
0,0.7788297171210313,1
0,0.9101014949397712,0
0,0.2839060011754735,0
0,0.585247531358856,0
0,0.06413680237815363,0
0,-0.6738516881805606,0
0,-0.261264391041254,0
0,0.018991186640108272,0
0,-0.034679250018589874,1
0,-1.8855729044434706,0
0,-0.3974833349294312,0
0,0.05620565308915186,0
0,-0.281369991905701,0
0,-0.24682379551158573,0
0,0.4879913708045874,1
0,-1.0789571870486339,0
0,-1.6280422139512112,0
0,-0.3481697908366748,0
0,0.7641144055017897,1
0,1.6875530394866385,0
0,0.78212823909474,0
0,-1.4682637598688473,0
0,-0.23236723937677117,0
0,0.2566343810815294,0
0,0.1775911169235922,1
0,0.539304552942874,0
0,-0.9170489464607607,0
0,0.06494308755074261,0
0,0.420322829776129,0
0,0.8256709533036595,1
0,-0.805718166612792,0
0,-0.345156867242898,0
0,-2.7038176800733402,1
0,-0.6214619675777742,0
0,-0.524414892971043,0
0,-1.019584508167443,1
0,0.1656121502326517,0
0,-0.05594543204526823,0
0,-2.2592138775776114,0
0,0.21550796930175647,1
0,-0.9283241307890274,0
0,0.48568895919051513,0
0,-1.2818512477286654,0
0,0.03000653853094012,0
0,-0.2831633288865059,0
0,0.30310188495033036,1
0,0.12469727765134685,0
0,-0.25516417502145444,0
0,-1.5362723140442447,0
0,-1.4772079634610316,0
0,-0.583886939092219,0
0,-0.00827988392958697,0
0,-0.608247947199117,1
0,0.6252119305794656,0
0,-0.2792209192116837,0
0,-0.9650127247795103,0
0,-0.27809629298790933,0
0,0.22585983631655238,0
0,0.3248847188245844,0
0,1.8783791319931293,0
0,-0.6689093400034194,0
0,-0.07347866159040038,0
0,0.4261239468194264,0
0,-0.023422959200815323,0
0,-0.5006181459886532,0
0,-1.5492571763442435,0
0,-0.5108345590530156,0
0,-1.073702412717801,0
0,-1.7266066811237784,0
0,-0.7956788416705864,0
0,-1.0470917207664545,0
0,0.5837865452929482,0
0,0.6010918374142937,0
0,-0.9038792895808748,0
0,-0.2602286305631211,0
0,-1.8582426621125354,0
0,-0.4943399501826941,0
0,0.3989819007023456,0
0,0.8249378896141027,0
0,-0.7130470816913138,0
0,1.0518548605275198,0
0,-1.5156919215134717,0
0,-1.2476277991437925,0
0,0.7096618656378763,0
0,1.6711212285632473,1
0,0.4934319881836954,1
0,-0.040342386534012425,0
0,-2.1951837465222086,0
0,-2.0224470560434793,0
0,0.12940953689586895,0
0,-0.35806266957117455,0
0,-1.105835182152118,0
0,0.06553258083005072,0
0,0.11513136750780958,0
0,0.9444158685402726,0
0,0.13660228301270078,0
0,1.2283943683343845,0
0,0.007994029548813363,0
0,-0.11533499480733611,0
0,1.0643121862471823,0
0,-0.9784408800414345,0
0,2.8144474532661614,0
0,0.3752574781667358,0
0,0.3808292528376731,0
0,0.5250959739725976,0
0,1.8771364753316424,1
0,0.7925074116726066,0
0,-1.6050559790039236,0
0,1.4034703847675043,0
0,-0.3408965794450173,0
0,0.10715507283932346,0
0,-1.2792539721752665,0
0,0.5262020181238957,0
0,-0.6513742900675522,0
0,0.10016963799347375,0
0,-0.284099005360783,0
0,1.9250128017358519,0
0,1.9822603001455896,0
0,0.046513170214741384,0
0,0.06397771136885474,0
0,-0.37344296634951507,0
0,1.1060062915027862,0
0,-0.32891987033337716,0
0,-0.4213372746456993,0
0,0.9785928636649645,0
0,-0.5382990953166494,0
0,-0.03775503444853058,0
0,-1.5813107815109928,1
0,0.7041903451231669,0
0,1.9408669391818687,0
0,0.7212253727997919,1
0,1.461799167547305,0
0,-0.8461021361773309,0
0,0.2363242820282007,1
0,-0.9431599243693896,0
0,-0.22776554558134285,1
0,0.7722114773525048,0
0,0.10182061310329862,0
0,-1.4126410226012216,0
0,-1.3150291055377534,0
0,-1.3811639314907738,0
0,0.4914525899395903,0
0,2.0638945356566682,0
0,1.3624582440002129,0
0,-1.8959851991460643,0
0,1.421075938069784,0
0,0.9364004170146472,0
0,-1.5452999455287577,0
0,-0.3032016167104975,0
0,1.0955224114958095,0
0,0.5504335109347853,0
0,-1.3090950523879856,0
0,0.6107421557961942,0
0,-2.1375005960805877,0
0,-0.22282217575721136,0
0,1.1379567694000488,0
0,0.018394215571319834,0
0,-0.4989375499619459,0
0,0.8893462537723492,0
0,0.9747518150865815,0
0,1.3100396928669502,1
0,0.8743424284463873,0
0,1.0813747939371465,0
0,0.7329085574375346,0
0,0.26552864911647195,0
0,0.08950899976381409,0
0,-0.237259719097402,0
0,-1.2123682930597257,0
0,-0.9553115088198088,0
0,-0.28201448193520967,0
0,0.2414521596024293,0
0,1.4408125980042632,0
0,-0.04179722787551253,0
0,1.003476290877664,0
0,1.0793156564321207,0
0,-0.231446797688791,0
0,0.5946902113701839,0
0,-0.2435280417248615,0
0,1.3221358940784769,0
0,0.6358433382659322,0
0,-1.1904837546883553,0
0,0.16152465215384673,0
0,1.6481121618238797,0
0,-0.18123103454670117,0
0,0.44771503009506813,0
0,0.5458788377391453,0
0,-1.0366228991646005,0
0,0.5107079492135139,0
0,-1.3938351520346257,0
0,-0.6256241064013961,0
0,1.075722967494192,0
0,0.356756290308358,0
0,-0.304477807746527,0
0,0.44646102124518744,0
0,-0.060092247755131445,0
0,0.012578502351833248,0
0,0.6568185267201376,0
0,-0.7273677406591319,0
0,0.040336405554690695,0
0,-0.3122681946066529,0
0,-1.5856033746002556,0
0,-0.9204557562492998,0
0,1.5682064470638322,0
0,0.38472331458523407,0
0,-1.3235883014013892,0
0,-1.5403543758484106,0
0,-0.11216390011058394,0
0,1.5611865331764823,0
0,-0.18675813480435263,0
0,1.306999553404016,0
0,0.3519307708186574,0
0,0.47125045784589364,0
0,-1.3357205093045694,0
0,0.9375229217497576,0
0,-0.3349320372736072,0
0,0.8630924536109083,0
0,-0.814169981986113,0
0,0.1770493475099125,0
0,0.3520029539376315,0
0,-0.15403331657586652,0
0,0.4045451930861567,0
0,-0.26639707519250877,1
0,-0.6490597530412794,0
0,1.6054833827939645,0
0,1.0489528663614422,0
0,-0.7608647450481768,0
0,0.5684443055946129,0
0,-0.742678854701153,0
0,-1.1846846436623242,0
0,1.0338094413989762,0
0,-1.7040996256474057,1
0,0.9268559135765412,0
0,-0.2527223125730585,1
0,-0.21154660308052864,0
0,0.4097512196232897,0
0,0.5811988119942524,0
0,-0.8263431768289082,0
0,0.7177256087500634,0
0,0.1133705380252234,0
0,-1.2560547928680381,0
0,-0.1698744835797392,0
0,1.3812790155589258,1
0,1.6765947982456966,1
0,0.7173484576086773,0
0,-1.19034348816837,0
0,0.4906069024558882,1
0,0.8508609038591928,0
0,0.7257079833187221,0
0,0.7849542886879182,0
0,0.3632630792475308,0
0,-0.0724123388305437,0
0,-0.6083674959040184,0
0,-1.8979355185014963,0
0,0.33964176671335083,1
0,0.18605284365218855,0
0,0.5575758428248162,0
0,-1.3375436932928941,0
0,0.6450166893150603,0
0,2.054545094620777,0
0,0.07845013077791134,1
0,-0.06166531920654083,0
0,0.309002356085701,0
0,2.032337024710338,0
0,-1.023647761699891,0
0,0.20320693339390494,0
0,-0.7996574222976441,0
0,-0.547004720844995,0
0,-0.04959030788193934,0
0,1.3473232416135588,1
0,1.8009906006887368,0
0,0.4481421446267063,0
0,-0.3765947230234853,0
0,2.4927388666385184,0
0,-0.4275544813295202,0
0,-0.5711359143597373,0
0,-1.7749430445787269,0
0,1.3960915692447435,0
0,0.968245592371294,0
0,2.417805536116446,0
0,-1.3895233522181258,0
0,1.4581708074791095,0
0,0.07013551836612739,0
0,0.8061002168001363,0
0,-1.647777141104471,0
0,1.4680818226652972,0
0,0.7865167513318304,0
0,-0.038910034786217525,0
0,0.6451126876611214,0
0,-0.7654953010422492,0
0,-0.5794400855816993,0
0,-0.46344461362539624,0
0,-1.852727861690278,0
0,0.8617584942033671,0
0,1.1915936141825663,0
0,-0.7013441497638416,1
0,0.3482030159448188,0
0,-0.2655404746292363,1
0,0.3282739620810305,0
0,-0.6275772412110292,0
0,-0.8834251560876358,1
0,1.0520748860237426,0
0,-0.06387058512449259,1
0,2.0221089508534758,0
0,0.046309964794139964,0
0,-0.9260780403504922,0
0,1.2269408764359389,0
0,0.6308001641460198,1
0,0.7268728636964236,0
0,1.1906006788679186,0
0,-0.6527962938457945,0
0,-0.12725330898528756,0
0,-0.17144983148779322,0
0,-1.2907465369156184,0
0,-0.2635901501582435,0
0,1.3363794578768242,0
0,0.237338103793847,0
0,-1.3460613278449878,1
0,-1.555839411664935,0
0,1.6647760587482714,1
0,-0.09031901025512999,0
0,-0.6474102057016173,0
0,-0.2739917648970031,1
0,-1.477307754317332,0
0,1.4230951495116198,0
0,-0.3930529375860296,0
0,1.367401527738422,0
0,0.05165171444731515,0
0,1.4295319745684398,0
0,0.2566944990430854,0
0,0.853232662869076,0
0,0.7190930460883368,0
0,0.6232910662519707,0
0,0.3479344771827106,0
0,-0.2328507161155849,0
0,1.9154346915728602,0
0,-0.9069369850959007,0
0,0.004307642343159692,1
0,0.01488587520759545,0
0,0.4024407533435215,0
0,-0.4294726458945011,0
0,0.31474630558958777,0
0,-0.16884258520296613,0
0,-1.5819525174378992,0
0,0.009552286256846456,0
0,-1.1005653330301517,0
0,-1.734385762448901,0
0,0.13687332068938496,0
0,0.48788334201956646,1
0,0.5266980421045764,0
0,0.5671707070196942,0
0,-1.9325890209406105,0
0,-1.3610169279074695,0
0,1.9735214368136709,0
0,-1.0472087600770361,0
0,0.6108410311366891,0
0,-0.686937621665846,0
0,0.07967273926756446,0
0,-0.6332542022735941,0
0,0.5615411546196448,1
0,0.13677411731669906,0
0,-0.4482897736442336,0
0,-1.0501721196807103,0
0,0.2677741974925111,0
0,-1.21271879904259,0
0,0.4274810421208385,0
0,2.6264849090369,0
0,1.350170051262012,0
0,0.7183478868941628,0
0,-0.08560729774114767,0
0,-1.9387526270035254,0
0,-1.3222863959001843,0
0,1.2827928561027135,0
0,-0.7897560801247798,0
0,-0.6992520981640467,0
0,-0.16565047568402144,0
0,-1.0620462588465547,0
0,-1.2267687345516363,0
0,-0.050474072781421825,0
0,-0.8915294546720363,0
0,-0.7410185797788948,0
0,-0.781191026147006,0
0,0.5223602138344686,0
0,-0.23212569049535728,0
0,-0.17857196789385368,1
0,0.5969458973088833,0
0,-0.14203960823294015,0
0,-0.27825376845717287,0
0,0.47045035557017084,0
0,0.668197843557631,1
0,-0.14707349950860418,1
0,0.0806077756205216,0
0,-0.781790229733328,0
0,-0.8606830431645255,0
0,0.7691475019668077,0
0,0.4449420625446217,0
0,0.4552984384165761,0
0,0.28085434872552223,0
0,0.04620327581495357,0
0,0.6964118908227692,0
0,0.9351087610227838,0
0,0.9112280051906476,1
0,-0.10077791594598683,0
0,1.386992729908838,0
0,0.22846068173232117,1
0,0.6323761925657985,0
0,0.28208789083487973,1
0,0.2470067074841741,0
0,-0.7357519902503197,0
0,0.701350838344826,0
0,2.845294394907639,0
0,-0.3747950747900833,0
0,0.07099471542494816,0
0,-0.4462052643472624,0
0,-0.48801990156193453,1
0,1.5444494781186728,0
0,-0.6729710177274647,1
0,-0.4740804733663613,0
0,-1.5874928237313013,0
0,-0.7576117245422473,0
0,-1.7083998929533477,0
0,0.6318046992119288,0
0,2.7996972218373095,0
0,-0.36667879365052214,0
0,-1.6667579329902373,0
0,0.8999996644297332,0
0,-0.7269249589301569,0
0,1.2993469305535403,1
0,-0.2820290477899447,0
0,-0.6318156890827807,0
0,-0.17795755574568647,0
0,0.7577767609361872,0
0,-0.22742063075565644,0
0,-0.49672470279370545,0
0,-0.1988316029788718,0
0,-1.271855184500885,0
0,0.39703160229398016,0
0,-1.7867265938449102,0
0,-0.44412145436551537,0
0,0.7593852088307432,0
0,0.3030482829327168,0
0,0.5903205729863903,0
0,-0.06504567271880911,0
0,1.1697461809855167,0
0,0.924699196769792,0
0,0.44614100424767456,1
0,0.927545777313543,0
0,0.7504235544035768,0
0,-0.43946351334689027,0
0,-1.3438989116913336,0
0,0.42036212584262383,0
0,0.5460892308314287,0
0,1.0904719911385654,0
0,-0.9363212750452935,0
0,-0.9064310592771633,0
0,0.45990026630777037,0
0,-0.07116698885308664,0
0,-1.8857616105711281,0
0,0.37510816375419076,0
0,-1.8524229149889546,0
0,-0.9452565518733762,0
0,1.3516813728601071,0
0,1.8248790178071153,0
0,-1.2156563684719617,0
0,-0.3293915374126943,0
0,0.04262252307870598,0
0,1.781226927581568,0
0,-0.49286894782440155,0
0,-0.4768840230332781,0
0,1.5487255584628619,0
0,-0.374789152718258,0
0,0.7222017089664575,0
0,-1.4771429651124275,0
0,-0.17123274409232622,0
0,-1.6595968383264046,0
0,-1.0554337809557044,0
0,0.8392013551522634,0
0,-0.04990539108671263,1
0,-0.31910574055297464,0
0,-0.7487496239809176,0
0,-0.22065607324128275,0
0,0.30111316710069364,0
0,0.9829162064617618,0
0,-2.6251466840968023,0
0,-0.8317611742628097,0
0,0.15909624218900573,0
0,-0.09886311596228586,0
0,0.403376242526725,1
0,0.26754028612655384,0
0,-0.30486786299340723,1
0,-0.5268531959871771,0
0,-0.2455014897355009,0
0,1.1487423498227427,0
0,-0.7320079329057144,0
0,-0.06280672314395548,0
0,0.18334221399842102,0
0,1.560350929874458,0
0,-0.30030825823631324,0
0,0.9588066560109609,0
0,1.2319794032650222,0
0,-0.06375426499064825,0
0,-0.2107189790767625,0
0,-0.3290536720482161,0
0,-0.25582313424258235,1
0,0.8542398605768328,0
0,0.2310099772555139,0
0,0.2352897091698694,0
0,-1.125223510379835,0
0,-0.9674900773752345,0
0,2.14344682477698,0
0,-0.1778257252886896,0
0,-0.7747719955783602,0
0,1.4310991655892973,0
0,0.2818085486835521,0
0,0.5781549168645216,0
0,-0.1380470752815336,0
0,-0.31867309057680415,1
0,-0.16958637249729036,0
0,-1.3827381702986268,0
0,-0.08792740941989748,0
0,0.29603307704261733,0
0,1.8504632338437539,0
0,0.0859990650052155,0
0,-2.334177042210305,0
0,-0.09398543278462142,0
0,2.739504133108306,0
0,0.8663662349850397,0
0,-0.8108889438085887,1
0,0.5911065144305567,0
0,-0.7420134248897403,0
0,-1.3538075195468575,0
0,-0.3483693632340722,0
0,0.09152643923886121,0
0,-1.8721555024333958,0
0,-1.1491592905386359,0
0,0.010335563182354726,0
0,-0.40817317598895414,0
0,0.39481127114609077,0
0,-1.2146683273085614,0
0,0.7141137485533007,0
0,-1.183759097060195,0
0,1.64273430193763,0
0,-1.7157582843783166,0
0,-1.0925542703834126,0
0,0.4173708030318292,0
0,1.6642332514976381,1
0,0.31504303611617074,0
0,0.5628579201823911,0
0,0.01753690167305848,0
0,-1.0263984541151934,1
0,-0.4901383482393793,0
0,-1.2119097199812767,0
0,-1.2787099677768716,0
0,0.40174891931974643,0
0,-1.1231779820879617,0
0,0.3195540067233614,0
0,-1.3018227522210977,0
0,0.29638302011675466,0
0,-0.4886825689629625,0
0,1.4066155336506445,1
0,0.32371889557906497,0
0,1.2357828929941415,0
0,-0.7556467164251925,0
0,0.056143340244167284,0
0,-0.9810871581162783,0
0,-0.4136052427444181,0
0,-0.2621042227446291,0
0,-0.7258582206871392,1
0,-1.215502858845695,0
0,-1.4135173236526528,0
0,-2.339748115707397,0
0,-1.0563464635034578,0
0,0.6274938966718445,0
0,-1.598498532013283,0
0,-1.368122846253305,1
0,1.790898571232915,1
0,-0.636496049848254,0
0,0.3210460091648358,1
0,0.6423171465004947,1
0,0.6625261297812802,0
0,-1.5223142306080597,0
0,-0.23105967989949022,0
0,-1.6182272695183921,0
0,2.4463178589103234,1
0,-1.5948752640156,0
0,-1.0478402188698202,0
0,-1.0406008548415047,0
0,-1.4966604767228804,1
0,1.3525939097565454,0
0,2.422447901083496,0
0,-0.4757491193126174,0
0,-1.32042314684441,1
0,-2.236925498726021,0
0,-0.24410871852210148,1
0,-0.31636542316144384,0
0,-0.6512961263601446,0
0,0.2213752539762284,0
0,0.3951731428154863,0
0,0.32308325793790066,0
0,-0.3161248719684872,0
0,-1.101621829574262,0
0,0.6658330978067158,0
0,0.012513759421530454,0
0,0.8883575248346502,0
0,0.7900755494722314,0
0,-1.4217620690471156,0
0,-1.4342222074576032,0
0,-0.7555407187405284,0
0,-1.056265408290668,0
0,0.7552517759761007,0
0,0.35130967598791774,0
0,1.0991839937853107,0
0,0.3964868174109183,0
0,0.20864958187336902,0
0,1.1997297803441704,0
0,0.4697273397350485,0
0,0.0681009634377188,0
0,1.4804530339306854,0
0,0.11518088315279006,0
0,-0.30434060491792164,0
0,-0.8378232587776496,1
0,0.7030254590454112,0
0,1.2370505418424689,0
0,-0.05058740143343007,1
0,1.3079156237798386,0
0,-1.970015031971576,0
0,-0.0554533748079148,0
0,-0.04009491210443619,0
0,-0.726994372407347,0
0,2.383861037981873,0
0,-0.06619263268876116,0
0,-0.4077307716044333,0
0,0.02596211343350502,0
0,-2.0028137385258296,0
0,-0.7598679253449151,0
0,0.9832399694454041,0
0,-0.6289453549327747,0
0,-0.8288751628002715,0
0,1.3095256365144003,0
0,1.340254400951829,0
0,0.5169904721611418,0
0,-0.4551173340386673,0
0,-0.23947106511632352,0
0,-0.804149961574959,0
0,-0.9947731190286448,0
0,-1.0444164883084324,0
0,-0.6180544067852075,0
0,-1.034720990684745,1
0,-1.563705118543149,0
0,0.21940266975390574,1
0,0.23459558089343707,1
0,1.7007927584283167,0
0,-0.6683383683547026,1
0,0.29610058962327057,0
0,0.31271257927480167,0
0,-0.2538375611255331,0
0,0.7443335887496761,0
0,0.7752291868507144,0
0,0.32741109519753997,0
0,-0.25563970504779554,0
0,-0.35753010855453504,0
0,-1.3677538987970592,0
0,-0.8059177786176916,0
0,-0.6220075239016879,0
0,-1.123971762429434,0
0,0.43992396668766426,0
0,1.19662786898701,0
0,-0.9080624323291501,0
0,0.28344143574463715,0
0,-1.0341111395297102,0
0,-0.30492217093916213,0
0,-0.6903295791777758,0
0,0.6018956486064415,0
0,-0.6787881738421783,0
0,1.0116604137066467,0
0,-0.24572077366219902,1
0,-0.6496037095948308,0
0,-1.253305262345163,0
0,0.2532045102953498,0
0,0.8952184022261802,0
0,0.2733212565368742,0
0,2.238831666414424,0
0,1.4297874524704182,0
0,-0.3075277647170156,0
0,-0.31802743380706927,0
0,0.4696967194853532,0
0,-0.8380191804256851,0
0,1.1662883065324867,0
0,0.3616005218435837,0
0,0.2564589108585328,0
0,0.6869536677708163,0
0,1.722829883369059,0
0,0.17095535218750518,0
0,-0.11304037087138435,0
0,1.5087196233225784,0
0,0.9675504159911353,0
0,-0.3209798403837223,0
0,0.005186448659020086,0
0,0.19538091593879858,0
0,0.36181294460498287,0
0,-1.356599850939114,0
0,-1.5424846078015602,0
0,-0.8873900220024538,0
0,-0.9647384430113423,0
0,-0.6438240139725026,0
0,0.6347106420900043,0
0,-0.16892915632473834,0
0,0.19639460501018827,0
0,-1.2243034100422616,0
0,-0.46164220292094515,0
0,0.5872576617448404,0
0,0.5949524581768018,0
0,-0.7245738281879079,0
0,0.1616623863795536,0
0,2.198847853482332,0
0,-0.017597929255638137,0
0,-0.6931869461424454,0
0,-0.17376238936216024,0
0,0.09217710752683304,0
0,-0.1511683806905494,0
0,-0.03135470067650179,0
0,-1.4434467969368396,0
0,-0.9626304750859512,0
0,-0.14933523707149754,0
0,-0.1652679700224367,0
0,-0.5661892748600006,0
0,-0.17701358607643694,0
0,0.06101485541420536,0
0,0.8894134565245253,0
0,-0.09921173522605088,0
0,0.3991032052982532,0
0,-0.541600301433921,0
0,0.5720957235984819,0
0,0.3757302976123567,0
0,0.8658170031798195,0
0,0.7134604624444878,0
0,0.5887356228811461,1
0,-0.09841740865778026,1
0,0.24493922704446816,0
0,1.0635089284515264,0
0,-0.6520745694027944,0
0,-0.6284077786968656,0
0,0.18143139795036198,0
0,0.41527969026545347,1
0,-0.8241064992640045,0
0,-0.07476256341330836,0
0,-0.09399877422878479,0
0,-2.2152801156034707,0
0,-0.21959398925875973,0
0,-0.1573178328484663,0
0,-0.16029294282301915,0
0,1.4159142745772682,1
0,-1.2157982985088753,0
0,-0.8246225712046127,0
0,-2.612195798319334,0
0,-0.4809166661741407,0
0,-0.39564355412600094,0
0,-0.5099771763342562,1
0,1.10767733948376,0
0,0.8606175223369632,0
0,0.07785672426730414,0
0,-0.37061305353986224,1
0,1.0261896681068639,0
0,-0.01975785983585163,0
0,-0.8182700389184578,0
0,-1.7162486774845516,0
0,-0.44131449389568267,0
0,0.7546436171726086,0
0,2.2765386895430897,0
0,0.06161034618947592,0
0,-0.7653555151203043,0
0,-1.184965208284214,0
0,0.5519548963055988,0
0,-1.7646160523842684,1
0,0.5503451014048882,1
0,0.8177116062629123,0
0,0.43627945323286405,0
0,-0.21966167193855743,1
0,0.5649406535468146,0
0,0.17093837112829996,0
0,-0.7781238418605918,0
0,1.8504123223750257,0
0,-0.3516793796105163,0
0,0.7757523004499094,0
0,-2.4186142826957147,0
0,1.276470882780929,0
0,1.4687637446545818,0
0,0.029833787126638218,1
0,0.5587710347377585,0
0,0.5585151816075627,0
0,-0.6427835696407243,0
0,0.5471223054393403,0
0,-0.8086304698725554,0
0,-0.6087569236453261,0
0,1.1269431432122987,0
0,0.9746576907002027,0
0,-0.7063755021157926,0
0,-0.7335763435010406,0
0,-0.6455966024576721,1
0,0.7326395664654908,0
0,-0.9999847808103971,0
0,0.3567126390359526,0
0,0.7468468106342946,0
0,-0.08824545029310012,0
0,1.0100636968649277,0
0,-0.30431016948979245,0
0,-0.2138556009939144,0
0,-0.9772462311318565,0
0,1.0171773476202053,0
0,-0.7665204469788703,0
0,0.3497718177150592,0
0,-0.07131606712593476,0
0,-1.0527830631116626,0
0,-0.6091031438233208,0
0,1.382872239040734,0
0,0.20165754263448052,1
0,-1.009150341366842,0
0,0.30532828734869183,0
0,-0.1461140315945451,0
0,3.4540464022441815,0
0,0.2851238413422724,0
0,-0.3806248470663645,1
0,1.4200279177871042,0
0,-1.8410361672928455,0
0,0.09432015638109745,0
0,1.9944284946810726,0
0,-0.11619928435975406,0
0,-1.7333010446480788,0
0,-0.39591796441059773,0
0,1.4545180409590368,0
0,0.37606959632077114,0
0,-0.8388561095125178,0
0,-0.685242807179024,0
0,-0.5597002711498134,0
0,0.36119788405399617,0
0,1.3381961329386531,0
0,1.052423012799171,0
0,0.45601218210912847,0
0,-1.3316447600574832,0
0,-1.3279325139934413,0
0,0.5332520212137634,0
0,-1.3454710979328943,0
0,-0.22556702106860427,0
0,0.304150446186177,0
0,-1.1375939953626888,0
0,-1.0242623343588635,0
0,-0.09412106456781866,0
0,0.5036502875240538,0
0,1.0615187704137568,0
0,0.6070534347705518,1
0,0.07365659499219453,0
0,-0.7461947535570493,1
0,-1.0709069958445192,0
0,-0.5108770883291476,0
0,0.40993558498056715,0
0,0.33662370662734287,0
0,-2.0999019857251224,0
0,-0.785677028267503,0
0,1.2045075516061559,0
0,0.07921504780413943,0
0,-1.417008913102986,0
0,2.3558211815981513,0
0,-0.028941732314764643,1
0,0.38433395931340797,0
0,0.3995247560451345,0
0,-0.36759546616018607,0
0,-0.7275736818213943,0
0,2.1216749850659404,0
0,1.0032058696177506,0
0,0.8219372011086765,0
0,0.5762891917182107,0
0,-1.0033173903616845,0
0,1.2775301917402737,0
0,-0.8431326580117493,0
0,0.2832867981506457,0
0,-1.6393899054645689,0
0,-2.0408588506475196,0
0,0.3182912026531147,0
0,-0.8090992671949081,0
0,-1.9891675712972732,0
0,0.5406095029470755,0
0,2.120080771050789,0
0,1.3895602585800617,0
0,-0.2573178852656725,0
0,0.00884530669694572,1
0,0.8877062567839132,0
0,1.1221280198349068,0
0,-0.3435357188256987,0
0,0.034177715724574294,0
0,0.30061480676453645,0
0,0.5538763202788318,0
0,-0.13307644201126692,1
0,-0.12008524506874427,0
0,1.3798323297543882,0
0,1.2095207024428862,0
0,0.4774105734360883,1
0,1.7191090700229286,0
0,-0.386445762226417,0
0,1.6229734486293805,0
0,0.5425154435355505,0
0,3.2710261222145895,0
0,-1.1924819267824778,0
0,-0.6893452522173416,0
0,0.4187978282005477,0
0,0.3972340529789919,0
0,1.9501389841750185,0
0,-0.6683746832995339,0
0,0.9049185186938843,0
0,1.1624630046819957,0
0,0.7046478322206475,0
0,-0.96099634192432,0
0,1.407758805254198,0
0,1.2293249313154138,0
0,0.5995845197903774,0
0,0.20434768720895413,0
0,0.22610801004437128,0
0,-0.07873579223937772,0
0,0.6407851342526418,0
0,0.031134852944977556,0
0,-0.8485249753526413,0
0,-1.048591644827592,0
0,-0.7520362536522921,0
0,0.22213224254945177,0
0,-0.026955836435207322,1
0,0.21534379328874922,0
0,0.500813133546111,0
0,-0.6273209259168789,0
0,1.4656601683453478,1
0,-0.2677108270474744,0
0,-0.433426984781509,0
0,0.4823862373324524,0
0,-1.8365102023750728,0
0,-0.7905344497229193,1
0,0.981072798691833,0
0,-1.7374219290621107,0
0,1.1175741969331559,1
0,1.5111365663591347,0
0,-0.36945533782374834,1
0,0.29181276742631007,0
0,1.1190870848510266,0
0,-0.4667891880435197,1
0,0.8677755205261815,1
0,-0.6711487951306716,0
0,-0.47760229333317933,0
0,-0.7993364643249737,0
0,0.3426471991948034,0
0,1.1579690525655495,1
0,-0.18411293211716429,0
0,-1.2712491599124032,1
0,-1.0827068222868157,0
0,0.3945994213705404,0
0,1.8441164133942693,0
0,0.39372499931439753,0
0,-0.38689655065125267,0
0,0.7661839668502841,0
0,-0.23949863558674636,1
0,-0.3782852173642064,0
0,-0.9584591056952636,0
0,1.4084488442463559,1
0,-2.5392079174956637,1
0,0.7978592002792693,0
0,-0.4637449377975369,0
0,-0.4103407314516127,0
0,1.6923151561178125,0
0,-0.7141310922000513,0
0,-0.6800691540284102,0
0,-0.13039423891953036,0
0,0.41384738581223823,0
0,-0.4418557822928694,0
0,-1.5738589305358854,0
0,-0.8656981808817654,0
0,1.2813338564645194,0
0,0.07477678913551145,0
0,0.45108728370382206,0
0,-0.2614212071730376,0
0,-0.6594976961732696,0
0,1.677569449875411,0
0,-0.18819185705108066,0
0,-0.44336987952712686,0
0,1.0961423663553396,0
0,-0.7223603588673853,0
0,-0.5947273437739967,0
0,0.010246684016898003,0
0,0.00027010408817970173,0
0,0.2596113479032144,0
0,2.091669089395488,1
0,0.33624824635237044,0
0,-2.3780539627508004,0
0,0.3262989434315609,0
0,0.03787999448959883,0
0,0.04345002435145766,1
0,0.2459473093961707,0
0,-0.028678287674799376,0
0,-0.052612093055389005,0
0,0.6130442097707861,0
0,-0.542080797194501,0
0,-0.9476863356391756,0
0,3.023781452622391,0
0,-0.7158574437812334,0
0,0.10014291246007646,0
0,-1.4956602508753674,0
0,0.11646841505142191,1
0,-0.9332255506893351,0
0,-0.44247294285001093,0
0,1.0450646657711238,0
0,0.47200956837807373,0
0,0.5684095245748191,0
0,-1.7712048383918628,0
0,1.8368951698290128,0
0,-1.191881310941875,0
0,1.528560814293865,0
0,1.0215438659814862,0
0,0.5773327417846801,0
0,-0.8549847809083815,0
0,0.15158984481952292,0
0,-0.4709214106448598,0
0,0.029039571505291815,0
0,-0.24987225908555988,0
0,-2.0386105065724083,0
0,1.121784150984588,0
0,-0.08110715654936117,1
0,-0.484800399502237,0
0,-0.5603272328297677,1
0,0.3584595763667682,0
0,-0.8937563382944722,0
0,-2.2551755584740434,0
0,0.40712980320827613,0
0,0.5191029979568217,0
0,-0.1996318246776329,0
0,-1.1479028751900089,0
0,0.08893554088928533,0
0,-1.4645323683135887,0
0,-1.0272305966876594,0
0,-0.7506979365041612,1
0,0.8439390708915561,0
0,-0.3626109504369171,0
0,-0.4478664117764606,0
0,1.9546925154112462,0
0,0.3524624971887139,1
0,0.33899451047482604,0
0,-0.3697007452087749,0
0,-0.5963716676367777,0
0,-2.1864064400171506,0
0,0.9687405319235582,0
0,0.44830970575637913,0
0,-0.17916599321341334,0
0,-0.13722670183625574,0
0,0.7361442622610551,0
0,-1.554710073079853,0
0,-0.5898813315538055,0
0,-1.1363028628925305,0
0,1.7715092824867462,0
0,0.8756555318533007,0
0,-2.2026926411353642,0
0,-1.5137616266399756,0
0,-0.1323456733574863,0
0,-0.4724402120724247,0
0,-1.3243822080768883,0
0,1.9447622376504894,0
0,0.3125399139825792,0
0,0.4748163228630915,0
0,-0.6920149492322138,0
0,0.7222741471780024,1
0,-0.3804327609820118,0
0,-0.2833431737074994,0
0,0.6110019598252598,0
0,-1.6289975650602997,0
0,1.5970278598509826,0
0,0.1823892147238758,0
0,1.2809442087804244,0
0,-1.0754197566188184,0
0,-0.9231651240281931,0
0,-1.1619002215998122,0
0,0.2502976726648389,0
0,0.06598330191824608,0
0,-0.4644118192311805,1
0,-1.0140691928852794,0
0,-1.2665962697308424,0
0,-0.04848390047065598,0
0,-0.4655867795886001,0
0,-0.6856069923582623,0
0,1.5470894861316096,0
0,-0.08232567819273391,1
0,1.2700429339269252,0
0,-0.5332521826826966,0
0,0.24477628379865687,0
0,-0.055476016256334894,0
0,-1.6976223095181227,0
0,1.4283383062639128,1
0,-0.13515360703241588,0
0,0.7464182196329605,0
0,-0.7520287224615594,0
0,-0.16484438157976464,0
0,-0.8668523599233547,0
0,1.2359984827633934,0
0,0.3114093474506757,1
0,0.36705352668088814,0
0,1.358184147104979,0
0,1.156341296899023,0
0,0.7653425361362853,0
0,-1.4217273470374627,0
0,-0.6956791195166836,0
0,-1.0038881360113527,0
0,0.7275336936257992,1
0,0.1706519417500514,0
0,-1.3905124336305947,0
0,-0.18874421301122754,1
0,-1.4941123357187784,1
0,-0.05315648806975988,0
0,-1.6553725039871847,0
0,0.5288274933846129,0
0,0.37796262603407355,0
0,1.9079484933468815,1
0,0.8478732894973424,0
0,-0.42291425582250275,1
0,0.818070093274486,1
0,-1.3976638809451785,0
0,-0.9624726036810854,0
0,0.33314253207511,1
0,-2.1582496627479273,0
0,-0.037160784933883036,0
0,-1.0202632921184207,0
0,0.10130705515326355,0
0,-1.0777363580472634,0
0,0.42424813745518875,0
0,0.01932742366738962,0
0,1.4003659168813305,0
0,0.006734534101622121,0
0,-0.7686428049614663,0
0,-0.2468858558272829,1
0,-1.3442363970167315,0
0,0.40613725470544,1
0,0.5898502463152723,1
0,2.469196036692818,0
0,-0.6218359906044048,0
0,-0.2677945736751827,0
0,-0.5757585244382156,0
0,0.21211370113122407,0
0,0.38169053447961365,0
0,-0.05337484442851077,0
0,1.0863259168730321,0
0,-0.6169795037547775,0
0,0.9861740478907121,0
0,0.5384978536410825,0
0,-0.012029919898946523,0
0,-0.31493664075714545,1
0,2.4266677587313694,0
0,-0.8170086507420794,0
0,0.29793317696841465,0
0,-0.7502190702421325,0
0,1.7856207486213058,0
0,0.8868263287992036,0
0,-0.6783498788411441,1
0,0.5125949934312284,0
0,0.2576957212765554,0
0,-0.5166247619747387,0
0,0.7581642172281733,0
0,0.38930539110441015,0
0,0.21569871388595227,0
0,-0.04191971124232876,0
0,0.43105449259965123,0
0,0.22938766149245945,0
0,0.05909333302501734,0
0,-0.6410159159875635,0
0,1.6937662407624925,0
0,-1.050419943348547,0
0,0.427636218879745,0
0,-0.3202407423014329,0
0,1.7595472694492997,0
0,-0.9034825372238406,0
0,-0.7352632617603321,0
0,-0.9698180632618253,0
0,0.3234650509506103,0
0,-1.3730506595686418,0
0,-0.47852849475776627,0
0,-2.152365822854285,1
0,0.24042135412809051,0
0,-0.5002148587562626,0
0,-1.488056743931853,0
0,1.0856094029740586,1
0,-1.3076668983849393,0
0,0.7969436900282153,1
0,-0.7010408239878044,0
0,1.601571377895426,0
0,0.7495505389261462,0
0,-1.0080478708740281,0
0,-0.9170825522103063,0
0,0.60552520522431,0
0,-0.2623781307101668,0
0,-0.16934250702136555,0
0,1.2722388617720979,0
0,-0.7486888733699565,0
0,0.09129377217545448,0
0,0.954627793652306,0
0,0.8091174883856003,0
0,-0.1596126675206725,0
0,-0.2889058808526582,0
0,-1.7388154625209316,0
0,-1.0562449926651958,0
0,0.3183592265747336,0
0,-0.1378821889422362,1
0,0.07492707856622638,0
0,1.0392536096340605,0
0,-1.1873231090622745,0
0,-0.23618030223264996,0
0,0.1887109634112177,0
0,-0.704159937574516,0
0,1.431477113927417,0
0,0.9085868016131475,0
0,0.2901333270887555,0
0,1.7942317793285865,0
0,-1.4988952796101422,0
0,-0.007726281105681772,0
0,0.36633696893406104,0
0,-0.9145550467939221,0
0,0.30071454181772833,0
0,-1.106582493787878,0
0,0.6905573182742532,1
0,1.0578347681289066,0
0,0.2723334011283283,0
0,-1.8527978150649458,0
0,-0.9667935211660346,0
0,0.5647100032131608,0
0,0.021198643512365802,0
0,-2.694002617692488,0
0,1.2428303838682404,1
0,0.13665650625383235,0
0,-0.819074664000045,0
0,0.9949555975666642,0
0,-0.6775400129068989,0
0,-0.6884521176042147,0
0,0.3583526510140362,0
0,1.7810384592422948,1
0,1.6235871779728863,0
0,0.35971149890410664,0
0,0.46238565885031974,0
0,0.791498932084825,0
0,-1.256983675369349,0
0,0.6441483371519825,0
0,-0.7340734681435281,1
0,0.3184780667965807,1
0,-0.22746762760733732,0
0,0.5012083271142144,0
0,0.1181034650064601,0
0,-3.0730302708212998,0
0,0.17889171170518062,0
0,0.6421529522992627,0
0,0.4459283483384537,0
0,-0.10258594620857964,1
0,1.642161691930406,0
0,0.3113731291216611,0
0,0.4376733001931063,0
0,1.0444918940505687,0
0,0.3625929996965988,0
0,-0.8980177534142035,0
0,-2.4383374137796223,0
0,-0.47712090201808144,0
0,0.7609455258811165,0
0,-0.35309633141780583,0
0,0.8011783722817295,0
0,0.148728175920273,0
0,1.2880660702621847,0
0,-0.2952167071206611,0
0,0.46761482656768805,0
0,0.5058850645353592,0
0,1.501601872631193,0
0,-1.706637306334278,0
0,-0.4584082745531576,1
0,0.8485161053885039,0
0,1.545896479778648,0
0,0.24007151264208035,0
0,-0.29270416442148695,0
0,0.7571183686744447,0
0,0.868702675231683,0
0,-0.3596616786673072,0
0,0.3303073121775462,0
0,1.1805272624119694,0
0,1.8904589932744518,1
0,0.7426049592352919,0
0,0.044138896665593126,0
0,-0.05407517603790821,0
0,0.5573965571936229,0
0,-0.11567284247945017,0
0,0.18964049902238825,0
0,-1.0578762645308748,0
0,1.297057196491159,0
0,-1.1401847271486785,0
0,-0.4321117604530126,0
0,0.09759326085181382,0
0,1.9909868798886388,0
0,-0.42268298485232736,0
0,-0.6660158139603963,0
0,-0.5508169173337938,0
0,1.6588971676113125,0
0,-2.8123469935060212,0
0,-1.002738012148587,0
0,2.7312887091595517,0
0,0.5908820734916369,0
0,-1.10598494933922,0
0,-0.04191798217477153,0
0,0.06745456606786167,0
0,0.8461252459056059,0
0,1.8395020028225635,0
0,0.38855168127921547,0
0,-0.5397883030129608,0
0,0.7870844420982043,0
0,-0.6982526968628611,0
0,-1.0333374959890294,0
0,-1.759908871956445,0
0,-1.5651283945004009,0
0,-0.8964451561242719,0
0,-1.177789767700871,0
0,0.31323652737471736,1
0,-1.1994018258240353,0
0,-3.143666302024744,0
0,-1.0439117745894657,0
0,-0.47185964772141936,0
0,-0.6054494878719654,0
0,1.5195246793091843,0
0,-0.6135425592891501,0
0,0.8809234631991979,0
0,-0.01898259968086171,0
0,-0.042304725672598735,0
0,-0.835380288848037,0
0,-0.058782651580767155,0
0,-0.7650961268974169,0
0,0.1700243142545705,0
0,-0.2362496326236882,0
0,-0.9446279331916002,0
0,0.9918943397005953,0
0,0.42684048002142533,0
0,-0.44806273414224823,0
0,0.14549304703531002,0
0,-0.08382252150196365,0
0,-0.8675909372632739,0
0,0.07049622902116384,0
0,-0.6210117548073745,0
0,-0.9449338356200992,0
0,-1.6227673302665249,0
0,-0.3586073535386307,0
0,0.5669706595837234,0
0,-0.6946593533788596,0
0,2.5207086921579696,0
0,0.8856856536527323,1
0,1.3043301326604781,1
0,0.7952430120737586,0
0,1.8528649749385728,0
0,-0.7870019834725421,0
0,-2.5607373856586215,0
0,-0.44612560835288306,1
0,0.5582185755475376,0
0,0.15151697174797846,0
0,0.2754726109677837,0
0,1.3209100026698724,0
0,0.3820575744624996,0
0,0.7989129275910215,0
0,-0.9395627418527589,0
0,-1.0953936892160367,0
0,1.6141139230244876,0
0,0.10090153514706786,0
0,-0.6232291834461349,1
0,-0.6213944935471182,0
0,-0.6491231216382576,0
0,-0.7089590210458417,1
0,-1.2831478026036598,0
0,-1.5004204022205085,0
0,-0.19500437765441916,0
0,-0.5929258703203995,0
0,1.1071592854432952,1
0,0.29307665326691656,0
0,0.2653176800779831,0
0,-0.7431204075544506,0
0,-0.1210284157799757,0
0,0.36100110363144033,0
0,0.7161957397126754,0
0,-0.09389182651836551,0
0,1.079123779324209,0
0,0.007989308907942713,1
0,0.7928471185176799,0
0,-0.4898522085891503,0
0,-1.8125883665686418,0
0,0.26835898801852265,0
0,0.7253240631466256,0
0,0.5753473318075695,0
0,0.42218666143744,0
0,-0.3485869659549873,0
0,-0.8067462514455923,0
0,0.5517282690437805,0
0,0.42644741619827503,0
0,-0.5608990908438263,0
0,1.1094241891920569,0
0,-0.8828655145476005,0
0,-0.5835233787910404,0
0,1.636425212341665,0
0,0.8685819377339127,0
0,-0.3580093058910226,0
0,0.2873807096435505,0
0,0.15479224452383833,0
0,-2.7456138649773782,0
0,-0.9064739494733817,0
0,-0.050846617109281525,0
0,-0.3566114765593062,1
0,0.24710256483042056,0
0,1.12948231294792,0
0,-0.32153578465392746,0
0,-1.0576547961228648,0
0,0.32485165851104525,0
0,-0.3266233335678035,0
0,-0.15606350082190265,0
0,-0.29177371915307865,0
0,2.2418378000109858,0
0,-2.240704260997945,0
0,-0.38833390313264615,0
0,-0.0036890256483920517,0
0,-0.7811424922827788,0
0,0.899825832128283,1
0,0.8132576787196394,0
0,-0.04775461848854061,0
0,-0.27067375534369414,0
0,-0.111956834231647,0
0,-0.10478665364781072,0
0,-0.07837302812576266,0
0,-0.1879991015167995,0
0,0.2524493145923928,1
0,0.7532120648278651,0
0,-1.2302601475985768,0
0,-1.050663899233149,0
0,-1.7485180294835236,0
0,0.8663974003575995,0
0,0.25032329319046315,0
0,0.5052675159327706,0
0,-1.4294982383634685,0
0,1.7849481228801383,0
0,-0.6088509081453577,0
0,0.16820580711125588,1
0,0.8543846606783719,0
0,-0.9869797557960719,0
0,-0.5463243585126668,0
0,0.17917177460087425,0
0,2.857473075464706,0
0,0.3011247428520243,0
0,1.6063611506307183,0
0,1.2056731451919556,1
0,0.36801003649451874,1
0,-0.9891957716306787,0
0,1.059753610818235,0
0,-1.498110341648047,1
0,1.600875123677092,1
0,0.2000053082182553,0
0,-2.650223547298176,0
0,-0.34050609503183893,0
0,0.6539478209229405,0
0,-0.2370238730397667,0
0,0.7150058109935733,0
0,-0.8500241677122955,0
0,-1.3059823727876074,0
0,-0.07144540304760538,0
0,0.031565667289914785,0
0,-0.3483843510623214,0
0,1.2272911466421925,0
0,-0.8502073751390576,0
0,0.31316560733234944,0
0,0.06796997116362523,0
0,-1.5567159521360834,0
0,-1.3190301836685123,0
0,0.011911016248631409,0
0,1.981199998686964,0
0,0.579269811898811,0
0,-1.7256348251446327,0
0,-3.1104880651193376,0
0,0.7330535930043798,0
0,-0.09621348292819902,0
0,1.1412659695103695,0
0,-0.8807179207114415,0
0,0.3502124978585262,1
0,0.8461734630278627,0
0,-0.44746363820648183,0
0,-0.4260855702310654,0
0,0.025262831098390486,0
0,0.5426763465603288,0
0,-0.014334004511910938,0
0,0.9739963377594865,0
0,-0.46193518926703,0
0,-1.3283952054631096,1
0,1.9769753681131799,1
0,-0.6046337365424463,0
0,-0.5684420837177473,0
0,-0.06580332107218435,0
0,0.06718110965398118,0
0,-0.38668364248828285,1
0,-0.01743389694900904,0
0,-0.03976223142817396,0
0,0.17481932702080696,0
0,-2.357487458987316,0
0,1.8808763070078494,0
0,-0.14728831353455754,0
0,0.5806226194469853,0
0,-1.3781013415340242,0
0,-0.4710002612492502,0
0,-0.6723158663204145,1
0,1.4697237645085452,0
0,-0.5858136068358828,0
0,0.7580799869400913,0
0,-0.6504204526731951,0
0,-0.45261893965394406,0
0,-0.24555016520068595,1
0,1.2838451268293003,0
0,-1.8898526590301186,0
0,-1.3156635552744327,0
0,-1.9473051656898168,0
0,-1.0875021197614503,0
0,-0.8116000511921072,0
0,-1.614481254090389,0
0,-0.734147746614669,0
0,-2.014714480933415,0
0,-1.0179887237676812,0
0,1.2004203999102006,0
0,0.40358807028110283,0
0,0.18746767217252772,0
0,-1.0027785562791145,0
0,-1.536084959044724,0
0,-1.1391560755342807,0
0,-0.043209826896014984,1
0,0.8681767797266683,0
0,0.9023674171353204,0
0,0.630612362483333,0
0,-0.7375568640679442,0
0,0.024549832403988035,0
0,-0.3213425300372459,1
0,-0.20118976349475026,0
0,2.037127896959813,0
0,-1.7620002370036125,1
0,-0.23467681592226086,0
0,1.2117489071961567,0
0,-1.4658914950335382,0
0,-0.6437474252662504,0
0,-0.5290384975676395,0
0,-0.2232897220539845,1
0,-1.5959571596062172,0
0,0.5952860603380394,0
0,0.6662872825131441,0
0,0.5083753250179477,0
0,-0.8703736742910814,0
0,0.08651079078729512,0
0,-0.8994402395690875,0
0,-0.3325966607715127,1
0,2.153467927170878,0
0,0.09569537759625597,0
0,-1.1875265759871734,0
0,0.18033534066391385,0
0,-1.3517959260633097,0
0,-1.1990103925150117,0
0,-1.041123135948791,0
0,-0.4443094521956835,0
0,0.9369689955892015,0
0,0.5783981980168391,0
0,0.5229953282473283,0
0,-1.0989245655905424,1
0,-0.5413143554356487,0
0,0.27200110688318835,0
0,-0.6283199853884129,1
0,-0.2783664403010984,0
0,0.4413586925299495,0
0,-0.348772681201302,0
0,0.22605958910202525,0
0,1.5927284560195685,0
0,-0.17185879898699755,0
0,1.1793378097192062,0
0,0.5593700673073582,1
0,-1.4672419934867666,0
0,-1.1021370292635242,0
0,-0.8335958830698964,0
0,-0.8548349169327834,0
0,-0.0902897461068142,0
0,0.6146440480818223,0
0,1.2551584167047227,0
0,0.30817508872508226,0
0,-0.4456795560532098,0
0,-2.0822412436298743,0
0,0.07058957541733794,0
0,0.025770193694991287,0
0,0.18292875353895768,0
0,2.1062402977033328,0
0,1.2405965461930721,0
0,0.7850609182499858,0
0,-0.9620771300715998,0
0,-0.5129947491967435,0
0,-0.09484460692850216,0
0,-0.7754071240103536,0
0,0.5004645249851181,0
0,0.35690884921570454,0
0,-1.0883077930546925,0
0,1.1968167090961244,0
0,0.1023103338088603,0
0,-1.7290711467422513,0
0,-0.051342858344969454,0
0,0.28120645592290483,0
0,0.9727923614357405,0
0,-0.3374764031266163,0
0,0.8279382674472072,0
0,0.1871419867702157,0
0,-1.3150546090375794,0
0,-1.4151667734825137,0
0,1.1225598701493487,0
0,1.195984178381769,0
0,0.32290923040472297,0
0,1.4957067211800286,0
0,1.0566098490416067,0
0,0.6836287294797211,0
0,-0.9113114887336718,0
0,1.7314287510323434,0
0,0.536301432208273,0
0,-0.38583877461162164,0
0,-0.668270005305298,0
0,0.2567837815138569,1
0,-1.6710590848384548,0
0,0.6996732753528626,0
0,-0.9535708146940268,0
0,0.37060810882428674,0
0,-0.5216203373581595,0
0,-0.26441871272470363,0
0,-0.7569098727650648,0
0,-0.16122943118080152,0
0,1.889379546017354,0
0,1.3850596270486406,1
0,0.3544789549954567,0
0,-0.025294265564952366,1
0,0.844201190692885,0
0,1.1299703941075565,0
0,-0.8298183822075292,0
0,-0.0774388676322022,0
0,-1.8219582295680803,0
0,1.123102110260895,0
0,2.0650242577008555,0
0,0.0800826246230855,0
0,-2.1250101249030164,0
0,0.6088905165770311,1
0,-0.9040891661490803,1
0,-0.66334944166446,0
0,0.6265763897910038,0
0,0.2545541255127244,1
0,-0.4881087753386017,0
0,-0.6496056326016644,0
0,0.12583605522083274,0
0,-0.4094655525123675,0
0,-1.1092371336030074,0
0,-0.33256318147836006,0
0,0.33959262325518413,0
0,-0.17810346681963335,0
0,-1.4135085982481852,0
0,0.9890646213755394,1
0,-2.7388114369433336,0
0,-0.4463651550284352,0
0,-0.6201984545539159,0
0,0.14817887787141484,0
0,0.5616618078027354,0
0,1.1267648082610353,0
0,-0.7124048733521602,0
0,0.5865823373334818,0
0,0.1958183878814611,0
0,-1.7115393751832233,0
0,1.9005402554341098,0
0,-1.4387751272401994,0
0,0.41949727230971495,0
0,0.3899599441977477,1
0,0.2756367823290771,0
0,-0.4945768821616075,0
0,0.8272526511405023,1
0,-1.5603674739430955,0
0,-0.06582878867392292,1
0,-0.5638746765524585,1
0,-0.6772979420670315,0
0,0.42874778745354575,0
0,1.0774785427196831,1
0,-0.34325576183686607,0
0,0.7806810899257774,0
0,0.04974066544459848,0
0,-0.8927322092380086,0
0,-0.25795209324106383,0
0,-0.2994858907916149,0
0,-0.6966599125054466,1
0,0.42848292865583376,1
0,0.23464618770475926,1
0,-1.590649698269418,0
0,-1.6515259952393577,0
0,0.4246844532057544,0
0,-0.8152864287945346,0
0,0.302041155100324,0
0,0.7809315781091883,0
0,-1.2709528374055592,0
0,-1.411537254576185,0
0,1.6744316823952952,1
0,0.351570782962459,0
0,-0.41924065667327093,0
0,-0.9339404526462636,0
0,-0.5104408489072796,0
0,-1.1905723361133103,0
0,0.8834121740905903,0
0,-0.7767511536063209,0
0,1.093534588216267,0
0,-0.40062891977001125,0
0,-1.0433501836173147,0
0,-0.4263015880138014,0
0,-2.624166777501417,0
0,-0.12076857667400692,0
0,-0.17011919113015858,0
0,0.8247427465479676,1
0,-1.8863049279833795,0
0,1.1618663608635478,0
0,0.820599294997656,0
0,1.2520435636986627,1
0,-0.05272137600413741,1
0,1.0138968341027554,0
0,-1.4712440349069051,0
0,0.713047565204533,0
0,-0.7711627620999453,0
0,-1.6514018324229363,0
0,-1.1241405181643607,1
0,0.005531138629270573,1
0,-0.8242992082176034,0
0,0.37607353169579993,0
0,-1.8082375550040173,0
0,-2.1270975436158617,0
0,1.372387434143576,0
0,0.9038001294014344,0
0,-1.0492968359138075,0
0,-0.002999643470539514,0
0,1.0195070602013239,0
0,0.41920060829060546,0
0,0.1482230961834784,0
0,1.095154081312597,1
0,-0.7307124752012204,0
0,0.0311784486646287,0
0,-0.017848638292391635,0
0,-0.27276204767104256,0
0,-0.3898055114207521,0
0,0.07286823782849074,1
0,0.03440749598552754,0
0,-1.0484276425345258,0
0,0.8017959099004475,1
0,-0.9763852077662583,0
0,-0.2182334445471739,0
0,-0.2952804727200515,0
0,0.35810361265921586,0
0,-2.119103940217333,0
0,0.8909098149294582,1
0,-0.6769903476121641,0
0,1.2199632947770542,0
0,-0.4781649245161544,0
0,-0.04884358573401051,0
0,1.9137860400684237,0
0,-0.27733820879366844,0
0,1.2388498846734588,1
0,0.03904508556456009,0
0,0.4154188302934896,0
0,0.0699585894113745,0
0,0.8478516263001241,0
0,-0.6855316128530513,0
0,-0.9840485230191854,0
0,-0.6385761903770217,0
0,0.09971037632409105,0
0,-0.22081878555032944,0
0,0.7102748764711765,0
0,1.30473169982152,0
0,-0.9758383372350086,0
0,-0.7339487916139326,0
0,-1.436239418312854,0
0,2.030372990759104,0
0,0.30466949912182684,0
0,0.47980232005157775,0
0,-1.3402083850310482,0
0,-0.0011699890068746332,0
0,0.5092479844130853,1
0,-0.252757690534425,0
0,1.0757056248263945,0
0,2.3118311256428297,0
0,-0.9470628270939518,0
0,-1.0220872459766968,0
0,-0.8777560655285767,0
0,1.6061991600164907,0
0,1.0423553170296844,0
0,-0.13552781779364848,0
0,0.03655966440087428,0
0,-0.8165436261967214,0
0,0.8900271577431841,0
0,-0.3799018241085537,0
0,-0.2600765394549993,0
0,0.6087897715292568,1
0,-0.18799493808322118,0
0,-0.2349659934978464,0
0,0.010575205529075074,0
0,0.7953554137930766,0
0,1.6464930754838332,0
0,0.585486232246082,0
0,0.803314223624267,0
0,-0.19985406210112439,0
0,-0.707797863168717,0
0,0.6539862322351151,0
0,0.17124082460057136,0
0,-1.4226286487497493,0
0,-0.32806962342559803,0
0,-0.08289702348155359,0
0,-0.5104578670284787,0
0,1.4817355945421273,0
0,0.47983903690221674,0
0,1.3731749178886479,0
0,0.26342526165215957,1
0,0.08138783642507771,0
0,-0.9365978176102492,0
0,0.01192953319656672,0
0,0.013053925675440194,0
0,-1.3671138840342332,1
0,-0.5395274697703949,0
0,-0.3232825985163624,0
0,0.41347954405572146,1
0,0.46135011198570613,0
0,-0.5813184819652049,0
0,0.46886960254188487,0
0,-0.182078929348517,0
0,-2.8696200248549566,0
0,-0.4847020319515423,0
0,1.0789886401423785,0
0,-1.6818057566276796,0
0,0.11269120041554022,0
0,1.585261214185287,1
0,-0.7606129530104807,0
0,0.002149080427685861,0
0,-1.3040162572279212,0
0,1.627231141663572,1
0,-0.08333262699661428,0
0,0.04662684279401815,0
0,1.3543004655056223,0
0,0.6614783946454811,0
0,-0.8756287324967398,0
0,-0.6472779240873159,0
0,0.49493130452329864,0
0,-0.62412105506294,0
0,-2.117243312120527,0
0,-0.05324079863907779,0
0,-1.4802126611248094,0
0,1.616281753563726,0
0,0.1767876377631527,0
0,-0.9051750567435755,1
0,-0.6986324146624537,0
0,-1.8893975878739204,0
0,-1.0994618867805037,0
0,1.0163232025406992,0
0,2.2317861454923915,0
0,0.7263965131989585,0
0,-0.09204253862102917,0
0,-0.4319593756539166,0
0,-0.9564958135763623,0
0,2.0597658993397405,0
0,-0.1887487018643749,0
0,2.1156298300625043,0
0,1.393519509610061,0
0,-1.7407964313462736,0
0,-0.6659523957592918,0
0,-0.6690451241738223,1
0,-0.07984636410573946,0
0,-0.060314253113753484,0
0,2.996239095398143,0
0,-1.0772278744747588,0
0,0.22896993566438997,0
0,0.6165077424678032,0
0,-0.0015720044691961827,0
0,0.11018057778135802,0
0,-1.0448088943065872,1
0,0.10648619460268177,0
0,0.5113989961743719,0
0,0.3276005842711286,0
0,0.5702009039120914,0
0,1.412607900636232,0
0,0.9369665419143417,0
0,0.07129461349743696,0
0,-1.171758351883278,0
0,-0.6000052747111194,0
0,-0.21963115191741533,0
0,0.25234583134144734,0
0,-0.4783327614993951,0
0,-0.9357331991843516,0
0,-1.188198689120337,0
0,-1.651177759055531,0
0,-0.23495070377456886,0
0,-1.469665442070305,0
0,-1.0005256841573922,0
0,-0.3939018728443025,0
0,-1.3359173093914338,0
0,0.37975218849869696,0
0,0.7402230636056872,0
0,-0.5494270197753985,0
0,-0.43702730761000175,0
0,0.5374297701390774,1
0,-0.713995097234679,1
0,-0.7827339115972951,0
0,1.1964984781862904,0
0,0.8841877387127871,0
0,0.6015500023439195,0
0,0.9256446213940929,0
0,-1.977278725367363,0
0,1.3538355467931074,0
0,0.3920621165837422,0
0,1.010781384005735,0
0,0.3871617791163626,0
0,0.048924824680156194,1
0,-0.2753092123620546,0
0,0.36714437688620544,0
0,-0.3117479089045521,0
0,0.8678761000651124,0
0,-1.5864566445522004,0
0,-0.5415758617942777,0
0,2.0448232484766464,1
0,-0.6260804635723924,0
0,-0.23868372306347801,0
0,-0.8825809333500763,0
0,0.3358456728858239,0
0,-0.7362648901421949,0
0,-0.1856109348070501,0
0,0.8488665360350706,0
0,-0.6987634188148159,1
0,0.7886111192652209,0
0,0.8222293155603565,0
0,1.0549560947192937,0
0,0.14054099491804029,0
0,3.2412590769767857,0
0,1.054533696542082,1
0,0.32487762440682655,0
0,-0.8759244140817352,0
0,-0.09705912587414098,0
0,1.426326976900034,0
0,1.7095346156262687,0
0,1.4783291004402292,0
0,0.7851923067296196,0
0,-1.255660206295572,0
0,0.4871618178256701,0
0,-1.2414023780529977,0
0,-1.4874711933807585,1
0,0.23915868457723857,0
0,0.5231994472697504,0
0,0.9033770984808047,0
0,0.49713624038609394,0
0,0.5315859857427483,0
0,-0.9846525849923764,1
0,-0.10497668468466637,0
0,-1.5071167856344878,1
0,-2.0033691294001956,0
0,0.7406427098430741,0
0,-0.7531243937909587,1
0,0.8724985021430535,0
0,1.1083475778800387,0
0,-0.6193173246231977,0
0,0.5903110945552991,0
0,-0.6611567286136416,0
0,-1.845878874626824,0
0,0.1233094044424584,0
0,-0.4708738797157607,0
0,-0.44008901058713173,0
0,1.9753431178455254,0
0,-1.5258569827326718,0
0,0.38287113537147105,1
0,-0.9948072371447515,0
0,0.9082614092673243,0
0,0.2984312361750658,0
0,0.3793443491806136,0
0,-0.9448896176022599,0
0,-0.7655879132883234,0
0,0.9272505073458861,0
0,1.7707977217275628,1
0,0.48030781722418714,1
0,-0.8974207207714328,0
0,0.33893852246206824,0
0,2.4274720443376094,0
0,0.1024228107189117,0
0,1.4618408593935994,1
0,-0.740329365838712,0
0,-0.04208605163638678,0
0,0.6195652061255426,0
0,0.3973283082628641,0
0,-0.7663886801111608,0
0,-0.8095174571305996,1
0,0.9882844031026585,0
0,1.191550812650145,0
0,1.51214355812192,0
0,1.8039304832528678,0
0,0.13461943632259646,0
0,-0.3111992442315934,0
0,1.3509909387784689,0
0,0.7130692818515867,0
0,-0.9824552586675914,0
0,-1.0336356655189114,0
0,0.4919302013563091,0
0,-0.17727466148399962,0
0,-0.02642995474069754,0
0,1.0725333647101947,0
0,0.7590371449850357,0
0,1.3298732484184317,0
0,-1.9315361063733665,1
0,0.2533979172212008,1
0,0.6946885223972068,0
0,-1.526585856687684,0
0,-0.6548956413099721,0
0,-0.840485162328919,0
0,0.021698171059916185,0
0,1.6278539686940638,0
0,2.0225894046649007,1
0,-0.8142875530732823,0
0,0.5265572504935742,0
0,0.5587978521423151,0
0,0.38762577151474775,0
0,0.39897963473923403,0
0,0.30374250245132806,0
0,1.6875701208064198,0
0,1.1024665143680576,1
0,-1.0601538975982672,0
0,0.7957210808805493,0
0,0.8923733745114522,0
0,0.3149672871517889,0
0,1.1314243705027294,0
0,0.18807403429903718,0
0,0.20046772107625074,0
0,0.1212405446770433,0
0,-2.018244085799669,0
0,-0.080398393905874,0
0,-0.6682505744545707,0
0,-1.1864479781925572,0
0,1.4340182847395226,0
0,0.5042075185344578,0
0,-0.029831080944547807,0
0,-0.5648033511024263,0
0,0.2961695846287402,0
0,0.9914360933175131,0
0,-0.8269658435469408,0
0,-0.0048283722766100075,0
0,0.8680664988511725,0
0,-1.93600112908413,0
0,-0.05756976240540404,0
0,-0.4292913705475386,0
0,-0.13382985775503398,0
0,-0.501628556371903,0
0,0.1376246052072956,0
0,1.923627220422718,0
0,-0.323922473928551,1
0,0.29171100909410663,0
0,1.9947464184091128,1
0,-0.5500155783725553,0
0,1.814675348928969,0
0,0.005323006627107235,0
0,1.7818962258649262,0
0,0.7502011249463191,0
0,0.3071083625824217,0
0,-0.06563068188658654,0
0,-0.6240414398792106,0
0,0.07579154996435276,0
0,0.8973614590200242,0
0,-0.013111430996670575,0
0,-0.3166228050618577,0
0,-0.2507825341777729,0
0,0.9924766135830533,0
0,1.2251614550998557,0
0,-0.6671505137683704,0
0,-0.6685878574474897,0
0,0.3793589196671123,0
0,1.5275320647572548,0
0,1.14599030831256,1
0,-1.2518522121799116,0
0,-0.2640759699918621,0
0,-0.9306035546895123,0
0,-0.26751252191525826,0
0,1.6044099960353544,1
0,-1.4226006487830172,0
0,-1.6188652932801901,0
0,-0.8285541534336024,0
0,0.2873106025759928,0
0,0.6207548206407568,0
0,0.4374484348615332,0
0,1.1756854032310164,0
0,-1.7630855942339292,0
0,1.188336538358937,0
0,-0.3120953200462915,0
0,0.7314943098048676,0
0,-1.3234254267632044,0
0,0.004956697009070176,0
0,0.23627077058901358,0
0,1.1557510374984181,0
0,-1.5852546226077653,0
0,0.03075254853490416,0
0,-1.085235291142143,0
0,0.5054960442082751,0
0,0.7772165364561262,0
0,1.2871702425080878,0
0,-0.5350294543083745,0
0,0.9272264856887904,0
0,1.3609015874770531,0
0,-1.6432469698554668,0
0,0.6123449200984505,0
0,0.958511253780106,0
0,-0.2587263863874374,0
0,-1.2107735775251085,0
0,0.9429557561096632,0
0,-1.1995088275577568,0
0,-0.17835143451090235,0
0,-0.040124057803329026,1
0,0.7155380517039994,0
0,-0.6266315595125326,0
0,-0.684583688827855,0
0,0.09891547876311091,0
0,1.0063904776197492,0
0,2.287450000653147,0
0,-1.5074811997787745,0
0,0.3153420177865781,0
0,-1.0865350262342919,0
0,1.0188112432067427,1
0,-0.938544547309233,0
0,-0.6746482181823238,0
0,-0.5892708590639962,0
0,-0.07619893871980389,0
0,0.32319759685870747,1
0,0.4837013936085136,0
0,-0.0057675461827832435,0
0,-1.3298910224405813,0
0,0.7277861503101892,0
0,-0.05295866366302793,0
0,1.1617347900146988,0
0,-0.7077387794799367,0
0,-1.6022747273509945,0
0,-0.03402600268307527,0
0,1.295952688284265,0
0,0.1609421366160508,0
0,-0.19966979917285654,0
0,-0.8703470176574332,0
0,1.7577664666808224,0
0,-1.0296025948847793,0
0,-0.72539425762824,0
0,0.5700341960840228,0
0,-1.8560206898867897,0
0,1.2745906653813397,0
0,0.6241931142173556,0
0,0.8992310718111097,0
0,0.5581170119496541,0
0,-0.16112351745637007,0
0,-1.063148710155423,0
0,-0.14007544122496063,0
0,-0.9752363117526348,0
0,0.4861553100763835,0
0,0.8067798305481017,1
0,1.4768086311982076,1
0,0.3717676405528632,0
0,0.9245753565951862,0
0,-0.2971447372301422,0
0,-0.47827713800819477,0
0,0.47367189081680144,0
0,-0.3864728727169088,0
0,0.2691857888276577,0
0,-1.061192189335421,0
0,-0.8816276824763011,0
0,0.6354093010182902,0
0,0.8866900754060961,0
0,-0.9856561689666805,0
0,0.6706143105064207,0
0,-0.5327356730352747,0
0,0.016505176200309918,0
0,1.416944415790647,0
0,0.8074872340229485,0
0,0.7958719880221928,0
0,1.9087903584569665,0
0,-0.7038793410497978,0
0,-0.9858749749925457,0
0,-0.7221222702285907,0
0,-0.25450105340661505,0
0,-2.3545506142918935,0
0,-0.20742823669681038,0
0,-0.5445707318949119,0
0,0.783759767397799,0
0,0.35241937901004006,0
0,-0.600696627769337,0
0,0.5899608453629039,0
0,0.7232630598237696,0
0,-0.7685457897914107,0
0,-0.49302425538241845,0
0,-2.2253631870979826,0
0,-1.0906599743692849,0
0,-0.7424695604235784,1
0,0.07416617660602177,0
0,-0.9453826793598152,1
0,-0.513451987049109,0
0,-1.225330681582599,0
0,0.17111389853127063,0
0,0.4257145945849076,0
0,0.40236534841982236,0
0,0.01236113190525933,0
0,-1.5410729965013943,0
0,-0.6199536638928509,0
0,-0.4073066723184845,0
0,-0.4032953129206253,0
0,0.07498121798983637,0
0,1.4255413723710189,0
0,0.8120962126845997,0
0,-0.9875177798486946,0
0,0.6784028752966336,0
0,0.6403023676657362,0
0,-0.8060674729515649,0
0,0.848865922635439,0
0,-0.16037663594526336,0
0,-1.4099534900144448,0
0,0.45520272463714184,0
0,0.2169618236145243,0
0,-0.22767762918582773,0
0,-0.03745308498329951,0
0,-0.719085478888462,1
0,0.6101305037971094,0
0,-0.04345063450892596,1
0,0.16644884394822793,0
0,0.3571419244288725,0
0,-1.154585614426325,0
0,-0.894283021882052,0
0,-2.2099444596162092,1
0,0.564742258490407,0
0,-1.2122100237467663,0
0,0.1325697098956523,0
0,0.3709882249395528,0
0,0.6023528388925202,0
0,-1.2040169138360592,1
0,-0.06516161814069105,0
0,1.670280420787749,0
0,1.7143146799843163,0
0,0.9873230940269508,0
0,0.3374931388188395,0
0,-1.0051063888453775,0
0,0.718621625391053,0
0,-0.15802122874684088,0
0,0.5605282752728444,0
0,-0.6328434548521167,0
0,-0.17293311283992888,1
0,0.16414736007642475,0
0,0.2462780914938584,0
0,0.4937227144602481,0
0,-0.5791949845248994,0
0,-1.3432844521102028,0
0,1.6247850398997947,0
0,2.489254169023358,1
0,0.44742071120237864,0
0,-1.3239920947301105,1
0,-0.7731951168428768,0
0,0.509117569050969,0
0,1.341115611681286,0
0,-1.2128906345418562,0
0,-0.12433282084890122,0
0,0.19593206444396905,0
0,0.8645784512858746,0
0,-0.34360109440037934,0
0,-1.5638146913219246,0
0,0.6211975594529023,0
0,1.124795965171238,0
0,-0.08259146174516069,0
0,0.40524009130643124,0
0,-0.47449122942707067,0
0,-0.8457727947258943,0
0,1.0264256805472187,0
0,0.38749584781446095,1
0,0.49036859940188254,0
0,1.502115147994613,0
0,-1.054842334318573,0
0,-0.5520262681594221,0
0,0.15793334883469554,0
0,-0.5643132377612419,0
0,0.7831365352724501,1
0,-0.18739922090398406,0
0,-0.9925328074971896,0
0,0.06577167518766158,0
0,0.17033877080678794,0
0,0.9346820628963304,0
0,0.39314090314742434,0
0,0.46114639135983565,0
0,0.3202916840072248,0
0,-0.18822252129193043,0
0,-0.7162191151112647,0
0,0.288838351659376,1
0,-0.33312476588364065,0
0,1.6898226204410154,0
0,1.3421822947732187,0
0,0.6328391323516083,0
0,0.3784669392929856,0
0,-0.08795905098117711,0
0,-1.261123731347135,0
0,-0.2161722233219656,0
0,0.10140003340525669,1
0,0.2294564744446623,1
0,0.4695363670158261,0
0,0.9213301978776851,0
0,-0.6921540716928671,0
0,-0.6830756072090113,0
0,1.4508566797431588,0
0,0.7709815891931486,0
0,-0.3907709421333212,0
0,-0.10721116895223676,0
0,-0.10271394667489854,0
0,0.03157412228138299,0
0,0.47268309223861316,0
0,2.534992746099831,0
0,0.18975656116265244,0
0,0.6625981504252507,0
0,-1.6864767061901427,0
0,-0.484899992778835,0
0,1.2288150027166052,0
0,0.40231539135661587,0
0,-4.389114584864837,0
0,0.6740232023161967,0
0,1.918164394628769,0
0,-1.9959075861197932,0
0,1.5193876756455122,0
0,-2.771955630625928,0
0,0.9379989450534133,0
0,-0.008648626012240201,0
0,-2.3499712152446164,0
0,0.4461378272397865,1
0,1.1508397491520586,0
0,0.36388700382157313,0
0,0.584827637059613,0
0,-0.41167611233906165,0
0,-1.861389755221022,0
0,0.6918640223370642,0
0,1.7497539194462957,0
0,1.129580854227459,0
0,-1.9878758296013461,0
0,-1.5148944072109338,0
0,-0.8459677417973405,0
0,-1.5929754512801433,0
0,0.044189919556039105,1
0,0.3934158051805228,0
0,-1.4302532832423676,0
0,0.7771284592755282,1
0,0.601103944020014,0
0,-0.5481591248437031,0
0,-0.17252198598398413,0
0,-1.9498011756530316,0
0,-0.3322621562870741,0
0,0.007384974130325764,0
0,0.16874759522818958,0
0,0.37887691202017393,0
0,0.24424174323057224,0
0,-0.26434369726567053,0
0,0.2861949425543167,0
0,1.002031993310248,0
0,-0.09549807330964437,0
0,0.31759489083167675,1
0,-0.18617106266411843,0
0,-0.6467589164795713,0
0,0.5228796669176042,0
0,-0.5552259441702052,0
0,0.38614690099219057,0
0,0.02825537151004551,0
0,-0.3039346765201432,0
0,-0.3281428321466607,0
0,-0.5081209924156869,0
0,-1.6458011720890138,0
0,0.38289509516169207,0
0,0.2315468252783205,0
0,0.8496702524484937,0
0,-0.5314569023067949,0
0,1.8953836254766674,0
0,-0.3797359478496331,0
0,-0.8751096421946959,0
0,-0.9936849198426648,0
0,-1.7339224032296623,0
0,1.5326278923931278,0
0,1.371067390768662,0
0,0.600745162884758,0
0,-0.8960888077757798,0
0,1.8112676815591198,0
0,-0.35171916152165594,0
0,-0.26902583122665236,0
0,1.437259080436076,1
0,0.6589105844808723,0
0,2.2011031387545934,1
0,0.24872226031901956,0
0,-0.3970307995787248,0
0,-0.6118048834597958,0
0,-1.846996177190627,0
0,-0.27859577280620446,0
0,1.1445933388273806,0
0,0.5988341726560692,0
0,0.020308006560405812,0
0,-0.9949344438163292,0
0,0.22687301801273724,0
0,1.0128137051953732,0
0,0.4307192564699845,0
0,0.16673516963335916,0
0,-0.796957653281206,0
0,0.8671818141120127,0
0,-3.131904818744181,0
0,0.382845708865145,0
0,2.5703219809445987,0
0,-1.508373387331847,0
0,-0.241369454701366,0
0,-0.00791099012472641,0
0,-0.4625828140565771,0
0,1.0363742425589795,0
0,0.472451014355301,0
0,0.1523003725473193,0
0,0.7972725611692801,0
0,0.0167507090717422,0
0,3.179864488823514,0
0,0.15134693365674112,0
0,0.19528209848970435,0
0,-1.7104680495732754,0
0,-0.5434503273034238,0
0,1.1473776817998096,0
0,-1.3354568503598725,0
0,-2.157557174301955,0
0,0.03231547118757482,0
0,1.370744507474978,0
0,0.042381228696125636,0
0,-0.3361246026263436,0
0,-1.85848793774098,0
0,0.45225412270219334,1
0,0.6612751088830449,0
0,-1.7817324991011003,0
0,1.1345324486972188,1
0,0.7656955258921091,0
0,1.1323159425473455,0
0,0.5835250918333419,0
0,0.6536827088113185,0
0,0.5207208987017389,0
0,0.8684723215011957,0
0,-1.8187577691239185,0
0,-1.5010594336215146,0
0,-0.7360079001897717,0
0,-0.12982017167255325,0
0,0.3881369233081794,0
0,0.32468165322885006,0
0,1.1171058114560313,0
0,1.148495298580351,0
0,-0.8723851082937929,0
0,0.23857611005047125,0
0,-0.8478315477218382,0
0,-0.18824703835356665,0
0,0.32179136904849476,0
0,-3.4087120764716907,0
0,2.4112440396396844,0
0,0.5664086773974751,0
0,-0.595703275413406,0
0,1.927369755230228,0
0,-0.3474311704861944,0
0,0.13251938582805775,1
0,-0.48711581039762725,0
0,1.6519918374433393,0
0,-0.10498470630588037,0
0,0.14948410073950924,0
0,1.2037821530254462,0
0,0.5851394574610765,0
0,-0.054348065134071935,0
0,1.110390972357463,0
0,2.538483229427952,0
0,0.3174104487994213,0
0,0.11676008787256639,0
0,0.17062708361908155,0
0,1.3104295008315177,0
0,-0.5991977350329224,0
0,-0.278317559711661,0
0,-1.5374429491266413,0
0,-1.1838678626399737,0
0,-0.5178000026979704,0
0,-0.05593699406042271,0
0,1.7690833257701195,0
0,0.5359928049252244,0
0,-0.9120785101897938,0
0,-0.7279804853641153,0
0,1.3747486832306544,1
0,1.1266103486291923,0
0,0.028149910224203063,0
0,-0.44252646553883224,1
0,1.1249328357046429,0
0,-0.9933271267246865,0
0,0.39203039805752304,0
0,2.2726589908933312,0
0,0.20535568225145748,0
0,-0.7756094792616043,0
0,0.4103687026715378,0
0,-0.4700087190153476,0
0,-1.3941158437534145,0
0,0.7010360268721068,0
0,1.1178344005497223,0
0,-0.31090667207257267,0
0,-0.37723567409627334,0
0,-0.9615653911218296,0
0,-0.1499356004675666,1
0,-0.5623683829231909,0
0,-1.0110326867032555,1
0,1.892168830399606,1
0,0.4664928167495073,0
0,0.5723951080293523,0
0,0.8833995689324271,0
0,0.7710362167598054,0
0,-0.4131099527967148,0
0,0.2725526229714672,0
0,-0.2690304842606603,0
0,0.43846362477666,0
0,0.3416908859581642,1
0,-0.3826602608642019,0
0,-1.3292987229217992,1
0,0.14623705696550768,0
0,-0.20426948780729892,0
0,-1.8903722477087583,0
0,0.5076617688887175,0
0,0.9653421122427754,1
0,2.5283564752089505,0
0,-0.39119750332066106,0
0,-0.5387118965490677,0
0,-1.1094210304392413,0
0,0.2086419064870071,1
0,0.2023181805583551,0
0,-0.8112963347867491,0
0,-0.1749298820038401,1
0,-1.9786656668893567,0
0,0.9263767478332465,0
0,-0.7706792596721668,0
0,-0.03465635141297929,0
0,-1.426693421297779,0
0,-0.5823535994615734,0
0,-0.2795911535175272,0
0,-0.011290846960830136,0
0,0.4797325155225118,0
0,1.4390750834862203,0
0,0.7327109427693562,0
0,0.9621645431462449,0
0,1.4461041099431382,0
0,0.5697078815226975,0
0,-0.03670719561899534,0
0,1.0091119062550553,0
0,1.0730092859616567,0
0,0.6485658379660353,0
0,-1.454627597036103,0
0,-0.8414601530946475,0
0,-0.274854104030484,0
0,0.7796210207358992,0
0,-0.021346419070559747,1
0,1.1368686334505633,1
0,1.3152366287442812,0
0,1.1991704686772062,1
0,1.2055405644802868,0
0,-1.0369939046587182,0
0,0.4826354994557758,0
0,-0.6075290409554163,0
0,-1.6490663313591984,0
0,-0.2874711320558362,0
0,1.3247369656272514,0
0,0.4607420101184635,0
0,2.017809371605892,0
0,0.17723014526811154,0
0,2.4478027535929074,0
0,0.17752122551705124,0
0,0.022480296153736364,0
0,-1.2793900879214963,0
0,1.1105627402927678,0
0,-0.5021251289404789,1
0,-0.647047639408727,0
0,1.281230563762572,0
0,1.1582226687959571,1
0,1.132051367210679,0
0,-0.36219113405498116,0
0,-0.05097586530525164,0
0,-0.059854397695851456,0
0,0.7825181806723981,0
0,1.55356466849423,0
0,0.36814655519840694,0
0,1.9748910853573585,0
0,0.8971944180330614,0
0,-0.23479939411441825,0
0,0.8287114061289749,0
0,1.7059402787087732,0
0,1.9982889833413344,0
0,1.1868913445990807,0
0,0.025674453657999224,0
0,-0.21669325405592046,0
0,0.5760695035613909,0
0,1.6739744952710462,0
0,0.4337691222144516,0
0,0.4545318718688109,0
0,0.05139785431709231,0
0,-0.3278910626312124,0
0,-0.1621345066439178,0
0,0.13542598524553,0
0,1.7180999962398222,0
0,-0.23971377853080178,0
0,0.05261207591138063,0
0,-0.8653776604065087,0
0,0.7166310664731552,0
0,1.3666791787182826,0
0,1.6244978459567558,0
0,0.20336452469571042,0
0,0.5743542832792355,0
0,-0.15355032217003803,0
0,0.5280186796945225,0
0,0.3139651524992144,0
0,0.05826438725148733,0
0,0.13775369227712947,0
0,0.45192228339364876,0
0,-0.29415243484556425,0
0,-0.2424967920780333,0
0,1.7073620136715535,0
0,2.710546768846383,0
0,-1.2043669485340438,0
0,-1.2594712043760588,0
0,-0.9571528278081498,0
0,-0.10328841503855507,0
0,0.895780511037257,1
0,0.591252942048272,0
0,0.17203113678046833,0
0,0.5289355469578989,0
0,-0.6920861566283695,0
0,-0.2441227717526189,0
0,-0.020094548375796818,0
0,-1.5842163388718526,0
0,-1.161310204722596,0
0,-1.121566061277659,0
0,0.7641082236837743,0
0,0.24535494857241638,0
0,0.611061200073943,0
0,-1.8396549898024643,0
0,-1.4835666860516032,0
0,0.6632154402564954,0
0,-2.778669641666051,0
0,1.2246293575998046,1
0,-1.82331714352279,0
0,0.8433448919249784,0
0,-0.8885846247569626,1
0,1.0489037151715825,0
0,3.208160913916495,0
0,-2.2731776301211255,0
0,0.6953771478606484,1
0,-1.8081627135937397,0
0,0.4267689222175041,0
0,-0.20677216355189393,0
0,0.1297823224618433,0
0,-0.911686276328237,0
0,0.7805411094965004,0
0,-1.448357837970381,0
0,1.2416372628987402,0
0,-0.40925030661018263,0
0,-1.4026906774030896,1
0,1.5949368233406982,0
0,-0.06734265280915312,0
0,1.9076359704420263,0
0,1.2213561293133421,0
0,-0.798145704786435,0
0,-0.0849898009367489,0
0,0.12103793966357433,0
0,1.5263031999864394,0
0,0.437517713367115,0
0,0.17629262109645927,0
0,-0.1998795870983077,0
0,-0.0505570358546391,0
0,1.3045920856783244,0
0,0.0037053507974743488,0
0,-0.3949972712981747,1
0,-0.5645071656136869,0
0,-0.553765153836162,0
0,-1.402095996042765,0
0,-0.750375308326479,0
0,1.498420275650323,0
0,-0.20659926056749658,0
0,0.7044116685560984,0
0,-2.4787565179008344,0
0,0.5683113089658791,0
0,-0.16135270436911373,0
0,-0.48144002289050875,0
0,0.18095995742113172,0
0,-0.4958252538120278,0
0,-2.123874919888356,0
0,0.9222479411719373,0
0,0.24301756134819305,0
0,-0.3139424547478518,1
0,-0.9661853720724374,0
0,-1.469857516107135,0
0,0.2238927070680576,0
0,1.613440960225359,1
0,0.2031664767410382,1
0,-1.382761606092826,0
0,0.22511672703840255,0
0,-0.053342962246727924,0
0,0.8640436260742304,0
0,0.6067331774117265,0
0,-2.9858225341099236,0
0,0.5452422044284568,0
0,-1.0034794095040838,0
0,-1.421728741448699,0
0,-0.18847341037356372,0
0,0.41097110903001155,0
0,-1.6407346102868243,0
0,0.7045764170575515,1
0,0.7633388475315999,0
0,0.046976196299497744,0
0,-0.8676236302270486,0
0,-0.979378004189292,0
0,1.0259321315802274,0
0,-1.5112226864959049,0
0,1.0644704608191784,0
0,-0.1651991591304367,0
0,-0.09583449964285712,0
0,-1.708087705413325,0
0,-0.1467166301285866,0
0,0.6135855160113759,0
0,-1.3364100878519811,0
0,0.4986358672518455,0
0,0.08901225367902267,0
0,-0.6437556138323068,0
0,0.8546730864913044,0
0,-2.202256768978556,0
0,0.346680748743709,0
0,1.6194351580732922,0
0,1.4399431391006616,1
0,0.3898067205385225,0
0,-0.3016807761308459,0
0,-0.6358025565476308,0
0,-0.30292579390564206,0
0,0.5438072479179061,0
0,-0.8072438054594162,0
0,0.757423818050381,0
0,2.133160518003324,0
0,-0.061883235127395034,0
0,-1.3443948032833053,0
0,-1.3447447463164128,1
0,0.7765655517115755,0
0,-0.05974617896044361,0
0,0.876830896064053,0
0,-0.5336342491593495,0
0,0.8306235475398316,0
0,-0.15829917344972547,0
0,-0.7325040553239491,0
0,-0.4009984788023845,0
0,-1.1970543554232365,0
0,1.9893595585816115,0
0,-0.09638181355848706,0
0,0.644514088682196,0
0,-0.5368691328707993,0
0,-1.0519278219798232,0
0,-0.23388051091793519,0
0,1.1011925333791985,0
0,-0.5207317913982836,0
0,-0.8705319727294154,0
0,0.1554642443691435,0
0,0.4990226007177441,0
0,1.642848168853183,0
0,0.35375047837249485,0
0,0.643992678531235,0
0,0.7192752369203216,0
0,-1.1530153819326303,0
0,-0.9633320704695443,0
0,-1.0838962896056503,0
0,-1.3321457556916456,0
0,0.7954598748704036,0
0,0.29005009166375534,0
0,0.07949606309144953,1
0,-2.5927165154022687,0
0,2.0554768586186185,0
0,-0.8942720041535557,0
0,2.0518127559389576,0
0,-1.449241480651316,0
0,-0.8124011585565369,1
0,-2.20284938250963,0
0,0.3621249759426975,0
0,-1.1012568208112323,0
0,-1.0730001540983543,0
0,-1.3725142171743974,0
0,0.777355062737863,0
0,0.7114636515675471,0
0,1.8120338910787854,0
0,-0.6857066210729733,0
0,0.21881937104680035,1
0,-1.2893351974019516,1
0,-0.33503902273531805,0
0,-0.5188453132811776,0
0,0.46444995749542084,0
0,1.017021806418191,0
0,0.9910666908314999,0
0,-0.8428122722176108,0
0,0.9984679046229995,0
0,-0.044085137107797066,0
0,-0.32459689589701496,0
0,-0.7085114868189184,0
0,-0.559935794361552,0
0,1.7423138461962333,0
0,0.30741076649402355,0
0,0.17461184750120493,0
0,-0.26224685853694674,0
0,2.4459786114380284,0
0,1.3050104888464247,0
0,-0.7210621147987927,0
0,-0.2736150547046242,0
0,-0.21424454337091037,1
0,0.14587197828259946,1
0,-0.7012259926314353,0
0,0.43881652336169663,0
0,1.4520881320393144,0
0,-1.3136281090041633,0
0,-1.128146737092067,0
0,-0.48315855529730695,0
0,-0.43679556010782966,0
0,1.9984658747459307,0
0,1.0017092200148388,0
0,0.9443223521182641,0
0,-0.2643656935134005,0
0,-0.2863134067868141,0
0,-1.4517054137653986,0
0,0.7817402280478173,0
0,0.49105460480878543,0
0,1.2859973646782836,0
0,-0.2108297133561673,0
0,-0.1417791462003969,0
0,0.17004552856063573,0
0,0.8918975755070955,0
0,-1.470215622097479,0
0,0.7360561337383746,0
0,-0.020495562172830533,0
0,-1.0586372679536964,0
0,-2.0846057526540664,0
0,-0.1364737118783534,0
0,1.44771298327407,0
0,1.674684666741395,0
0,0.3553762106700964,0
0,1.9620056638422476,0
0,-0.04294108295674488,0
0,0.9533035516427811,0
0,-0.45123088890642726,0
0,-0.5145988392841486,0
0,-0.6775091168806363,0
0,-2.0605289471243124,0
0,1.2870922599469117,0
0,-0.6416324391380163,0
0,-0.8014387797551964,0
0,-1.1799716816126755,0
0,-0.20435943653628302,0
0,1.7634923105597426,0
0,2.0937788508227175,0
0,-1.6608668758020833,0
0,-0.35444799597628235,0
0,-1.0343577700936986,0
0,0.9883377412115197,0
0,0.2865935472939267,0
0,-0.636569327379835,0
0,0.072573080591019,0
0,-0.4774186214077085,0
0,1.6142460943748966,0
0,0.5469595150160383,0
0,0.669823420916438,0
0,-2.6669174780328975,0
0,-0.06678867882881083,0
0,2.083210959059034,0
0,1.3261290700366843,0
0,-1.8470895859203031,0
0,-0.3134258326835941,0
0,-1.2015194659187214,0
0,1.7111015603628703,1
0,0.2442782822759085,0
0,-0.767795559731436,0
0,0.03415794354078901,0
0,-2.607365529068484,0
0,-1.0849613034565766,0
0,0.03644372582630957,0
0,0.8456753684533224,0
0,-1.9413141205973408,0
0,-0.38115530770242934,0
0,1.0096857385188218,0
0,-1.4514533243732721,0
0,0.2291828347841731,0
0,0.06597450310600346,0
0,1.7143803203566024,0
0,-0.23013619311163766,0
0,-0.17160059837507027,0
0,0.8549597531646885,0
0,-1.3263486680493446,0
0,-0.22088320655085864,0
0,-0.45572501084051054,0
0,-0.13891181270510022,0
0,0.848406448962838,0
0,0.5541614850821731,0
0,-0.7486823085286762,0
0,0.13669920332721244,0
0,1.4904416141005241,0
0,-0.8313656987973053,0
0,0.1451667803970126,0
0,-0.19316067693862857,0
0,-0.06300501583677695,0
0,-1.6306576222494007,0
0,1.4107628543122044,0
0,-0.7743519008881833,0
0,1.0260719701535328,1
0,-0.6213766080475112,0
0,-0.6255046518957602,0
0,1.2131232504654668,0
0,0.9938846034779243,0
0,0.20866589896398288,0
0,0.7611505498063198,0
0,-0.28855278025639997,0
0,-0.008367627718889919,0
0,-0.6616243924638191,0
0,0.9040649493002597,0
0,-0.6934133311673524,0
0,1.4851563449378529,0
0,-0.31583416831982436,0
0,0.020508564016334337,0
0,0.7587280206543343,0
0,0.023864421189582014,0
0,-0.2979083142853102,1
0,-0.03002344780847147,0
0,0.8938183535575839,0
0,-0.6628522221367055,0
0,-0.12623700727326478,1
0,0.010286727337475357,0
0,0.8645851955276563,0
0,-0.09984537387143656,0
0,1.808299094493722,0
0,-0.1565385777150951,0
0,-0.23768363840527992,0
0,-0.17103212161773174,0
0,-1.3166414286580101,0
0,-1.036726846758685,0
0,-0.5306668897390933,0
0,1.1358298488501297,0
0,-0.03312605936201012,0
0,-0.48464418961570654,0
0,1.2265347456065954,0
0,1.5511771328922608,0
0,1.2553824609077604,0
0,-0.8530899972351577,0
0,-0.49524862019365573,1
0,1.813736070314719,0
0,0.24113969200002205,0
0,-0.26762706489607857,1
0,0.7183479613308372,0
0,1.0072990673581124,0
0,-0.5714495709282644,0
0,0.21943995861993149,0
0,0.9265600692170585,0
0,-1.1602871459598532,1
0,0.012345457426139817,0
0,-1.1143896530507154,0
0,-0.9835804969268109,0
0,-0.5631000774803041,0
0,0.47711953787947037,0
0,-0.32202262863813463,0
0,-0.6484181249684061,0
0,0.051554563324959245,0
0,-1.1469627282664296,0
0,0.4288032178339101,0
0,1.13138676195831,1
0,-0.07920404098801156,0
0,-0.2026489933002083,0
0,0.3734403532155694,0
0,-2.028469418831545,0
0,0.5368174565978674,0
0,3.1018858037448633,0
0,-0.12267622111472039,0
0,-0.11912503371633071,0
0,0.7436070000996834,0
0,1.645332668197962,0
0,0.974967844434135,0
0,-2.1556068785835505,0
0,0.5633988376627469,0
0,2.5719301452416747,0
0,0.6224410467594651,0
0,-1.1546019132717495,0
0,0.281829624418614,0
0,-1.280687251341067,0
0,1.2328036892688596,0
0,-0.9558825880279255,0
0,0.07424363469202304,0
0,-0.8577800019918477,0
0,-0.546448057547991,0
0,1.486150645860495,0
0,0.1034571648936973,0
0,-0.5592024737257201,0
0,-1.1452279708867228,1
0,-1.8717014863994363,0
0,-1.2512806335226867,0
0,0.11195924144437792,0
0,0.9802337687226637,0
0,-0.5603514924222011,0
0,1.5705436007190146,0
0,-0.7175004222282269,0
0,-0.2380117228798793,0
0,-1.079576720337252,0
0,0.9907617345678559,0
0,2.097510614044568,1
0,-1.7618169609361978,0
0,-0.3461620686346983,0
0,1.264779847050035,0
0,-1.4469455214256013,0
0,0.5666839069710864,1
0,1.2214722002075706,0
0,0.07822881435683716,0
0,0.5502630709401326,1
0,1.7609023861276074,0
0,1.9484265541011465,0
0,-0.06196721303448301,0
0,-0.5323778492992332,0
0,-0.9199801110736965,0
0,0.9769641504287125,0
0,-1.3717755577909683,1
0,-0.25257403799120237,1
0,0.10268977095446595,0
0,-0.5030025127187545,0
0,0.2798202650191239,0
0,2.564513318292758,1
0,-0.12159859034654243,0
0,-0.43540562742738964,0
0,1.0153318243818528,0
0,0.23958364414552194,0
0,1.4393357712113763,0
0,0.1646876198197184,0
0,-0.2484232079710333,0
0,-1.7837248880945553,0
0,-1.61973469381174,0
0,-1.8356986904271027,0
0,0.37933916628423964,0
0,-1.3622494798674596,0
0,1.255577365919383,0
0,0.030246564855953728,0
0,-0.24418691910166884,1
0,-0.8438550752043381,1
0,0.6222587482702062,0
0,-0.8044978195424114,1
0,-0.9853780040698807,0
0,1.1883499206053487,0
0,0.3546211607750226,0
0,-0.23492942824827223,0
0,0.6414329847337166,0
0,0.008931873110698613,0
0,0.38301315045168366,0
0,-0.816847902375455,0
0,2.0703986089106223,0
0,-0.579619967676225,0
0,1.5560163269499772,0
0,-0.18886884930447648,0
0,0.8070971156549623,0
0,0.7342234990261364,0
0,1.1468517551500457,0
0,-0.8406237071641448,1
0,1.075635401278862,0
0,1.8464398509114404,0
0,-0.2586929792418571,1
0,0.034706067142122404,0
0,-0.5234466424801542,0
0,-0.34643625218509994,0
0,1.7114227989324904,0
0,-1.0042345261302041,0
0,-0.942118821850772,0
0,1.610900936414377,0
0,0.6245484258883623,0
0,2.1203702490425242,0
0,-0.45043863782585325,0
0,0.12628113723756937,0
0,-0.6606769437718044,0
0,0.14330116864769596,0
0,-1.7740966972843037,0
0,0.6849545566550082,0
0,0.3234740834923381,0
0,-0.057554662465918886,0
0,-0.39036432459966475,0
0,-0.8947539873680995,0
0,0.7277129120327611,0
0,-1.1710899857034065,0
0,0.5118959120492431,0
0,2.0744513948094574,0
0,1.4855214886442982,0
0,-1.5051279426706532,1
0,-0.5367380603433028,0
0,0.4214507405553377,0
0,-0.07028192201435018,0
0,-1.399405718282421,0
0,0.3853159514734912,0
0,-0.010016895116299348,0
0,1.9143254086037818,0
0,-0.2532287026174467,0
0,1.168003385326591,0
0,-1.2670884031299756,0
0,-1.0280092978965083,0
0,0.72166195980949,1
0,1.0837307806073746,0
0,-0.9573927260743923,0
0,0.02407740648391172,0
0,-1.3815791735290779,0
0,-0.1812198263054794,0
0,0.8369227856241259,1
0,-0.4349584991361448,0
0,-0.2490347059438028,0
0,-1.1297953982960518,0
0,-0.6483584136249257,0
0,1.7581109162143385,1
0,0.07292489171713287,0
0,-1.0023077666505982,1
0,-0.3147719499179916,0
0,-1.5974276211665621,0
0,-1.0141596921402123,0
0,1.3603397390464533,0
0,-0.14248242438660505,0
0,1.890730176101206,0
0,-0.09534783849605591,0
0,-0.035978696191495935,0
0,0.6408941585421234,0
0,-2.672587582219401,0
0,0.20493932365357484,0
0,-0.04898648806095168,0
0,1.4860388935151474,0
0,0.9646793941636173,0
0,-1.1336916855468007,0
0,1.2421386186275805,0
0,-0.26231452558099516,0
0,-0.9044532262960451,0
0,0.1971032508712023,0
0,-0.2027693556638182,0
0,1.5384653140285238,0
0,0.3406220284912099,0
0,0.2056589208860058,1
0,0.9006470828554398,0
0,1.092871618092712,0
0,0.7836050942972992,0
0,1.4194634728149536,0
0,0.6086824129137884,0
0,0.1676514647267018,0
0,1.2391720620880293,1
0,-0.09089614008213873,0
0,0.033246516344661574,0
0,1.7215769172969146,0
0,1.6219241279552312,0
0,-0.008175806923322827,0
0,-0.45355157730561674,0
0,1.4631735002084985,0
0,0.8004183579152141,0
0,0.315581254197363,0
0,-0.32187271018994457,0
0,0.3316965787145939,0
0,-0.02170845988770261,0
0,-0.6643381795729958,0
0,0.12904232858723516,0
0,0.2654240456396075,0
0,-0.375395066920231,0
0,0.9038256886095176,0
0,1.288832392310989,0
0,0.9698976936554127,1
0,-0.27624838521399475,0
0,0.7558215041883719,0
0,0.07796139746004017,0
0,-1.2357459785659517,0
0,0.6727293784977457,0
0,0.14613164095694817,0
0,2.5935480020693076,0
0,1.45727086327856,0
0,0.7111501569345241,0
0,0.24917050128817964,0
0,0.16372225505801816,0
0,-1.0036894036331077,0
0,-1.7389872271999107,0
0,-0.8725591090815651,0
0,-0.047717018170430385,1
0,-2.105539278208984,0
0,-0.5443217922727491,0
0,-0.24761303312442595,0
0,-0.21542655348545797,0
0,-0.6617235981881447,0
0,-0.3415138143814004,0
0,1.7238938281238618,0
0,0.662145281490603,0
0,-0.5603007768981497,0
0,-0.06834778836196333,0
0,-0.0283133356522669,0
0,-0.7679554337401511,1
0,-0.7691302177438546,0
0,1.010524020326713,0
0,-0.419784377516816,0
0,-1.0946963870308715,0
0,-0.04314034406944269,0
0,0.1180097531291236,1
0,-1.9727042241938353,0
0,-0.04074635781719302,0
0,0.8679799343482604,0
0,0.45122938552183306,0
0,2.229795115194971,0
0,1.251109482312179,0
0,1.4489340247508535,0
0,2.8000859359143266,0
0,0.7581562617745978,0
0,0.16307020793270105,0
0,0.973740293431332,0
0,-0.5592364333949937,1
0,0.10768631949496932,0
0,-0.6477276430783137,0
0,0.39798455756288165,0
0,-0.6519090880198202,0
0,-0.6869284998617177,0
0,0.4134732931055044,0
0,-0.13771144078056718,1
0,-1.927521135716747,0
0,-1.4555569213120896,0
0,-1.1472664914614634,0
0,-0.8829719061139744,0
0,0.4144233294786382,0
0,0.21893884707163588,0
0,1.065279371699199,0
0,0.7528018229417711,0
0,1.0719029561826579,0
0,0.6083961914591229,0
0,0.20967930909148969,0
0,1.0993517422876555,0
0,0.9194127917400996,0
0,0.3760953675539912,0
0,1.2710718708601423,0
0,-2.3457882425033967,0
0,-0.29046317414044986,0
0,-0.305790465651731,0
0,1.1526828774815703,0
0,1.5713949969507695,0
0,-1.4501793702102626,0
0,1.411167174149276,0
0,-1.171445186026269,0
0,-1.1412152455608227,0
0,-0.2342857023273647,0
0,-0.3182064721325846,0
0,-1.5584172797168765,0
0,0.6498779734925669,0
0,0.6794024247266021,0
0,1.0540415961636707,0
0,-0.43345532977786516,0
0,-0.039582714972448675,0
0,-0.030427164902642686,0
0,1.6879954414684644,0
0,-2.834244782633218,0
0,-0.9569443489891034,0
0,0.005540842791797656,0
0,-1.085570234915503,0
0,-0.2583203572711174,0
0,-0.12607553636990937,0
0,-0.6576861087924688,0
0,0.06446892610267248,0
0,0.6281492777578134,0
0,-0.23626644503100197,0
0,-0.45319473396873566,0
0,-0.16576491665387216,0
0,-0.007436346645589392,0
0,-1.740319565334422,0
0,0.46155391796127865,0
0,-0.4510012294467944,0
0,1.2615350748110512,1
0,0.5910534756424747,1
0,1.1700664042196551,0
0,-1.0110037937149083,0
0,-0.37138664118742654,0
0,-1.2424584874574092,0
0,-0.7051912089293261,0
0,1.2521054245085916,0
0,1.4874905779224952,0
0,-1.1481332948044598,0
0,-0.45827766831728356,0
0,-0.07619567202394918,0
0,0.5856056418097813,0
0,-1.7598102635364925,0
0,-1.6030000815284384,0
0,0.4896261438724024,0
0,-1.9490385689179244,0
0,-0.44679740613887026,0
0,0.16209180855884073,0
0,0.4156659699331173,0
0,-0.14171809554383202,0
0,-0.3657567190475306,0
0,0.8445708597164794,0
0,0.28520592636575753,0
0,-0.6470166219514599,0
0,0.037722896682238334,0
0,0.3831690226561928,0
0,1.7182372414513813,1
0,0.7863236682915793,0
0,1.2145568559539437,0
0,-0.61060739629963,0
0,-0.5241829062550026,1
0,-0.2353799928129901,1
0,-0.143572646638164,0
0,-1.0080249578028904,0
0,1.2659336265568182,0
0,0.883351637758792,0
0,-0.3056778613015072,0
0,0.6417106490138536,0
0,0.2228991630038379,0
0,0.7198279809313747,0
0,-1.34430712352563,0
0,-0.14566107319743485,0
0,-0.05803852790579535,0
0,0.6236420996116513,0
0,-0.6284376011821333,0
0,-2.4999307240823962,0
0,-1.0816997176829206,0
0,-0.06104798571090735,0
0,0.06388422550333159,0
0,1.6837481226249844,0
0,0.582746440658099,0
0,0.08153027923148934,0
0,-0.032391276781437675,0
0,1.104183382169693,0
0,-0.5901104521574382,0
0,-0.14028378774059883,0
0,-1.0892581201383016,0
0,1.418906048695304,0
0,0.3924989370016137,0
0,-0.7075232960039459,0
0,-0.11445501031830795,0
0,0.5096507632062802,0
0,-0.2507189127222754,0
0,-0.5344706217126008,0
0,-0.6542736859843314,0
0,0.3389618992411148,0
0,-0.3580542792106851,0
0,-0.45375773476274617,0
0,-1.3360617550554057,0
0,0.07764057652716963,0
0,-0.1812234387919082,0
0,-0.3216483486419647,0
0,0.19877067748871843,0
0,0.7480022627358979,0
0,0.7015654719404685,0
0,0.5527285008997627,0
0,-0.24067027863572127,0
0,-0.5669983359412419,0
0,-1.0439156413224373,0
0,-0.593156507338082,1
0,0.019650095136569568,0
0,-0.7862861216524827,1
0,0.09605713911744292,0
0,-0.9654566779118643,0
0,-1.660991889007022,1
0,0.819406120864795,0
0,-0.47441459536584457,0
0,-0.8370336532238911,0
0,-1.0938471412974384,0
0,0.42303597473040044,0
0,1.3749077114679673,0
0,-0.4030738610061444,0
0,-0.21556337466258174,0
0,1.0716318398890723,0
0,-1.8104457043583122,0
0,1.966868642912667,0
0,2.4441003023263694,0
0,-2.706337529420083,0
0,-0.097503228916757,0
0,-0.7189470318695635,0
0,-0.26477177090473386,0
0,-0.4183850696159234,0
0,0.8117590984793583,0
0,-0.1125699069679908,1
0,-0.9109072141999566,0
0,-0.17218516129512423,1
0,0.5147842369624097,0
0,-1.1837213277652818,0
0,-1.6462336889699805,0
0,1.99274280083532,0
0,-0.6424266797084363,0
0,-0.13735298691952277,0
0,-0.39779540582557266,0
0,0.548087704082142,0
0,1.7727899230910438,1
0,0.5799338417292843,0
0,-1.518365147539991,0
0,-1.3841234270085299,1
0,-0.3989647753269165,0
0,-0.2682331995332666,1
0,-1.7219512695466006,0
0,0.8193409201744406,0
0,-1.0863205578814785,0
0,1.4933015621257555,1
0,1.8206325972057207,0
0,-0.24825353263217734,0
0,0.4389726404181848,0
0,-1.2319472220842016,0
0,0.6236763264791144,0
0,-0.49819242343437004,0
0,-1.0872353215883535,0
0,-0.2893349882529842,0
0,-0.46574800840536296,0
0,-0.32515940300375434,0
0,0.949679902816359,0
0,-0.7853075926357327,0
0,1.735022999773876,0
0,-1.3250596328253537,0
0,1.6154302731785954,0
0,-1.0165106219066937,0
0,-0.0010132325366156636,0
0,-0.4901961134780198,0
0,-0.34372867153785464,0
0,0.8013572363555488,0
0,1.4998267972288106,0
0,1.190524704955642,0
0,-0.40485633234184776,0
0,0.18425522240455336,0
0,-0.7820778736683621,0
0,-0.9915503125746948,0
0,-1.1463009057286688,0
0,-0.4375733069841293,0
0,0.24960563101494201,0
0,-1.9118151597515047,0
0,-0.046353702580765745,0
0,1.5160251245495246,0
0,1.1219110690741252,0
0,-0.5851840765266658,0
0,-1.396872909282786,0
0,0.4598303064648266,0
0,-2.3174282502075,0
0,1.1101541158826773,0
0,-0.2135874578832405,0
0,1.8313003205774008,1
0,-1.7269654855764658,0
0,0.9181462252078333,0
0,-0.10050883681419848,0
0,-0.33105053147208047,0
0,-1.3698434652121445,0
0,0.5957479067117164,0
0,0.6761373847768578,0
0,1.7851278019658896,0
0,1.0080502628605923,0
0,-0.593895328955735,1
0,-1.0038625836175148,0
0,-1.3684914335223863,0
0,1.4732243456394702,0
0,-0.778174284277866,0
0,1.4802298689713072,0
0,0.5250720408620666,0
0,0.3299028815939605,1
0,-0.3068683125602983,0
0,0.6606729130022508,0
0,-0.015470762836802118,0
0,-0.36921329146881043,0
0,0.6960047866482002,0
0,-0.14397210922113055,0
0,-0.7983347787388269,0
0,0.5998267754606512,0
0,-0.06398565562856524,0
0,0.4889100117578045,0
0,-0.45385985835418646,1
0,-1.209121304680956,0
0,1.7350739625142755,0
0,1.5466114107635742,0
0,0.8837849612619612,0
0,-0.3878106853742732,0
0,-0.3003179731610725,0
0,1.3823274458964647,0
0,-0.3538300375674132,0
0,-0.6325560363472975,0
0,1.8722346756364532,0
0,-0.04767768161387231,0
0,1.7684253285138456,0
0,-1.398391910690002,0
0,0.5181848827845018,0
0,2.071082599216615,0
0,0.029750744658861888,0
0,-0.2640044922677962,0
0,-1.1677519175984197,0
0,1.0823430544352473,1
0,-0.7701280826406874,0
0,-0.09480855938998854,1
0,-1.2345022797926115,0
0,1.5568946000974326,0
0,1.1548853107256827,0
0,-0.031584749213130925,0
0,-1.154148935586928,0
0,1.535907049242632,0
0,-0.36593172704714716,0
0,-1.1052048408175186,0
0,-1.762118012472544,0
0,-0.6459651318937749,0
0,-1.4546381225299396,0
0,-0.6228208365228246,0
0,0.7444087336977152,0
0,-0.3754001639752333,0
0,0.3556933821137109,0
0,-0.7233346595322319,0
0,0.06516906636423135,0
0,1.920900822086021,0
0,-0.3484860780268965,0
0,0.38442943761965875,1
0,-1.5655272274684384,0
0,1.5201061224168706,0
0,-0.47720662894486526,0
0,1.050533649906501,0
0,-0.12318029575890527,0
0,0.6115793650208063,0
0,0.6710124272110006,0
0,-0.452440339512717,1
0,1.091906435761852,0
0,-0.7589848639930996,0
0,0.7779342200275429,0
0,-0.390205294166531,0
0,0.3495579486320601,0
0,-0.46199300235426094,0
0,0.04997597470659558,1
0,-1.074693701691767,0
0,0.24755698468879414,0
0,0.044187834959585996,1
0,-0.5401535540724726,0
0,-0.05502796639029617,1
0,0.1340044761679099,0
0,-0.6163570532651123,1
0,-0.12875857572966917,0
0,-1.005551940894921,0
0,2.3457330389610074,0
0,1.059118660208185,0
0,0.2730941056315511,0
0,1.172112927476695,0
0,-1.9792524766837778,0
0,-2.557679737834006,0
0,-0.3992910617499062,0
0,-1.378564143602109,0
0,-0.23660552444832925,0
0,0.20565664059489883,0
0,0.9204144983406113,0
0,-1.1382639842752136,0
0,0.3996306861600717,0
0,0.014389693152232522,0
0,0.34750930993308465,0
0,-0.5197719507535998,0
0,1.38313513986212,0
0,-0.10350864842972622,0
0,1.7741822235037688,0
0,-0.7903886536822237,0
0,0.7428273399555535,0
0,-0.05966848056052859,0
0,-0.32774241666676374,0
0,0.6323153404675466,0
0,-0.29917347918958953,0
0,-2.661965337157328,0
0,-3.0628681231743076,0
0,1.272422160284049,0
0,1.2302584578796958,0
0,1.8873409462559467,0
0,-0.017528248282177424,0
0,-1.2926348019978913,0
0,-0.41958384265100146,0
0,0.011424515361312802,0
0,-1.0070382242851093,0
0,1.6485747229738668,0
0,2.239502879643737,0
0,0.47828070073017764,0
0,-0.010863746698195903,0
0,-1.2949669784744322,0
0,1.5464338961560513,0
0,0.07630681084904649,0
0,-0.28916439841061226,0
0,0.48117408867453765,0
0,-0.5857115289891855,0
0,0.14687517312181853,0
0,-1.44246685084566,0
0,1.087087189252434,0
0,-0.1044110411356732,0
0,1.1588008606340119,0
0,-0.2011361778416194,0
0,-0.13619970878397838,0
0,-1.2123174282919575,0
0,0.7597569730181432,0
0,-0.8758399540230916,0
0,-0.4864223731992286,0
0,0.001047186082536809,0
0,0.12122418368935654,1
0,-1.706096940217759,0
0,-0.23080586548801652,0
0,0.7952302186437133,0
0,-0.3783380345239026,0
0,-0.2247317542133216,0
0,0.16240605084272658,0
0,-0.12596043254699904,0
0,-1.0305155023876045,0
0,-0.03634612366690454,0
0,0.9940731700058961,0
0,-1.0511759472670905,0
0,-0.374481889485818,0
0,-1.3816313239350773,0
0,0.941381950490345,0
0,-0.09235820683787886,0
0,-0.8501996336058633,0
0,0.09226560014317738,0
0,-1.2036002148954528,0
0,-1.0334955314604064,0
0,-1.4601335298517806,0
0,-1.0667792375574,1
0,1.3573375839998063,0
0,-0.733118331282596,0
0,0.4662251226514788,1
0,-0.8363014199559217,0
0,0.7595337457632192,0
0,-1.0260820009313156,0
0,0.03922792776175646,0
0,0.05285130986894881,0
0,2.3278053364265916,1
0,0.6304252879801651,0
0,-0.5929040143292734,0
0,0.6850489636505139,0
0,2.138174470485208,0
0,-1.629636090484295,0
0,-0.8424820425687267,1
0,-0.23689755911329374,0
0,-0.41708822714195104,0
0,-0.3327566983298747,0
0,-1.304232265593243,0
0,1.4039560535500122,0
0,-1.4226085984766192,0
0,-0.20021280962249907,0
0,1.0458305917606978,0
0,-0.03018485714585262,0
0,-0.979394166902769,0
0,-1.3486756563739577,0
0,-0.22999919602778213,0
0,-0.7570295658504664,0
0,0.20523109170297799,0
0,-1.4014511477241796,0
0,0.8130357368876219,0
0,0.11554952316446464,0
0,0.189836394352477,0
0,1.441076778240017,1
0,-0.43779549837186593,0
0,-0.725816694733224,0
0,-0.5477636283468732,0
0,-0.19252656952325795,0
0,-0.09096489479132862,0
0,-0.8306977366017732,0
0,-2.023085253033059,0
0,-0.5609290008790382,0
0,0.35982566628688983,0
0,0.13625830625349225,0
0,1.199554469825827,0
0,1.9554865439637885,0
0,0.7593337714584683,1
0,1.382520642408226,0
0,0.76677429226312,0
0,1.7098992559273836,0
0,1.8508536342912676,0
0,0.9511651707789268,1
0,0.7063801464245854,0
0,-0.20523217193736742,0
0,-0.041337280963909824,0
0,-0.3378373313502621,0
0,0.6212516108950558,0
0,-0.7203480373593485,0
0,-0.19110620977990994,0
0,-2.3551698851783,0
0,1.7230898947725095,0
0,-0.2204745825863184,0
0,0.4555804373365769,0
0,1.4577866947114024,0
0,0.3002934374411798,0
0,1.4443437020934313,0
0,-1.241737812151367,0
0,2.397376589597702,0
0,1.0871101984887657,1
0,0.20920249248664097,0
0,1.4250793326254454,0
0,-1.168634885989372,0
0,-0.2886148787694938,0
0,1.4442503964023794,1
0,-1.8670601808949647,0
0,0.5604577749588049,0
0,0.5321761598451539,0
0,1.9692258168221626,0
0,-1.5829554197222364,1
0,1.6096310570316332,0
0,-0.5594707431489028,0
0,-0.4470094599118548,0
0,-1.2220043869597932,0
0,-1.0878520374669252,0
0,0.4035223474539224,0
0,-1.1123319147813555,0
0,0.7402843336529155,0
0,-0.6629660469697535,0
0,-1.2130338058486476,0
0,-0.5278091463598945,1
0,0.3367071917563058,0
0,-0.2773532619310194,0
0,0.03421011833279838,0
0,0.696207461836084,0
0,1.0824214516169486,0
0,-0.31009530858943096,0
0,-1.0442220155761586,0
0,0.07609447892251621,0
0,0.47064958610407176,0
0,-1.4607253059719505,0
0,-0.890608297007585,0
0,-0.7191868959629409,0
0,-0.20782218872037653,0
0,-0.7610339036267858,0
0,0.7070407250968996,0
0,-1.6051332014584174,0
0,-1.5797186971944246,0
0,-0.3338888115114624,0
0,-0.17565280413985668,1
0,-1.4546438728581037,0
0,-0.6067488426475648,0
0,-0.4010438174190893,0
0,-0.3932979470221456,0
0,0.15188148328929144,0
0,-0.6615788844235619,0
0,1.4778363000082735,0
0,0.48820463973357225,0
0,-0.8071135206413219,0
0,0.09451149336757297,0
0,0.12401531860560501,0
0,1.214721474497781,0
0,-0.6003824289163511,0
0,0.7673386977205734,0
0,0.041854475782477606,0
0,1.4915665164487661,0
0,1.290891452639408,0
0,0.19697930459260035,0
0,-0.26228262101606054,0
0,0.5066059096794557,0
0,-0.18045002712716604,1
0,1.680307105978335,0
0,0.07847007817701199,0
0,-0.4056426325128372,0
0,-0.45961508607392565,0
0,-1.2130355851987074,0
0,0.5565591280933229,1
0,-0.8200112026395026,0
0,1.098148252187747,0
0,-1.2929350540015732,1
0,0.12724144897325032,0
0,1.1502237584974535,1
0,-2.1522470646236362,0
0,2.018265543792186,0
0,-0.4252851971981094,0
0,0.1410953821621393,0
0,0.5714492255163438,0
0,0.7261290561155536,1
0,0.27388393825968216,0
0,0.9973845837063676,0
0,0.5190707129218126,0
0,1.7608811400323037,0
0,0.5223275428545973,1
0,1.9646355198830872,0
0,0.9010788402376559,0
0,-1.8057501257682627,0
0,2.6111026783878413,0
0,-0.5743441084772188,0
0,1.4955440152017352,1
0,0.026793443119438404,0
0,1.0610902576025796,0
0,-0.688478910865794,0
0,0.6257445430895879,0
0,-0.25319054539440544,0
0,1.5790031115898886,0
0,0.43866816741700937,0
0,0.9359426413015662,0
0,-2.1640768714730703,0
0,-0.08557267978862526,0
0,0.4105516350582958,0
0,0.2236149064397072,0
0,0.9611572137178506,0
0,-0.3659042451374545,0
0,0.04878710503463059,0
0,1.1812267644149919,0
0,-2.278689003445357,1
0,0.5893505016383412,0
0,-0.3338848259935533,0
0,-0.9123181245536214,0
0,0.3365442242759801,0
0,1.2274512968086555,0
0,1.039143831484181,0
0,-0.13511303090662863,0
0,0.8757409637609486,0
0,0.8680678984458442,0
0,-0.08737127049316686,0
0,-0.693080551988208,0
0,-0.6352340311223299,0
0,0.837853348868137,0
0,-0.042146813712690696,0
0,-1.0461822197305883,0
0,-1.6848628355091249,0
0,0.8318314520963794,0
0,-0.5467784222642238,0
0,0.3303877556559817,0
0,1.2397069070691236,0
0,-1.3089244768534851,0
0,-0.04513738051284493,0
0,-0.1706941462188697,0
0,0.3797428756279606,0
0,1.2391599984204347,0
0,-1.329451814662408,0
0,0.5697979487057669,0
0,1.0315237749937014,0
0,-0.18637706395678272,0
0,-0.13744699289312357,0
0,0.4184493689849223,0
0,0.3448170778897882,0
0,0.5823526073671226,0
0,0.5612805264012167,0
0,-0.9819723056156512,0
0,0.9902664977049435,0
0,1.1667831621902383,0
0,0.1860828936902982,1
0,-1.4941553065496669,0
0,-0.11474570600009057,0
0,0.19440587694056835,0
0,-1.1446002377868172,1
0,-0.36013806357701345,0
0,-1.4093693875585418,0
0,0.607292224986444,0
0,0.1659553149020513,0
0,-1.6457831648142445,0
0,0.3514648615819806,1
0,-0.05650894739029124,0
0,0.5164142827544048,1
0,-0.3915324337554278,1
0,-0.8014794007430242,0
0,-0.7708446264578068,0
0,-0.5381702165484047,0
0,0.018825096581047043,0
0,0.14795846542479205,0
0,-0.19071987780810284,0
0,-0.42331954899651913,0
0,-0.3514032680054818,0
0,2.507724785506933,0
0,-0.7707251514982087,0
0,-0.5579720085461926,0
0,3.2938541083681483,0
0,0.4210133024605525,0
0,-1.3799806659036957,0
0,0.8426872039772633,0
0,-0.9100388892011476,0
0,0.9090615078050971,0
0,-0.21096227937068143,0
0,-0.43979584948940736,0
0,1.6091649688275829,0
0,0.5664013526592448,0
0,0.9729894374492074,0
0,0.43491967951994637,0
0,-0.4444445237930985,0
0,0.6113544202582081,0
0,1.2092153926844607,0
0,0.1347380435175534,0
0,1.8016426043465061,0
0,0.8504872032019086,0
0,0.2119825497716119,0
0,0.25148653101781787,0
0,0.13723712896762474,0
0,-1.2512387855949916,0
0,-0.09007219580860511,0
0,0.22118648534116717,0
0,-0.41608512126652875,0
0,0.33767701870469485,0
0,0.021307490355111102,0
0,0.7736918910987685,0
0,0.6631123810657311,0
0,0.16715328758484124,0
0,-1.3672128913019983,0
0,1.7907227386811706,0
0,-0.14189099857114323,0
0,-0.08088645369513175,0
0,-0.3425208486993877,0
0,-0.4884116560655365,0
0,1.544058048000524,0
0,1.3860443203860797,0
0,0.4443934035776708,0
0,-0.10750015443072543,0
0,0.6191179850137531,0
0,0.07379698176937273,0
0,-0.19022291832309887,0
0,0.3381059215063302,0
0,-0.44115774694544485,0
0,0.2522642640034325,0
0,0.20422092562163552,0
0,0.6029360212579244,0
0,-0.6191369574756088,0
0,0.7101363528765408,0
0,-0.9063114929505052,1
0,-0.5725666516212387,0
0,-0.5289250591457441,0
0,-1.0720517723736782,0
0,1.0156622833856628,0
0,-0.9690524761897973,0
0,-0.6989163374066718,0
0,1.2554077104866421,0
0,-0.5705827018536505,0
0,-0.18814268513809665,0
0,-1.0120290009165358,0
0,0.8329512076226846,0
0,0.8467362441910651,0
0,0.7389459041234467,0
0,0.5375298281939437,0
0,0.07358911101947667,0
0,-0.5243766669379845,0
0,-0.814969306666021,0
0,1.2899055267616704,0
0,0.7648042717265899,0
0,-0.6933042272004243,0
0,0.039831768223134466,0
0,-0.30011509298501327,0
0,-1.1282107057057502,0
0,0.1776513766213024,0
0,-0.4154926642391958,0
0,-0.9525366662956856,0
0,-1.479132554141762,0
0,-1.5638035002056712,0
0,-0.3714261276946395,0
0,-0.08509497042491564,0
0,-0.8753008101623161,0
0,0.6507394276572277,0
0,-0.06554654178296233,0
0,0.5768853105986501,0
0,-0.18291079018770778,0
0,-0.7871176352071059,0
0,0.11411757113861393,0
0,-1.2626745120183225,1
0,0.5394385206366479,0
0,-0.9371492065131337,0
0,0.9182325265334489,0
0,-0.3384557462419147,1
0,1.062533516309917,1
0,-1.1226231885883153,0
0,-0.6777697007288204,0
0,0.3809349468485706,0
0,1.1704970934267551,0
0,1.6666089083149223,0
0,0.04136616368087278,1
0,1.837745630786756,0
0,-0.28966454982543055,0
0,1.0987676223629725,0
0,-0.9421809969593052,0
0,0.4202005068632542,0
0,-2.3416930408564456,0
0,-1.1215910116531238,0
0,0.46667679808076484,0
0,-1.3124388522005235,0
0,0.42694961078918464,0
0,0.9064581208123634,0
0,-0.5013201927182781,0
0,-0.968952955674198,0
0,-0.4741866158547388,0
0,-0.9658123191841855,0
0,-0.10121355801591768,0
0,0.10209062488808177,0
0,-0.30601012309680875,0
0,1.6743592401868217,0
0,-0.7194038196869753,0
0,1.3914331792553123,0
0,-1.0412392363121137,0
0,0.07277756994154895,0
0,1.1831054085480694,0
0,1.131357152253318,0
0,-0.4202578977002351,0
0,0.555069720071345,0
0,0.4211790836642261,0
0,-0.5399391785927399,0
0,0.6159499371480742,0
0,1.8624921720523726,1
0,0.47170066506263064,0
0,0.5663563790706708,0
0,0.6721549782007075,0
0,-1.4609766073551405,0
0,0.46022467320628885,0
0,-1.0167595748385274,0
0,-0.5898869406977998,0
0,2.161941781188503,1
0,-0.25326160965881,0
0,-0.7401741042942273,0
0,1.1525825789013922,1
0,-0.9476770028423769,0
0,-0.44741914418967715,0
0,1.2490521679861668,0
0,0.04276756530795937,0
0,-1.5615970451265293,0
0,0.543989614322619,0
0,-0.3964658820465088,0
0,1.539851486530245,0
0,-0.6061869476341336,0
0,1.0512259737259262,0
0,1.775698032365714,1
0,-0.8509432238115706,0
0,-0.1932130207581928,0
0,0.3886252741444505,0
0,-0.8573457525541744,0
0,0.27029494670783055,0
0,-0.2249202875059923,0
0,-0.2450675715933652,0
0,0.0489383927081116,0
0,0.07126471557856422,0
0,0.16388076907604027,0
0,-0.5988263454567843,0
0,-0.5551717243497534,0
0,-0.11858758882483045,0
0,-0.04475764123579518,0
0,-0.43884933994661673,0
0,0.3239396420860183,0
0,-1.8147617486751968,0
0,-0.7304662589089517,0
0,-0.27992782620285456,0
0,-0.856115187030605,0
0,1.6291980148088911,0
0,0.01886184672495171,0
0,0.1767696782259033,0
0,-0.48323070796546075,0
0,-0.015778920372960952,0
0,-1.215253464302734,0
0,-0.16981703609507345,0
0,-0.9370084285957558,0
0,-0.2774035847561625,0
0,-2.559916566302497,0
0,-1.1280032084435256,0
0,1.4639264045143334,0
0,0.8303977491075424,1
0,1.3190393359152313,0
0,1.3877212696709238,1
0,0.6729874241644773,0
0,-0.452868685379135,0
0,-1.0372509462656228,0
0,1.1467446054496968,0
0,0.06456797438739051,0
0,2.4940228163819067,0
0,-0.36509797601075417,0
0,1.97289585478048,1
0,-0.15679179069575525,0
0,1.3360485972587004,0
0,1.6966917372324548,1
0,-1.0229499281807124,0
0,-0.48499807829086855,0
0,-1.0329792256985308,0
0,-1.2299444882582236,0
0,0.66706685052495,0
0,-0.19662837024902155,0
0,0.05236632319013622,0
0,0.55623913497328,0
0,-1.8573868337149146,0
0,1.2867660039570548,0
0,-0.34909416333991755,0
0,0.5324013062378574,0
0,0.620712839228547,0
0,1.3707965607638406,0
0,-0.10485738778303354,0
0,-2.1236374590429308,0
0,0.057127613453560856,0
0,0.20070685816160114,0
0,-1.0342608591401172,0
0,0.14749065443293866,0
0,-0.3610184347262918,0
0,-1.3427539492825105,0
0,0.6714848950092839,0
0,-0.5637251508977961,0
0,-0.4063792147370691,1
0,-0.46257884728708454,0
0,1.2354785974641467,0
0,-0.0409161617733923,0
0,0.0790998205458215,0
0,-0.440636154386397,1
0,0.4628668222549053,0
0,1.3493180484506717,0
0,0.6478608174865064,0
0,0.6868669613348561,0
0,0.6062302058843455,0
0,-1.3802426433111632,0
0,-0.8761188316991384,0
0,-0.20498739359912627,0
0,-0.7258640424932256,0
0,-1.064537024755998,0
0,-1.872175740870574,0
0,-1.346529213134141,1
0,-0.25652555734260035,0
0,-0.06942636681888449,0
0,-0.7930537761305755,0
0,0.07892521268322598,0
0,-0.4338336409083763,0
0,1.0905735873738482,0
0,-0.16162576402483733,0
0,0.6963308814017153,0
0,0.20321376229469254,0
0,-1.402071039244055,0
0,-0.09065817573717544,0
0,-1.2356240993286836,0
0,-0.10812083821692123,0
0,-0.7451308172306892,0
0,0.3819630334848083,0
0,-1.3423543374662013,0
0,0.014701825279437203,1
0,0.5724155825631939,0
0,0.9075955693089953,0
0,-0.7641677578842229,0
0,0.017750972207175114,0
0,0.18414697291157353,0
0,1.547126279542768,0
0,-1.481330060750137,0
0,-0.9111025450710489,0
0,2.80446249273608,0
0,-0.27309728395597477,0
0,-1.8909938099032746,0
0,-0.582550143348166,0
0,-2.768873221464362,0
0,0.24092071245615312,0
0,0.8097847602782187,0
0,-0.9116623761687532,0
0,-0.47072392225150683,0
0,0.9236541553689125,1
0,-1.7502154648460704,0
0,-1.3215712121995455,0
0,-0.22811518171563971,0
0,-0.7523348374668184,0
0,-0.2938668974735878,0
0,-1.2637503194065218,0
0,0.2143134859215077,0
0,-0.1492330851799887,0
0,0.5491904942330328,0
0,0.20039950048029245,0
0,0.2066900724960235,0
0,-1.4463073545301137,1
0,0.49259155164487217,0
0,-0.3308664018044421,1
0,-0.1665983076496178,0
0,1.0482643763908097,0
0,-0.7194355565168952,0
0,1.3511843284590006,0
0,1.4444752993730932,0
0,0.752784437364372,1
0,-0.9806208107674219,0
0,-2.1862932456269317,0
0,1.078834914259941,0
0,0.11138506133107968,0
0,-0.7451974708214624,0
0,1.1735623437556026,0
0,-0.8615588808778094,0
0,-0.4241552582309427,0
0,0.5248903643169941,0
0,-1.1136028316148774,0
0,-0.10948090960706738,0
0,1.0891371839133615,0
0,0.21111074362112997,0
0,1.2474263368236806,0
0,1.133602358005998,0
0,0.0077383344216193865,0
0,-2.3367413763573883,0
0,-1.1057722952153066,0
0,0.7633341123844894,1
0,-1.550251420285287,0
0,-0.32669258858695,0
0,0.3384806136890324,0
0,1.4695706957615102,0
0,-0.5750196964544141,0
0,-0.6434877090831294,0
0,-0.05244576649550049,0
0,0.3509129698101024,0
0,-0.15424682739609405,0
0,1.0492683488858106,0
0,-0.7991438330284719,0
0,0.12016093337904353,1
0,0.44521271024701903,0
0,-0.40023280990585663,0
0,0.8397099365599667,0
0,0.14895854124234953,0
0,0.7888457131522739,0
0,0.19410410804883196,0
0,0.376404571487228,0
0,-0.6323917568493553,0
0,-0.6307717051912234,1
0,1.2243964799287768,0
0,0.6355104445203323,0
0,-1.0229651662224017,0
0,0.18086342465483146,0
0,-2.3737760535354258,0
0,-0.5739401636994166,0
0,0.9610276766199058,0
0,-0.12514558871115952,1
0,0.11791266966603123,0
0,-3.0163812465202113,0
0,-0.3922536181361517,0
0,0.3382722238272125,0
0,0.4652898753983397,0
0,0.9623557113343643,0
0,-0.21025775177342823,0
0,-0.16565581262414916,0
0,-1.3321174294098623,0
0,-0.20452153917319804,0
0,-1.2615750623977986,0
0,-1.8478701198054168,0
0,-1.0851793701105783,0
0,1.5086849078039715,0
0,-0.27056120151327656,0
0,0.21987736302336577,0
0,-0.5134962511980561,0
0,-1.7905510194518974,0
0,0.9361131249297073,1
0,-2.1721981398555887,0
0,-0.5547926767916584,0
0,-0.05461488085006111,0
0,0.23048964342985517,1
0,-0.7264696045288699,0
0,-1.8379614830549744,0
0,-0.8010932923354382,0
0,-0.7487579876196624,0
0,-0.7730934951550803,0
0,0.9700585902076034,0
0,-1.2136027781391423,0
0,0.30097927443815886,0
0,0.15829703721791577,0
0,0.96045507747167,0
0,-0.13313187173693122,0
0,0.7911309671975586,0
0,-0.17222013809409803,0
0,0.4343925265848003,0
0,-1.5029410872472406,0
0,-2.6382780762911087,0
0,0.3775468535658534,0
0,0.43118312603922965,0
0,0.4755023331518825,0
0,-0.5249325147546792,0
0,1.4897222522103726,1
0,-0.45987781573702197,1
0,0.4208790196723695,0
0,0.5946362250040785,0
0,1.7187401597491105,0
0,-0.31702961978983357,1
0,-0.6531929062291528,0
0,-1.4981453844153232,0
0,1.552367006662473,0
0,0.42141090704854006,0
0,0.4530611058943021,1
0,3.11670424132392,0
0,0.3250447411862994,0
0,-1.3023214051000322,0
0,-0.19590357499297611,0
0,-0.9747824088486532,0
0,-0.3958683945827724,0
0,-0.40258960275460726,0
0,-0.5870243910670495,0
0,-1.393282505355397,0
0,1.5925016336722961,0
0,0.2988480444383938,0
0,-0.22547203470023827,0
0,0.757637829515743,0
0,0.471067274849391,0
0,0.27569073274204753,0
0,0.6849980727668268,0
0,0.13393474375865663,0
0,0.6702214569915914,0
0,0.7531123008777751,0
0,0.16271873503280307,1
0,-0.22039449349611565,0
0,1.5303978014539088,0
0,-0.4779015397734336,0
0,0.3913136004273458,1
0,0.41390841073906653,1
0,-0.6095578522636356,0
0,-0.8078223853114933,0
0,-0.353852020869851,0
0,-0.4922168531756078,0
0,-1.4581305616388653,0
0,-0.6514950825192756,0
0,0.26622298463456223,0
0,1.2659435841485986,0
0,0.5543913351736333,0
0,-2.599534498370238,0
0,0.6413037147573276,0
0,-0.5581517858957178,0
0,0.453080074687763,0
0,-0.014135259210628073,0
0,-0.19268762608682777,0
0,-0.10223572796214128,0
0,-0.02242430826978004,0
0,1.3444049720902438,0
0,-0.019660187085087422,0
0,1.0855361331812003,0
0,0.9399058658456572,0
0,0.667045547583653,0
0,-1.7866188201296775,0
0,1.1166326561616067,0
0,-0.45790129413558806,1
0,0.7157272810747723,0
0,-0.9725328332404135,0
0,-1.1850740433032558,0
0,1.9763887368311992,0
0,-0.9569830668381143,0
0,1.1461066390517474,0
0,0.11842032143652105,0
0,-0.4201200583601715,0
0,-0.04482888433020653,0
0,-1.3010944965313112,0
0,-0.013754379609230549,0
0,-1.0827403138959595,0
0,-0.39544379431398563,0
0,0.925299563969576,0
0,0.2541906765576573,0
0,-1.4821704988805215,0
0,0.8514881269138698,0
0,-0.007099761909142564,0
0,-0.5421852684093387,0
0,0.746676303908931,0
0,-0.16720683697700237,0
0,-1.1656613399057127,0
0,1.8478097114496044,0
0,-0.017287442890987742,0
0,-0.08138520448221714,0
0,-0.40510517173058996,0
0,1.1799657394575893,0
0,-0.5248785081420402,1
0,-1.5449798588116046,0
0,-0.6786776618959786,0
0,1.3267746004547925,0
0,0.8321321614571173,0
0,-0.25501565265986115,0
0,1.3732551416404741,0
0,0.7479422288218825,1
0,-0.2665893636346067,0
0,-0.16590985510107972,0
0,0.3293177319454342,0
0,-0.8318869496638158,1
0,0.004505065509350931,0
0,0.3085133646132903,0
0,-1.6869662386085398,0
0,-0.18932032256789785,0
0,-0.3030561853656883,0
0,1.0280680199603225,0
0,-1.844496993811034,0
0,-0.38150601970371084,1
0,-0.4817546473645869,0
0,0.9600709639216006,0
0,-0.04354656936489266,0
0,1.7960946456523694,0
0,0.6622133819063865,0
0,-0.410222994189519,0
0,0.23965869655895883,0
0,-0.3540688093694581,0
0,0.8593960904904201,0
0,-1.332197713291012,0
0,-0.8236959765713334,0
0,0.45568991855492125,0
0,1.225756448723621,0
0,-2.201968596139199,0
0,1.3744712159904158,0
0,-0.14013512842800616,0
0,-1.883874961937163,0
0,-3.0017278418893385,0
0,-1.5293860658082796,1
0,-0.019704855845401752,1
0,-0.06589803780888462,0
0,0.6332004347093099,0
0,-0.5494871775609635,0
0,-1.108040546446171,0
0,-0.413086387660893,0
0,0.033610286911577296,0
0,0.23077279495527736,0
0,-0.7891646992724058,0
0,0.9014467003353596,1
0,-0.6213967717240335,0
0,-0.8697173623249038,0
0,-0.5423915094682898,0
0,1.0748401757026071,0
0,-0.13279645294065934,0
0,-0.6945135030697719,0
0,0.9261077504485437,1
0,2.1427485399487463,0
0,0.2096826343089477,0
0,1.2338424608654335,0
0,1.0360779505747895,0
0,-0.605639751658333,0
0,0.02663418047623251,0
0,-1.2825446297039873,0
0,-0.20494226636163507,0
0,-0.626190369125724,1
0,-0.40288595717563497,0
0,-0.7498950313803366,0
0,-0.28709680819556727,0
0,0.5322326862649144,0
0,-0.11949191043999567,1
0,-1.8643731977553857,1
0,-0.7461205648984861,0
0,-1.5193993525582523,0
0,0.24406022598176774,0
0,0.5033173640541875,0
0,0.25654822185416504,0
0,-0.7874043932993874,0
0,0.2468539291312162,0
0,-0.47011425576887506,0
0,-1.1382254497502524,0
0,0.7419299197089303,0
0,0.8180277537237719,0
0,0.948895481083506,0
0,-0.6083486000324562,0
0,1.1793623126930788,0
0,-0.4935822513280676,0
0,0.653501321538513,0
0,-0.5109126617666753,0
0,-0.22398216374577085,0
0,-2.4211778573891896,0
0,-0.30191321441691565,0
0,0.09108996678502743,0
0,-0.41004961736383877,0
0,1.7561880680851394,0
0,-1.1624660853252764,0
0,-0.5635812371039258,0
0,-0.9048726099858533,0
0,-0.5637769789954712,0
0,1.031413062940705,1
0,1.4780317943269636,0
0,-0.7007926109189417,0
0,-0.7230075427232033,0
0,-1.157128648593915,0
0,1.3062853865193034,0
0,1.1210044069163025,0
0,-0.10598179998878679,0
0,-1.39609919630688,1
0,-1.306662565456252,0
0,0.1706294503845932,0
0,0.5493379184464988,0
0,-2.0661448050211484,0
0,-0.3213099105378827,0
0,1.6182958895573838,0
0,-0.21750920663028547,0
0,1.489638090790624,0
0,0.6490461289556837,0
0,-1.0842796008353577,0
0,-0.292671293351856,0
0,-0.1286942385447029,0
0,-0.9525115680935066,0
0,-0.9698680228109412,0
0,1.5067685921185607,0
0,-0.9773606196929516,0
0,1.0784360764086802,0
0,-0.4364844783650164,0
0,-0.025639329883172433,0
0,0.5618444182385726,0
0,-0.5985586729046787,0
0,0.5679043134945333,0
0,-2.046429699548382,0
0,0.43970738841463686,0
0,-2.468530124571636,0
0,-0.2268467266984575,0
0,0.8542429853184914,0
0,0.6222953060583759,0
0,-1.298410478961941,0
0,-1.169664396093517,0
0,-0.6886720403226348,0
0,0.18621586235813473,0
0,-2.0319331900437034,0
0,-0.013223575848558187,0
0,0.31142937380006447,0
0,-0.2830371808709837,0
0,0.5253209680530518,0
0,0.22372415832620401,1
0,-0.5416542593988953,0
0,-1.9361893602594902,0
0,0.13341308157082288,0
0,-0.9530753652299778,0
0,-0.5783426248615452,0
0,0.47912421796308585,0
0,1.4173333834343511,0
0,-0.038060123442009,0
0,0.5540648364458706,0
0,-1.4444793411528907,0
0,0.2455235809950345,0
0,-0.059905937677162444,0
0,1.2292275806261819,0
0,-0.5404584760287566,0
0,-0.24163761716237078,1
0,1.0588144671327948,0
0,-0.09203379239464947,1
0,-1.1088413812872686,1
0,2.551633273290123,0
0,-1.0785927633367334,0
0,-0.06470008154952371,0
0,0.3466881560256132,0
0,0.26761750903111453,0
0,-0.18974370400639878,0
0,-0.18476037052630803,0
0,-0.23493186628795537,0
0,-1.115933858591372,0
0,2.150219214422729,0
0,-0.219990917713377,0
0,0.5969309928230956,0
0,-0.3346528576816054,0
0,-0.3547636723554835,1
0,-0.4554436626696503,0
0,-1.5498457879892507,0
0,-0.16062114012076936,0
0,-0.4070076543194302,0
0,1.171524509184777,0
0,-1.1967001175845153,0
0,-0.577147177554855,0
0,-0.8984404667540822,0
0,1.4425303940118088,1
0,-0.8694084448546713,1
0,0.5622998447261367,0
0,0.97016147340598,0
0,-0.1461229114154082,0
0,-1.3768110009404684,0
0,-1.3641538587636903,0
0,0.8597640647960797,0
0,-1.2605940187998574,0
0,0.3920266110599123,0
0,0.11434910982059632,0
0,0.3771324843110272,1
0,0.4715848078458876,0
0,-0.9336707844179017,1
0,-0.9755281790147413,0
0,0.7149271341004025,0
0,-0.6293446105643965,0
0,-2.7501484920051484,0
0,0.6487552978838649,1
0,-1.0362612880687683,0
0,0.4671358779052533,0
0,1.3928218493169693,0
0,0.016762457261947625,0
0,0.9957658316635309,0
0,0.15379768053620216,0
0,1.5874293281411473,1
0,-1.0621071087571061,0
0,-0.00821498041648976,0
0,0.6731616050414675,0
0,-0.19041175701004545,0
0,1.1522189966526697,0
0,-0.4320395395107805,0
0,2.0693711516288884,1
0,2.122197504272245,0
0,0.28207199622729967,0
0,0.5526011803546168,0
0,1.1916714356246376,0
0,-1.1871973989673668,0
0,-1.3120000145777906,0
0,1.2564189138576347,0
0,0.2739884728729994,0
0,-0.22650524597978958,0
0,0.011123302881161038,0
0,-2.3860414723640693,0
0,-0.19056231445700128,0
0,-0.7530467391932236,0
0,0.9180716336150824,0
0,0.9950307783840061,0
0,0.5766802341299105,1
0,0.39545864879914155,0
0,-1.4973467487202679,0
0,0.5906430799968742,0
0,0.6293979455233839,0
0,1.2451926537687301,0
0,2.118209812430197,1
0,-1.6925606735716086,0
0,-0.38847682561821334,0
0,-0.7422666371576447,0
0,0.17250718838507423,0
0,0.013401858218038697,0
0,-0.23408207308014561,0
0,1.0276043614011736,0
0,-1.1014142111807836,0
0,-1.0411214673926061,0
0,-1.0242252710980422,0
0,-0.3603275874259869,0
0,-1.2285902159118463,1
0,-0.048571488799270555,1
0,-0.1654901946308669,0
0,-0.78651511399908,0
0,0.8737662540561958,0
0,-0.059500528286736874,0
0,1.0626473640318037,0
0,-0.19504985120443202,0
0,-0.02419488823135469,0
0,-0.5627824046817108,0
0,-0.007046540535484532,0
0,0.7122313061320464,0
0,-0.41133423227029803,0
0,0.5184119625346643,0
0,-0.8127469610457412,0
0,0.7590505655222095,0
0,-0.5799058273119273,0
0,0.8516798732290504,0
0,0.06097654243366502,0
0,1.5209537333910634,0
0,-1.154067726254209,0
0,-1.4761767733118683,0
0,-0.6162172459755669,0
0,-1.3846109480343132,0
0,-1.3827348944282776,0
0,0.6215507604598759,0
0,-0.004178793412658349,0
0,-0.47968097670425885,0
0,-0.3869625973054321,0
0,-0.5972376643263394,0
0,1.6503691678190437,1
0,-0.7355057076430367,0
0,-1.3221338980832993,0
0,0.7960506174863278,0
0,-0.2157556233478209,0
0,2.0387736888178853,0
0,-0.5262056387941353,0
0,0.845984179756792,0
0,1.0821973305993051,0
0,-0.5213358322020036,0
0,-0.7429207679090358,0
0,0.7413665309309047,0
0,0.5748919179139307,0
0,-1.4106101007109266,0
0,-1.1284356363047208,0
0,-2.5364300049480053,0
0,0.5953868539788023,0
0,-0.2618271931357455,0
0,-0.162150420975282,0
0,-1.6914440977018532,0
0,-1.0981023530893264,0
0,-0.4779589125675662,0
0,-0.672325600147821,0
0,0.11783607551763121,0
0,0.5834681266318139,0
0,2.269612569285197,0
0,-0.020017030030925434,0
0,1.1154026630969456,0
0,-0.8299727769797747,0
0,-1.6749463149753558,1
0,-0.35230164671012465,0
0,-1.5977217178742416,0
0,0.014673167169103205,0
0,-0.7804541245086651,0
0,-1.9542713867545856,0
0,1.7360251458601772,0
0,-0.5375617131053801,0
0,-1.6376193029441979,0
0,0.8981717905072897,0
0,-0.7286143625392852,0
0,1.090166033690662,0
0,-0.7333943346780494,0
0,-0.5408976902627972,0
0,0.3448317094770465,0
0,0.5932193807041102,0
0,0.7684837373405985,0
0,-0.08974113872932903,0
0,0.5286167215545834,0
0,0.7456286069234205,1
0,0.20056913856684971,0
0,-0.14265811326429617,0
0,-1.4452949482311301,0
0,0.5991741567799889,0
0,0.04217369914115087,0
0,-0.41361585235070747,0
0,1.27776636359166,0
0,-1.4278336329133157,0
0,1.6440363153648863,0
0,-0.022273278634465647,0
0,0.3175181785028984,0
0,-0.39504411453027083,1
0,-1.6670729125233301,0
0,-0.1396098984657797,0
0,0.33474490689279257,0
0,0.6762254464025941,0
0,-0.1980331984389014,0
0,-2.192539841204418,0
0,-1.5416613445826255,0
0,2.052019623763294,1
0,-1.0925359837721156,0
0,1.4270494582392084,0
0,-0.9340867374175955,0
0,-0.18245590972786754,0
0,0.625208259599904,0
0,-0.8201944465808737,0
0,1.5922151357590542,0
0,0.07572835806841098,1
0,0.4608508462996698,0
0,-0.2676070080191258,0
0,0.6587202870170907,0
0,1.5787927398498625,0
0,-0.13128593762321436,0
0,1.7297127907492362,0
0,-0.6115958083791179,1
0,0.76409603935171,0
0,0.4891143362430499,0
0,-1.0685820726823694,0
0,0.2138097046373318,0
0,0.0073659378503727856,0
0,-0.8531921762768451,0
0,0.3580024341941265,0
0,0.14628954610851758,0
0,-0.07258694730721668,0
0,-0.06857746905868485,0
0,-0.09001025892361937,0
0,-0.3676996212463275,0
0,0.13983409501498167,0
0,-0.6439142123637804,0
0,2.6568094914699993,0
0,-1.4093332454653158,0
0,-0.584736077234459,0
0,-0.5057421045769407,0
0,2.0404934143245375,0
0,-1.3201346499774993,0
0,0.4259222979861098,0
0,0.24839406504653988,0
0,0.33360230467454804,1
0,1.2363431626109402,0
0,1.2158293597470884,1
0,-0.4509568265201174,0
0,0.1940174494939909,0
0,-1.864102032152144,0
0,0.09909300852192908,1
0,-0.7939894278319191,0
0,-0.1863824259605165,0
0,-1.6853718648166949,0
0,0.4048722867190754,0
0,-1.6965686955756079,0
0,0.14828460679158642,1
0,-1.2265055930225495,0
0,-0.8496410351358846,0
0,1.1547321025451627,0
0,0.587917945913622,0
0,1.149203137670543,1
0,1.5597271325012902,0
0,-0.7728387071397649,0
0,1.4989716624408718,0
0,-1.4655056561789015,0
0,0.7461003345449032,0
0,-0.4933377145999715,0
0,-0.9303001426393164,0
0,0.6144698673044425,0
0,0.9449515251692131,0
0,0.9152683866465448,0
0,0.21485988889479202,0
0,0.13195730132923905,0
0,0.5268665856999025,1
0,0.30376407551719103,0
0,0.5413558395859803,0
0,0.20399946111071426,0
0,0.8427838245063638,1
0,-1.6272078065504278,0
0,-0.13127347508638623,0
0,-1.3838464938455861,0
0,0.27670201760488466,0
0,1.6419301758536977,0
0,-0.47408478194696846,0
0,0.12725203029721524,0
0,0.7564867149216389,0
0,-2.0677229317665247,0
0,-0.5221104821441878,0
0,0.36451565927285023,0
0,-2.896994725657275,0
0,-0.9768084930749713,0
0,1.1008579733812893,1
0,1.0029969004507249,0
0,0.37431822737010023,0
0,0.8821976399431775,0
0,0.2151042344214637,0
0,0.5553949074423146,0
0,-0.31565370884061383,0
0,0.11581268292209276,0
0,-0.6323703864158223,0
0,1.2634833441823135,0
0,1.5215594095022018,0
0,1.3799128006970733,0
0,-0.4081087616778623,0
0,-0.9537740393650874,0
0,1.2769736607501632,0
0,0.5439072025914127,0
0,0.32858434152364246,0
0,-0.6336320849451457,0
0,0.4256638126367649,0
0,-1.085278059661935,0
0,0.6340623560790319,0
0,1.3788866996062104,0
0,1.6310455439079523,0
0,0.708524054109816,1
0,-1.3820215496211217,0
0,0.19733013094602156,0
0,2.139681744057713,0
0,-0.8686115904422842,0
0,-0.05918157291021701,1
0,1.4135243518009772,0
0,0.6171339220735854,0
0,2.4801563244851046,1
0,-0.7328693832285884,0
0,-0.9897557857408219,0
0,1.2241254358351739,0
0,-1.195878628271536,0
0,-0.1967679888175363,0
0,-0.06564654485957652,0
0,1.035989473385922,0
0,0.6142679680252469,0
0,0.45706491417686257,0
0,-0.40243087790166676,0
0,1.215004019081943,0
0,4.0258240427272645,0
0,0.6912820989229157,0
0,0.09967220754683649,0
0,-1.2978629709921605,0
0,-0.6374814493171534,0
0,-0.21371023394730407,0
0,-0.5346002402671326,0
0,-0.01607783452684818,0
0,1.7780160768072877,0
0,1.2471669173692341,0
0,-0.15883271646825428,0
0,-1.2082799446658605,0
0,1.337367642902413,0
0,-0.049054273461364435,0
0,-1.726500425602355,0
0,0.7124301184930362,0
0,1.0256866842334653,0
0,-2.425908404934669,1
0,-0.8245546421329034,0
0,-0.11045401130771397,0
0,0.7345109113086175,0
0,-0.5157465846241712,0
0,-0.8321419019739364,0
0,0.7271692496802824,0
0,-0.4683223733141591,0
0,0.5420546505486971,0
0,-1.1115156549745906,0
0,-1.3523330192363985,0
0,0.755269157570397,0
0,0.2525199103172139,0
0,0.9224557332362071,0
0,-0.5325930009214418,0
0,-0.7951053024797451,0
0,1.3607188875409106,0
0,-1.5229587639944702,1
0,1.2514607091806247,0
0,1.3205047074823832,0
0,0.8600895142660753,0
0,-0.6878075170104481,0
0,-0.8165238367253593,0
0,-0.21005577299819952,1
0,-1.2950396768313994,0
0,-0.9616939987535967,0
0,0.644734291509046,0
0,0.6493491142241571,0
0,-1.0495748265349563,0
0,0.6761219353000746,0
0,0.4543033057398061,0
0,1.5098862545771035,0
0,0.5691364418675215,0
0,1.058581053734378,0
0,0.47707759093021124,0
0,0.9799291096971879,0
0,-1.287117156567775,0
0,-0.1217444571109134,0
0,-0.038982768227529795,0
0,-0.2437499469352824,1
0,0.4438866303167256,0
0,0.634379654495751,0
0,0.3922570770711484,0
0,-0.17694388122133783,0
0,-0.735730079845125,0
0,1.097186074156234,0
0,0.34973281661383504,0
0,-1.0186138583994084,0
0,-0.19368754164962376,0
0,-1.7432996777073613,0
0,0.035370614347442896,0
0,-0.19837994259859598,0
0,-0.5744669503553378,0
0,1.5846001898035293,1
0,-1.1561541195421123,0
0,0.7063929516823354,1
0,2.1867081609318735,0
0,1.077267903716688,0
0,-0.03153878209776703,0
0,-1.1340686394233275,0
0,-1.3620621765844554,0
0,-0.411551694957522,0
0,-0.6870007339139083,0
0,-0.7195469089581323,0
0,-0.3263134554712441,0
0,-0.10224709288568688,0
0,0.4852119476452963,0
0,-1.2377962194624292,0
0,-0.68224379613305,0
0,-0.15967208282248133,0
0,-0.19548519342326906,0
0,1.8364237074134229,0
0,0.2322465927238575,0
0,-1.6135898119594245,0
0,0.4181813615867647,0
0,0.5456637227439788,0
0,-0.12512802824473812,0
0,-1.2133966744092013,1
0,1.7580546953134628,0
0,-1.0698839135812572,0
0,0.6607722064159335,0
0,0.20005052906393525,0
0,0.60081054902977,1
0,1.70685792416733,0
0,0.5616388721410351,0
0,-0.558664227043533,1
0,1.105992275127961,0
0,-0.6310994500441196,0
0,0.16355801139526788,1
0,-1.2930836080157901,0
0,-1.0332812273367524,0
0,0.05138667043618637,0
0,0.3680867085808721,0
0,-1.7023906226910304,0
0,0.49728736800066425,0
0,-0.8194289765982975,0
0,1.2796880156711665,0
0,-0.35196442882450824,0
0,-1.1236222695499858,0
0,0.07580455795925227,0
0,-0.9162350010787254,0
0,1.2689451414331256,0
0,0.000530207533099717,0
0,-0.1516766230932871,0
0,0.5918010189310079,0
0,-1.004947439200293,0
0,-1.2891536553285141,0
0,0.40835157944163697,0
0,-1.099670708008809,0
0,-1.1000101537494567,0
0,0.8367560312208876,0
0,0.5250641099839399,0
0,-1.2538295424529113,0
0,-0.6191360429413364,0
0,-0.90373155594632,0
0,1.7763192980405802,0
0,0.9060104275706085,0
0,-0.420844846005274,0
0,0.5761946893434926,0
0,-1.3561861859308293,0
0,-0.6726461511894929,0
0,0.10486326594188623,0
0,0.45223074914591294,0
0,-0.09745912551344407,0
0,0.24801351071422595,0
0,0.07833645995312626,0
0,-0.16357740202231738,1
0,-0.2961455921908937,0
0,-0.4262648726777842,0
0,0.23193750862858806,0
0,0.41081558919945615,1
0,0.19835916731883396,0
0,-1.1785970500010596,0
0,-0.9989278511431876,0
0,0.39888180594806727,0
0,1.4716733006708778,0
0,0.15241546155875524,0
0,-0.4116684124769942,0
0,0.22434045544277556,0
0,-1.1368214225134285,0
0,1.3089431565364635,0
0,0.1865941445080283,1
0,-0.6694572132105483,0
0,-0.16679546609287513,0
0,-0.5270362320636157,0
0,1.3116699768168338,1
0,-0.20224008944705912,0
0,0.15536574611559287,0
0,0.5737264566512917,0
0,-0.7407666037645421,0
0,0.19370946613515708,0
0,0.2744355693942098,0
0,-1.5540788210206211,0
0,0.25269648877761,0
0,-0.04576206494313917,0
0,0.12996629211599667,0
0,0.03562971349056658,0
0,0.25916987295008204,1
0,1.337343225676158,0
0,-1.1795074120851095,0
0,-0.3421523355004201,0
0,0.6666186289628364,0
0,0.48092586772791107,0
0,0.45940555334208416,0
0,2.7535772156733374,0
0,0.6141355241167059,1
0,1.1309377962550249,1
0,-0.30707205885250843,0
0,-0.9929123738972822,0
0,-0.3143174292336339,0
0,0.7119601713434042,0
0,0.4068278548291754,0
0,0.4032513705988798,0
0,-0.21434438679712778,0
0,-0.37380261881297533,0
0,-0.17985724429327782,0
0,0.7244754501652129,0
0,0.8407274281704181,0
0,-1.0062416496712276,1
0,0.7623425594314492,0
0,-0.6507212307562297,0
0,0.46892165184105333,0
0,-0.19196574246248815,0
0,1.5657885492389845,0
0,-0.4180746289811456,0
0,0.17861184089478324,0
0,0.6065931575594277,1
0,-0.8739588501228821,0
0,-0.07285705542694518,0
0,-0.2665848846231373,1
0,-0.5138134834059732,0
0,-0.4397230014832396,0
0,1.1120145981367944,0
0,-0.5985507347603333,0
0,0.5664078826716058,0
0,0.31459500203114427,0
0,-1.3969801157751758,0
0,0.5191694384264413,0
0,-1.4135132097576943,0
0,0.6280918281651601,0
0,-0.5071916431308481,0
0,0.008367253256452208,0
0,-1.2942799496263389,0
0,0.12238232360481602,0
0,0.9269504179706196,1
0,-0.8069654280226208,0
0,-0.607167086144011,1
0,0.45462102356748946,0
0,0.47961832364693924,0
0,-2.4341792984085067,0
0,2.0154063637827733,0
0,0.5285534835483313,0
0,0.6969186624529615,1
0,-0.14354044666201693,0
0,-1.8553535085522448,0
0,0.67472206125024,0
0,-0.5651880282308862,0
0,0.5439316941833399,0
0,-0.21880107026272877,0
0,0.2380393791163774,0
0,-0.7749963814092447,0
0,0.8643889426789316,0
0,-1.1883790394576719,0
0,2.24556942533919,0
0,2.237948634987012,0
0,1.6326995854665105,0
0,1.2754789857745101,0
0,-0.08454835823364099,0
0,1.1665467057472083,0
0,-0.09617649827612768,0
0,-1.553517542245307,0
0,1.503201414030688,0
0,1.1288244629225053,1
0,-0.031339107655435385,0
0,-1.2251842573311502,0
0,-0.5862006765789738,0
0,-1.8211455848875098,0
0,0.9450808526179771,1
0,-1.6033089668641802,0
0,0.28683087014667635,0
0,-0.8436933477796882,0
0,-1.4267034449994767,0
0,0.2383550932785717,1
0,-0.3337993853120314,0
0,0.8381891054253677,0
0,-1.267605268728707,0
0,-0.7573146454738222,0
0,-2.3876422084908913,0
0,-2.1843466823279227,0
0,1.7981924099785127,0
0,2.083598244099669,1
0,0.09272620522395288,0
0,-0.8238287659065117,1
0,-0.298448925490107,0
0,0.8735742024863639,0
0,-0.5143890198220461,0
0,0.2376338670416892,0
0,-0.01275605048124964,0
0,-0.568812670082858,0
0,-0.5261927459918712,0
0,0.29332087168550824,0
0,-0.9768881363874414,0
0,0.45172934562351613,0
0,-0.47157895964918195,0
0,0.12736730464823023,0
0,1.3839625661685588,0
0,-0.16819204522695244,0
0,0.9198043401919923,0
0,-1.7920328558838285,0
0,-0.4703630136405947,1
0,0.027688621076072818,0
0,1.923330679206459,0
0,-1.9599520832598905,0
0,-0.09620986189277686,0
0,1.456688850916263,1
0,-0.785020405266872,0
0,-0.21283881042567027,0
0,0.3317389850555395,0
0,0.18450855372278024,0
0,1.5657704754544142,0
0,0.44847381007323184,0
0,1.3277728955142192,0
0,-0.3600083573099114,0
0,-0.7405254112502966,0
0,-0.22572319301963548,0
0,-1.1591030933676016,0
0,0.48351169621009515,0
0,-0.3858781127552457,0
0,-0.6717888999774754,0
0,0.4986584096210017,0
0,-1.1437157779742886,0
0,0.7705022138557944,0
0,-0.4783373884913608,1
0,1.159096444094184,0
0,-0.39273757822956723,0
0,0.6319096665579241,0
0,0.17956237377290588,0
0,0.7439018737144868,1
0,0.10994689214762728,0
0,-1.6633974123432438,0
0,1.008793539242132,0
0,-0.08768292245790726,0
0,0.789516077354813,0
0,0.6902464768688565,0
0,-0.7732964810113417,0
0,-0.9147954051752969,0
0,0.655355101449004,0
0,-0.3032490294105138,0
0,0.936429279466497,0
0,-0.17820094286302327,1
0,1.0234097774482882,1
0,0.4233044842091017,1
0,0.2879749937141485,0
0,-0.3740111987402744,0
0,0.2324276140615166,1
0,1.1928527149527093,0
0,-0.05421545866331975,1
0,0.5311744436838554,0
0,0.046360076249706055,0
0,0.12460404274542186,0
0,1.7234107569382986,1
0,1.2017300310395511,0
0,0.07940381519571835,0
0,0.2144540879360341,0
0,-0.7018705035509689,0
0,-0.17297154626495317,0
0,0.309397787548615,0
0,0.8506135895691279,0
0,0.749220896910919,0
0,-1.1092590559045103,1
0,0.9769827306786314,1
0,-0.08877367937755289,0
0,-0.9869913556775379,0
0,1.3363847374319215,0
0,1.463278996737953,0
0,0.2637469823406603,0
0,0.7087936019052349,1
0,0.767449208744432,0
0,1.395772152812251,0
0,0.7280685254317251,0
0,-1.3276882774385688,0
0,2.0098077489711277,1
0,1.065656889480043,1
0,-0.5095242052727647,0
0,-1.0296250723574096,0
0,0.5048134304040838,0
0,-0.27826003836757923,0
0,0.3299953539989592,0
0,0.7434068412782634,0
0,-0.5664418879967954,0
0,-1.1161079926843374,0
0,0.38581846787197815,0
0,-0.5333878552769735,0
0,0.14609578573239815,0
0,-1.3433264369622646,0
0,-0.2521827244746376,1
0,0.7149518910399967,0
0,0.6059325076467968,0
0,-0.7883579708732686,1
0,-1.1682643693180517,0
0,0.01576368975179213,0
0,0.5610327970194089,0
0,0.405175140192551,0
0,-0.5121598443613099,0
0,0.2978244424866034,0
0,1.5023554712759948,0
0,0.20514468730902757,0
0,-1.63314793581862,0
0,0.2032003381006422,0
0,2.043956971212609,0
0,-1.2873908131155956,0
0,0.029724661829022104,0
0,-0.2263354330321344,0
0,0.09588295927506402,0
0,0.19425215315377178,0
0,1.1399719860629245,0
0,0.0847832864008106,0
0,1.277259557212047,1
0,-0.1176556587864825,0
0,-0.3501367739746331,0
0,-0.6691829830386058,0
0,-1.8170870291201529,0
0,0.2757814119258398,0
0,2.0540002884718427,0
0,0.4582354772858612,0
0,0.6867473541616795,0
0,-0.41303132501445505,0
0,-0.2443333912736707,0
0,0.9846414883332621,1
0,2.0086936402898203,0
0,1.4879479357968197,0
0,0.805244629728022,0
0,0.03515057939050897,0
0,0.2097189142673235,0
0,-0.7535073194282543,0
0,-1.448167521302657,0
0,-1.126798357759941,0
0,0.0498000345219375,0
0,-0.2919922614266772,0
0,-1.4694417047196846,0
0,-0.037323379049736136,0
0,-0.31843032446594494,0
0,-1.1728488552840803,0
0,-0.3701790106200705,0
0,-0.3209530007163442,0
0,-0.6166371399244667,0
0,0.9266701647759397,0
0,-1.902901562093312,0
0,-1.9857989907109712,0
0,0.0032857844490918387,0
0,0.09612718939230591,0
0,0.40421513601897335,0
0,-0.5389735082790941,0
0,-0.9179238050923317,0
0,-0.007316132694947453,0
0,-0.44157813534799617,0
0,1.5510714046556944,0
0,-0.3242272499251918,0
0,-0.053185151717077925,0
0,2.4754181395979424,0
0,-0.19476022673068688,0
0,0.5561568651990907,0
0,0.646309433386353,0
0,0.7314016437182146,0
0,0.28948726541125236,1
0,0.19384079441050964,0
0,0.10033428983711615,0
0,-0.5759939022337732,0
0,0.32551880283926843,0
0,2.028645837424592,0
0,1.2106819089635574,0
0,0.3039180222246367,0
0,0.8558297981059901,0
0,-0.8691759087306522,0
0,-0.26051215419971874,0
0,0.9478498441840553,0
0,1.4871671934581916,0
0,-0.770866172095378,0
0,-0.48358830942315717,0
0,2.1813757938785363,0
0,0.09626124976897246,0
0,1.8233619727003787,0
0,0.20685731727579246,0
0,0.2461802823254352,0
0,-0.30549088765989746,0
0,0.9425551415102287,0
0,1.3577775503039997,0
0,-1.035002230140867,0
0,-0.35245055222043675,0
0,0.9150785243742204,0
0,-0.1295486377843279,0
0,-0.4933854685332102,0
0,1.0095421538694018,1
0,1.103453204712511,0
0,-0.4496420906721386,0
0,0.2123665279879456,0
0,-1.208474795904233,0
0,-0.895480910478699,0
0,0.12416523213337996,1
0,0.03140678757984353,0
0,-0.9668760917306345,0
0,-0.7159739247255754,0
0,-1.0650443699555594,1
0,0.4550598569132106,0
0,-1.9676391966919,0
0,-1.0115772295601961,0
0,-1.862941547832321,0
0,0.4190206038579806,0
0,-1.8027335500547015,0
0,0.03172919853554027,0
0,1.6395240157474233,0
0,1.6734339812709018,0
0,-1.8059075691788211,0
0,0.2984096016309557,1
0,-0.9889712963804547,0
0,-1.193136035710258,0
0,-0.11346995439007401,1
0,1.2282911569331254,0
0,0.5996588742203581,0
0,-0.7151409284828807,0
0,0.7050339974100025,0
0,-2.2437083318816793,0
0,-0.7529457984332404,1
0,-0.8238915447012507,0
0,0.07832069173893116,0
0,-0.20282796365999967,0
0,-0.14147109361988489,0
0,-0.17471953010613864,1
0,0.022407240989087,0
0,0.5401309669582237,0
0,0.14933102610238283,0
0,-0.2843518166045584,0
0,0.40174827980478217,0
0,0.8261235436527639,0
0,-0.5560258907226293,0
0,-0.059402730672675784,0
0,1.1619065630465863,1
0,-1.1027606772673566,0
0,1.8047021962559437,0
0,-1.3391549747395755,0
0,-0.3453646112047366,0
0,-0.950189996876012,0
0,2.187926996869377,0
0,-0.5033500288471519,0
0,-0.5008411565285328,0
0,-0.37074873993991914,0
0,0.09560280789395026,0
0,-0.32844177890451104,0
0,-0.1328868046223994,1
0,-3.5292099530237375,0
0,0.05715983600182728,0
0,0.017806621486644806,0
0,1.0385687974123936,0
0,1.309060948279402,1
0,-0.18770806139179752,0
0,0.8162290816739554,0
0,-1.1015687804448064,0
0,0.7673423426961045,0
0,-0.5724757991345769,0
0,-1.1846974681300548,0
0,-0.1855886782040505,0
0,1.4004724471977792,0
0,0.1810055367308467,0
0,1.49648814767838,0
0,-0.7487327138158041,0
0,1.04785110454799,0
0,-0.6521600372369454,0
0,0.22532867148920316,0
0,0.216682828659415,0
0,0.6614917339241726,0
0,0.25074061991132746,0
0,-0.7391845378218174,0
0,0.8803069520925639,0
0,1.7316565943253943,0
0,-0.5838034222561184,0
0,-1.8352320764450323,0
0,0.4993195683537887,0
0,-0.33118039405214905,0
0,-0.13110285595529653,0
0,0.556177755731012,0
0,-0.4563924298255985,0
0,-0.2688519713436714,0
0,-0.10011951693658637,0
0,1.4697539379850162,0
0,0.030069604113581585,0
0,-1.2356735808149601,0
0,-1.1958784811411152,0
0,0.13922992165960119,1
0,-1.129428000690979,0
0,-1.5623034869241608,0
0,0.6355359909340106,0
0,0.6844984028686446,0
0,-0.36813653389385326,0
0,0.29365929115170897,0
0,0.1881216441955006,0
0,0.6024193859690855,0
0,0.6047499039397994,1
0,-2.605788587527226,0
0,-0.2404989584823943,0
0,0.5179041881781331,0
0,-0.4104565910390145,0
0,0.03620263925982666,0
0,0.7506999816780775,0
0,0.0809252332521623,0
0,1.5079194172348667,1
0,1.1269862522811211,0
0,-0.118564152971434,0
0,-0.19804617072477865,0
0,-2.8503241052013646,0
0,-0.3265021968905259,0
0,-1.3532688927105265,0
0,0.2212295420006227,1
0,0.15287071112000175,0
0,0.6958557560267777,1
0,1.3966704719481913,0
0,-0.026269429671968363,0
0,2.280416311923196,0
0,0.2324514452199039,0
0,-1.310216393716633,0
0,-0.5620718751101198,0
0,-0.37274670030782203,1
0,0.5921271511533787,0
0,-0.9472499002293007,1
0,-0.297975882809396,0
0,-0.16104028079608668,0
0,-0.44812080765554363,0
0,0.8114153816797184,0
0,0.6413213884653558,1
0,1.1665671351039588,0
0,-0.33102518111119955,0
0,1.202527567647902,0
0,-1.3639970859770458,1
0,-1.388384300989857,0
0,-1.2138016860912133,0
0,0.00921169263208945,0
0,1.2023781165777556,0
0,-0.6021420806396302,0
0,-0.47669340496443713,0
0,-0.2160179553093376,0
0,0.5728281233876548,0
0,-0.4776253033545738,0
0,-0.5334169579165013,0
0,-1.3453952633576904,0
0,-0.5717211111771211,0
0,1.1774617529353326,0
0,0.09092600847847668,0
0,-0.7398545102479152,0
0,1.2361439727289343,0
0,-0.5852135020601873,0
0,1.4199555794824656,0
0,1.4036069779001006,1
0,0.05601162637466865,0
0,-1.4985495273716876,0
0,2.289500615345755,0
0,0.3872760562645462,1
0,-0.3238870247205901,0
0,0.9561279147750558,0
0,0.7023027870213473,0
0,1.3109383498864404,0
0,-0.6623477886798963,0
0,0.3184734127743923,1
0,-1.1858702302449369,0
0,0.6663343957412341,1
0,-0.022945369627187417,0
0,0.2810092554868121,0
0,-0.1463497238404702,0
0,-0.25098882058836114,0
0,-0.868231174014714,0
0,0.7904302146842336,0
0,1.4897040367414378,0
0,-0.5566683589100853,0
0,0.5535405049710949,0
0,0.4321836246602423,0
0,0.00809781134885869,1
0,-1.5265957333647167,0
0,-1.3015973511105925,0
0,-0.7809819511515705,0
0,-2.1390047235719316,0
0,1.408030729905615,0
0,0.3677032291797136,0
0,-0.029961048399121757,1
0,-2.1902358192678286,0
0,-1.8238708550204004,1
0,-0.0023413881869583275,1
0,1.970489965483977,0
0,-0.6986441958730818,0
0,0.863798014412438,0
0,-0.47990240767496084,0
0,0.05523925928886656,0
0,1.2146838488929317,1
0,-0.3459516301665442,0
0,-0.6901049080521332,0
0,1.4180705541247638,0
0,0.04555782111359534,0
0,1.091205090586163,0
0,-0.685248893384687,0
0,1.4066742089609758,0
0,0.273627274534611,0
0,0.43478762621465866,0
0,0.1316293114291747,1
0,-0.5054749819965015,1
0,-0.0016828104949717336,0
0,-0.44259023798936625,0
0,0.9595460626447856,0
0,-0.20305716706866234,0
0,-1.4965072277938996,0
0,-1.6794237349892838,0
0,-1.7267181523204245,0
0,0.6179707575539414,0
0,-1.1515043113734442,0
0,0.3000857758385668,0
0,0.13657451749141328,0
0,-0.06470859490977714,1
0,0.43840520338236943,0
0,0.1583035370905262,0
0,-2.70972974278095,0
0,-0.3236252408484902,0
0,0.42510313406343103,0
0,1.6402828107549985,0
0,1.6864576165824976,0
0,-1.3631505135852566,0
0,-0.34972529931277313,0
0,-1.5661148137079979,0
0,1.519885075110083,0
0,1.0128562081485508,0
0,0.3505878868631747,0
0,0.16609486126021009,0
0,1.3806311003494742,0
0,1.211325194760139,0
0,1.158044696656121,0
0,0.4566798597822596,0
0,-0.34922829951416257,1
0,0.7671248320175574,0
0,0.8160419052551146,1
0,-0.1906374695919598,0
0,-0.3512489188342415,1
0,1.1333132695582098,0
0,1.6641161087696066,0
0,-0.7493957809147662,0
0,-0.2633766754479744,0
0,0.35093307645469796,1
0,0.4865989977486106,1
0,-0.5223663592412943,0
0,1.883520630344044,0
0,0.4220952655451712,1
0,0.5313834084705529,0
0,1.758884081511754,0
0,-0.44906162524459003,1
0,-0.08843187644227794,0
0,-1.2533222290216288,0
0,-0.17235047225357822,0
0,-1.4889275239353628,1
0,0.747849354193172,0
0,0.4199967500699922,0
0,-0.27706930703854016,0
0,-0.10042370781784783,1
0,0.7614664151889905,0
0,-1.135796086889898,0
0,0.20416786745252327,0
0,0.6995098064587445,0
0,-1.7822740774072416,0
0,0.6849380057020193,0
0,-1.6740624632615668,0
0,-0.11759448385153255,0
0,-1.1633911040952263,0
0,1.4312465792900149,0
0,-1.1571210541523476,0
0,-1.6501898919653826,0
0,0.13335214159631562,0
0,-0.4137029800208229,0
0,-1.504605228663933,0
0,0.5258151991548494,0
0,-1.9914990624496793,0
0,-1.036240972583125,0
0,-0.5752182704207847,0
0,0.8022223921551402,0
0,1.295468367013152,1
0,1.1027822473275728,0
0,-0.15327379046223277,1
0,-2.427308244795156,0
0,0.39085302121855847,0
0,1.4705737392246134,0
0,1.2337904078135682,0
0,0.4629490097437198,0
0,-1.1895027643384526,0
0,-0.525307003628415,0
0,1.9338143987456746,0
0,-1.4167295346641338,0
0,-1.1478412281503858,0
0,0.9425515511652842,0
0,-0.4311592448055278,0
0,-1.1817551222046219,0
0,1.5279711787230157,0
0,0.4610559781451398,0
0,-0.38180116437717815,0
0,-1.1457748358995155,0
0,2.047406563859938,0
0,-0.02445181874660751,0
0,1.3973280624694941,0
0,0.8936335446094399,0
0,-0.5209015616632341,0
0,-0.5129411149897811,0
0,1.4463148979339198,0
0,1.4625173326199776,0
0,-1.8769159761207344,0
0,0.5497802609821923,1
0,-0.12121480472361965,0
0,-1.033323162938506,0
0,0.2617460947171974,0
0,-1.3495967909863944,0
0,-0.4664553546461,0
0,-0.7984737327699676,0
0,-0.4997912641559985,0
0,-0.07147849366199094,0
0,-1.0155666619054864,0
0,1.5731790288732976,0
0,0.4932832333941253,0
0,1.7945630283820548,0
0,-0.1600799690780195,0
0,-0.5487899622971091,0
0,1.758415614493028,0
0,-0.5780597398739851,0
0,-0.17829202198912472,0
0,0.7200474104973147,0
0,-1.2377258082972784,0
0,0.71129468479365,0
0,0.5833470661646026,0
0,1.2693253180378326,0
0,0.890044503010141,0
0,1.299978352877571,0
0,-0.11042190050841018,0
0,-0.8626703187070606,0
0,2.1099854140833623,0
0,-1.5266956155219669,0
0,-1.4265130788738078,0
0,0.5651280405088313,0
0,1.6249860481773497,0
0,0.18955084591416504,0
0,0.9993036997022059,0
0,-1.9958027274719585,0
0,-0.49954496218113714,0
0,-1.8739478071432591,1
0,0.7804109582286599,0
0,-1.5472313265890145,0
0,-1.2778188460326472,0
0,0.5140252049614028,0
0,1.0618243520177295,0
0,-0.15896810822921661,0
0,0.5701725041085097,0
0,0.5377881668730922,0
0,-0.2154268594424721,1
0,-1.0947054828862488,0
0,0.5648914068846425,0
0,0.6130956907750826,0
0,0.8940244030902588,0
0,0.31206642407889745,0
0,-1.1684999134793264,0
0,0.6903401613691801,0
0,-0.0013810802283412515,0
0,-0.48273744432334303,0
0,-0.2946358371937122,0
0,-0.6902571783903797,0
0,0.8888437788544289,0
0,-1.4181147335800204,0
0,-0.9934859348064183,0
0,-0.32877288467169474,1
0,1.6137508482389997,0
0,1.0542805490928489,0
0,-1.6408408032472255,0
0,1.351347088752486,0
0,1.349420216983684,0
0,-1.174008326022643,0
0,-2.5214582705964452,0
0,-0.07222162234724244,0
0,1.122424409299822,0
0,1.5912619698002022,0
0,-0.8708272643612502,0
0,1.7519791046629654,0
0,-2.227932395816701,0
0,-0.3680506138292876,0
0,-0.4172106692157472,0
0,1.152337024924303,0
0,1.29830246593978,0
0,0.9542236554333953,0
0,-1.3505500487458946,0
0,0.8626190317989219,0
0,0.5090419685934918,0
0,-1.6712343852795908,0
0,-2.067013828801687,0
0,1.0379892900207761,0
0,-0.18009930097924454,0
0,-1.2851820924548754,0
0,-0.20817192870876858,0
0,0.36404108111320266,1
0,-0.08285112666754706,0
0,-1.5519861531260863,0
0,1.88555690356411,0
0,1.004217968987892,0
0,-0.3353774516734673,0
0,-0.2950946559022876,0
0,0.35948739471317603,0
0,-1.1296213957403316,0
0,0.3226764365369687,0
0,-1.3307324368607656,0
0,-0.070534216845166,0
0,-1.1685714998568588,0
0,-1.1180839823267146,0
0,1.6457226136182097,0
0,0.059225894284554124,0
0,0.20740648540116763,0
0,-2.011379861081323,0
0,-0.5970017585210479,0
0,0.4612121187043472,0
0,0.19413626594750497,0
0,-2.1540298213537055,0
0,0.2071379166570812,0
0,0.36655880354968934,0
0,1.2837619981986996,1
0,-0.6552311189383428,0
0,-2.242068720135671,0
0,-0.9967707518051554,0
0,-1.0970650388685572,0
0,0.7367088777799742,0
0,-2.716736588395318,0
0,-0.4483564600726221,0
0,1.4257954735772547,0
0,0.00721246283363482,0
0,0.8963168161764239,0
0,-1.6417983335510877,0
0,-1.6019895132063227,0
0,1.4372424578452343,0
0,0.10121536575725322,0
0,0.10327436220914413,0
0,-1.1181528281069966,0
0,0.10078172895023148,0
0,-1.1459375683400963,0
0,1.18687044890565,0
0,2.7278307098681713,0
0,0.48394105366532936,0
0,-0.6349463854615437,0
0,-2.5336583304946583,0
0,-1.6844641145423411,0
0,1.554861831027136,0
0,-1.0291918432710732,0
0,-0.3708348816865122,0
0,0.6553259745791783,0
0,1.4822897993617925,0
0,-0.199586921163838,0
0,-0.4046668696660347,0
0,0.07162102851068375,0
0,-0.6276378166392172,0
0,-0.5738192032929551,0
0,0.4118801175338736,0
0,0.18529151783448639,0
0,2.131605306558584,1
0,0.4388488166354295,0
0,1.151145548093828,0
0,-1.071285176723131,1
0,0.5251572900302712,0
0,-0.7229813466010591,0
0,0.3954532632965579,0
0,0.6885145981148411,0
0,0.04986884400147382,0
0,2.407325721474793,0
0,1.4279797691084526,0
0,1.1772453328290966,0
0,0.7642861923700136,0
0,1.7633608177300442,0
0,-1.4369692974692159,0
0,1.3702831179905761,0
0,-0.9912443119995229,0
0,-0.5643391190667296,1
0,0.561392444061668,0
0,1.2332201655107236,0
0,-1.153576631681962,0
0,-0.5125448776777309,0
0,0.09753207250131049,0
0,-0.18636600469571402,1
0,0.8540320612351875,0
0,3.4359276159845202,0
0,0.41932070852587977,0
0,-0.7351964381623162,0
0,-1.2965083306389955,0
0,-0.3252539135856056,0
0,-0.9402498860287901,0
0,0.4675497919754231,0
0,0.4520216357842265,0
0,-0.46316820452495655,0
0,1.984955013783783,1
0,-0.7354473192398943,0
0,-0.11943106789817422,0
0,0.6391626658898175,1
0,0.8920548937698285,0
0,1.2775765215431991,0
0,0.42849647899323895,0
0,1.0509127007879968,0
0,-0.6651081720279391,0
0,0.918081960350382,0
0,0.9047291501563995,0
0,1.5128866747535359,0
0,-1.6684359922285426,0
0,-0.9071831156010672,0
0,0.823140969367302,0
0,-2.651364479881397,0
0,0.49200617378835015,1
0,1.0598044249313672,0
0,-0.5763752475504399,0
0,-0.43019000011191194,0
0,-1.0741373472399038,0
0,-0.5215471197314033,0
0,-0.4925685019617576,0
0,-0.6828412744655215,0
0,-0.7376781777844968,0
0,-0.2710047848883935,0
0,-0.28310431565612143,0
0,1.8741318998610565,0
0,-0.3941851431170102,0
0,0.3441502161918585,0
0,-0.5768829664763014,1
0,-0.5895957758414572,0
0,-1.7043705377326224,0
0,-1.5713662478110932,0
0,-1.2069982796529997,0
0,0.18369683476007076,0
0,1.0761736552845853,0
0,-1.786664526895518,0
0,-0.549076801348817,0
0,-1.3668907093503484,0
0,-0.26427709413354983,0
0,1.0757694937071505,0
0,-0.4468824016079753,0
0,-0.04751697219969663,0
0,1.455228396392314,0
0,0.4579009305079092,0
0,-0.760091855816802,0
0,0.1589152858357252,0
0,-0.8275490114022908,0
0,0.4204820127359998,0
0,0.5153401540727593,0
0,-1.3671597004984526,0
0,0.17514941738577372,0
0,-0.1175732579959197,0
0,0.5446773971721118,0
0,0.8313470510191334,0
0,0.477449604124605,0
0,-0.30319335337975234,0
0,0.9333300208640003,0
0,-0.8730627763102515,1
0,-1.3205219933694994,0
0,-3.1952866845608003,0
0,-0.07014095173715502,0
0,-0.8215464394934352,0
0,0.3977544760753508,0
0,-1.9712273940443676,0
0,-0.6471785508995,0
0,0.47026990586448525,0
0,-1.0298361463489805,0
0,0.409256748612862,0
0,-0.5570225950680406,0
0,-0.03280830977999759,0
0,0.5951580064168556,0
0,0.952797023115313,1
0,0.09249241132060718,0
0,-0.8140102948787449,0
0,-0.45803886237965,0
0,0.6369553630869581,1
0,-1.0212535834826066,0
0,-0.1780665966402057,0
0,-0.38588409836147486,0
0,-0.1033617833189646,0
0,-1.0092825292493772,0
0,-1.8519443522121117,0
0,0.5207426159596433,0
0,0.9641314234886486,0
0,-1.7921749574981565,0
0,0.3689261609262163,0
0,1.0831829148451766,0
0,0.5959110467623232,0
0,-0.4166701786760665,0
0,-0.9434963697507577,0
0,0.08097807934998928,0
0,0.24778505884688073,0
0,0.09580751115589878,0
0,-0.18013463011756567,0
0,-1.0826517241227573,0
0,0.4226882913088517,0
0,0.47085449441352384,0
0,0.20082212546167189,0
0,0.11099364507125732,1
0,1.6792494877461053,0
0,-0.6243787845733961,0
0,1.2814350974566557,0
0,-0.7340244692218376,0
0,1.1089505729564282,0
0,1.2333675500805437,0
0,-0.29305120340188257,0
0,1.6609630540608336,0
0,0.46903588674608915,0
0,-0.8772724411405676,0
0,-0.374156594389209,0
0,1.1327623061066514,1
0,0.9230647018766497,0
0,-1.0580404013792908,1
0,-0.13925731219049714,0
0,0.20352298277651182,0
0,-0.5076045890756089,0
0,2.357799723374719,0
0,0.23366374340532553,0
0,-0.061812190903049326,0
0,1.19085104425809,0
0,-0.36521353483883495,0
0,1.007427610617323,0
0,-1.6677323955829848,0
0,-0.45365404624556616,0
0,1.0490704183772468,0
0,1.570197720589671,0
0,-0.7732957130059931,0
0,-0.8898216362186484,0
0,0.567446430370459,0
0,-0.6230338949177128,0
0,-0.26857791775539397,0
0,0.8764050247371578,0
0,-0.544102181614012,0
0,-1.9654257515356857,0
0,-1.3010844356058813,0
0,0.009955585720280876,0
0,-1.8634231484728845,0
0,-0.2971604172973206,0
0,-1.392096516243992,0
0,1.6399390068655983,0
0,2.1651425947656726,1
0,-1.0581971023420684,0
0,0.256758680037918,1
0,-0.9604037319968523,1
0,-0.30931560205451125,1
0,1.8034693279558056,0
0,-0.4666885477264853,0
0,-0.2860374622371136,0
0,-0.9425292672276969,0
0,1.1461893776648633,0
0,-3.2632667025240267,0
0,-0.442797321531621,0
0,-0.04588609413545871,0
0,-0.6610773298509144,0
0,0.8635455077311673,0
0,1.2020272839704742,0
0,-1.412039512879515,0
0,2.0934866537708046,0
0,-1.4232588243535156,0
0,1.2886306816758417,0
0,0.1498276985356943,0
0,-0.5037010971138146,0
0,-0.40936692967583616,0
0,-0.03351279066031383,0
0,0.20841786186378186,0
0,-0.9201543513715253,0
0,-0.23393995767839035,0
0,-0.7706728229275946,0
0,-1.2150495270738728,0
0,-0.8173117024578972,0
0,-1.1499746326954394,0
0,-0.4201549127505187,0
0,0.43247490546841544,1
0,0.12071035417796232,0
0,1.9743447766606508,0
0,-2.210453013719917,0
0,0.4693409662141885,0
0,0.00642023852435217,0
0,0.8156703423719669,0
0,0.7164652043104087,0
0,-0.16499175013517703,0
0,0.17265128485675557,0
0,-0.7440692129184846,0
0,0.6136799793544542,0
0,-1.878876052122701,1
0,0.7768264386493173,0
0,-0.02317344423611007,0
0,-0.4870620378310888,0
0,-0.2325331994467262,0
0,-0.1591962345883808,0
0,1.2973037604805013,0
0,3.2334936632485123,0
0,1.2198708241503822,0
0,-0.5653257858897562,0
0,0.6297818242852791,0
0,0.6733291660574839,0
0,-0.9251607224472203,0
0,-1.2607992972206816,0
0,-0.06328092891678859,0
0,0.8077076027014347,0
0,-1.6118082676014285,0
0,-0.7208978676544061,1
0,0.5726517089904064,0
0,0.041723613270580134,0
0,1.4162736205989954,0
0,-1.4113674540763435,0
0,2.3521649334494557,0
0,-1.5379924435695795,0
0,-2.0291637188282605,0
0,-0.05891277949730691,0
0,-1.1344589282460094,1
0,-0.03875566404487908,0
0,-0.07372687895466667,0
0,-0.19577421210743123,1
0,-0.8424110321967792,0
0,0.43265615257969103,0
0,-0.3173371147671696,0
0,1.1036648707547636,0
0,-0.18037225252830674,0
0,-0.9646474228665894,0
0,-1.6877105518433855,0
0,-0.17210943144837143,1
0,-1.2692045713626225,0
0,-1.349961854004778,0
0,0.527457309146987,0
0,-1.7776700611633918,0
0,1.4121933783329124,0
0,0.15971638439554017,0
0,-0.04384263102496118,0
0,-1.034765940550586,1
0,0.764372296342938,0
0,-0.0029049335973952714,0
0,-0.686096642740802,0
0,0.19982469665158892,1
0,-1.6827854554393802,0
0,-1.6353271315491387,0
0,-1.1201860853010783,0
0,0.3495272676097139,0
0,-0.003258321806131569,0
0,1.0489792655557526,0
0,-0.9199898521685768,0
0,0.5746678404813418,0
0,-0.11387055239528114,0
0,-0.9430451947409286,0
0,0.38530767071291894,0
0,-0.06601185824523254,0
0,-0.6291191941453987,0
0,0.04199908714409162,0
0,-0.129530385937392,0
0,-0.1536880685175025,0
0,-0.41259314991079943,0
0,-1.3049485388936377,0
0,0.07476541589487229,0
0,-0.8027143737214145,0
0,-1.0203288676440678,0
0,-0.24069984410260706,0
0,0.7340265441721783,0
0,0.18561350769098114,0
0,-0.531142208357589,0
0,-0.5713460578678574,0
0,0.635813262188768,0
0,-2.39673576944724,0
0,0.7973649891994805,0
0,-1.874015774930339,0
0,-1.4154079083229805,0
0,-0.5142658312632256,0
0,2.170124142930845,0
0,1.6774193600142666,0
0,0.7064877557971356,0
0,0.35654237829544994,0
0,-1.8622769680124747,0
0,0.15675816288069885,0
0,-0.5492215185599713,0
0,-0.8166693336227218,0
0,0.15480308997465927,0
0,-0.4711100094466988,1
0,0.8692995459688505,0
0,-1.9359547676126674,0
0,0.07501142234598206,0
0,-0.8790972235140434,0
0,-0.40963582891569356,1
0,0.3046264194792415,0
0,-1.117307862610067,0
0,0.16423213931246486,0
0,-0.2123382052092645,0
0,-0.6605868651768887,0
0,-0.4705724860109197,0
0,-0.15455189118692608,0
0,-0.7678365125632122,0
0,0.007094475325611389,0
0,-0.2781766216660757,0
0,-0.6112825370669608,0
0,1.5898422339029836,0
0,0.41523992256162096,0
0,-0.38271223262295445,0
0,0.14586043082470876,0
0,-1.0268201367735081,0
0,-0.4367716067785833,0
0,-0.3200774504382476,1
0,-1.2467939099098826,0
0,0.3873540479944179,0
0,-0.5056127026128259,0
0,-0.3554666674474038,0
0,-0.5687198591233552,0
0,2.9590905906430995,0
0,-0.6626151501740128,0
0,-2.0686769538858276,0
0,-1.5999319709588355,0
0,0.7593026226954348,0
0,1.3364526916831299,0
0,-0.6817971913728537,1
0,1.2789496696354639,0
0,0.7415899998425441,0
0,-0.18948013098608893,0
0,-0.26044628377053547,0
0,0.18087022641565326,0
0,0.877455822153641,0
0,0.3972945655950222,1
0,-0.6768083017986958,0
0,-0.1742070470263107,0
0,1.981263454721924,0
0,0.251213797296192,0
0,0.8693254268826153,0
0,0.5398849872492323,0
0,0.2733577439977027,0
0,0.10869890001506896,0
0,0.8973906253249794,0
0,0.7186422353106833,0
0,0.2638934780115486,0
0,-0.6937625255478881,1
0,0.3855588055484719,0
0,-0.06700793646808344,1
0,-0.3082559113450759,0
0,2.678775974966068,0
0,-1.5390513077078276,0
0,0.9585128590574828,0
0,-0.8626709442538306,1
0,0.1311954893433961,0
0,2.568587519090185,0
0,-0.9623689948240629,0
0,-0.7238726548272637,0
0,-0.01751373715160032,0
0,-0.8472169576313617,0
0,0.884056350940301,0
0,-0.5345294360632951,0
0,0.6540096401493369,0
0,-1.3291891318000693,0
0,-1.8068315021542254,0
0,-0.22898497895304948,0
0,-1.568507838037595,0
0,1.5182689127654503,0
0,-1.529803490494998,0
0,-1.0376866876706978,0
0,0.4136198854746102,0
0,-0.5863639500620061,0
0,-1.518387969867604,1
0,2.0399641600719596,0
0,-1.001633803159574,0
0,-0.1962578074965492,1
0,-0.20919252010603026,0
0,0.7103091519665778,0
0,0.4623524606710589,0
0,-0.8268010377310057,0
0,-0.3258272174433068,0
0,-0.22692243354181574,0
0,0.748959498198562,0
0,-1.1683219148586013,0
0,2.018110556755782,0
0,-0.7591833874594441,0
0,-0.008749396756593255,0
0,-1.1599894396932418,1
0,-1.2981590116406168,0
0,-0.874428409077624,0
0,-0.9705232176642551,0
0,-0.4142570241548305,0
0,-0.9789650287637407,0
0,0.6955524212942098,1
0,-0.782983895318375,0
0,-0.8938154934519152,0
0,-0.3929688641172687,0
0,0.9928388786962945,0
0,0.2148761736103992,1
0,-0.09968952988746987,0
0,-1.433044769968679,0
0,-1.1427084598637094,0
0,-1.2784099400396236,0
0,1.3068512236723466,0
0,0.5305631231316476,0
0,-0.8616205089241941,0
0,-0.5643716438256554,0
0,-0.8252901762373339,1
0,-0.8858612163807086,0
0,0.46030103121618055,0
0,-0.2875362207843132,0
0,2.0811677442974634,0
0,1.2503598245169982,0
0,1.3094803404667223,0
0,0.6713569749481262,1
0,-0.4226590705071891,1
0,0.5977908845295841,0
0,-0.34883269452865795,0
0,1.6302760507283627,1
0,0.40427938304992056,1
0,0.26236035860301515,0
0,0.12707266242950907,0
0,1.7402664273608581,0
0,-1.4337503338367856,0
0,1.8382878276687262,0
0,-0.18615380745413765,1
0,-1.4061489758156511,0
0,-0.752209731643056,0
0,-1.6508072627235828,0
0,0.65365674558564,0
0,-1.0382929503465195,1
0,0.16866766620470017,0
0,1.1342170301658476,0
0,-0.6720169285661368,0
0,-0.2681036930243923,0
0,-1.3033666099160157,0
0,-0.3883571089511976,0
0,2.574023625273372,0
0,0.7779331641104418,0
0,-0.2647304188936049,0
0,-0.6116880361817151,0
0,-0.04263339565643339,1
0,0.1300507521936395,1
0,-0.4190697071457578,0
0,0.5300591957711293,0
0,-0.953447490060409,1
0,-0.9583876749842681,1
0,0.3701954570502046,0
0,-1.1686417535643978,0
0,0.7290172528625397,0
0,-0.014280612396933458,0
0,-1.8279092187172135,0
0,0.10949912556094678,0
0,-1.6851466245889946,0
0,0.6933620096556613,0
0,-0.24871432925059608,0
0,1.8510842165068195,0
0,1.071312844372607,0
0,-1.0606925062318246,0
0,-2.0207398638414173,0
0,-0.7551012567913739,0
0,-1.2212586028303711,0
0,1.825738086877094,0
0,-0.01031465928015141,0
0,0.9334188041831667,0
0,-0.2850309125505859,0
0,-0.1796674882806456,0
0,-0.03262702250890829,0
0,1.1065393185924464,0
0,0.31162475567459863,0
0,-1.057333843476665,0
0,1.6225141380864172,1
0,-0.29281549898631315,0
0,-0.4555201238766485,0
0,-2.829505302249035,0
0,0.634399591161337,0
0,0.1010126396618833,0
0,0.09992565660190209,0
0,-0.40282467111081804,0
0,-0.5752178401327828,0
0,-0.36958042683042985,0
0,0.46316087112727944,0
0,0.6391177730333506,0
0,-0.23103158837459842,0
0,0.948937494316759,1
0,-0.07897418101747768,0
0,-0.5042264181236554,0
0,0.19841557490736433,0
0,-1.3593864184938602,0
0,0.23271830907924854,0
0,-1.5421821055263716,0
0,-1.0277269599837642,0
0,-2.0186914067166244,0
0,-0.17511695267150065,0
0,1.6096337023090939,0
0,-0.11707666108143513,0
0,0.6435853794331272,0
0,2.352313897312389,0
0,0.4040558481200959,0
0,-0.7652120445880223,0
0,-0.6275686027358373,0
0,0.0006582082230062616,1
0,-0.6328946452609244,0
0,-0.5580869998134319,1
0,0.9852539092594899,0
0,1.0261562807722122,0
0,-1.646892482048664,0
0,-0.8181695179002196,0
0,-0.4640043869133926,0
0,0.599088946165252,1
0,1.1430755885056563,0
0,2.701967934273884,1
0,-0.4656732962826614,0
0,-0.4157287143420289,0
0,0.5885700156377142,0
0,-0.6822167189548592,0
0,-0.1409618614905171,0
0,-0.41503810878354574,0
0,-2.621653921904179,0
0,0.12323323015154566,0
0,-0.18236095930279028,0
0,1.2712310502568995,0
0,0.005490407536354829,0
0,-1.2547474783141723,0
0,-0.25809887297952333,0
0,-2.091082843136628,0
0,-1.2109178351996426,0
0,0.6355059681529976,0
0,-0.24734043995366325,0
0,0.9225082394980657,0
0,-1.9668922508780478,0
0,-0.242461397323753,0
0,-0.47551249838778537,1
0,0.955848582613206,0
0,0.6727627681666226,0
0,0.642252150088298,0
0,1.5414100380841014,0
0,-0.36808710928656624,1
0,1.335080835300719,1
0,-1.044206150879736,0
0,-1.0808777497656938,0
0,0.7527465714983388,0
0,-1.5047407384088016,0
0,0.5727656284189578,1
0,0.10131319372132609,0
0,1.0718527286548727,0
0,-0.05944396495488946,0
0,0.056048946295527126,0
0,0.5092649929249059,0
0,-0.6626495500597784,0
0,-0.7062063074902213,0
0,0.47442943984341945,0
0,-0.02928780913063744,1
0,-0.40731391730428035,0
0,-0.08278409969766753,0
0,1.59455950783833,1
0,-0.4430184067398925,0
0,-0.4720196132820156,0
0,-1.707444224662495,0
0,-0.042352938157114994,0
0,0.656883511240392,0
0,0.8361981156808681,0
0,0.10821760163053258,0
0,0.9558335730808833,0
0,0.7312304018802419,0
0,1.1129502296922626,0
0,0.9843026554775617,0
0,1.5699781961072512,0
0,-0.16969316656624964,0
0,-1.3270580423615084,0
0,0.6637187436854202,0
0,0.7805531893227763,0
0,1.5699953933811395,0
0,1.281290356169706,0
0,1.9454724558645653,0
0,0.619853980326533,0
0,0.22881059193862816,0
0,-1.3849831213257466,0
0,0.30809653451408037,0
0,-0.5525033568713179,0
0,0.21151001343247092,0
0,0.05451318630965609,0
0,0.47173358885013494,1
0,-0.09733070953851063,0
0,0.9350201907325847,0
0,-2.723154312875058,0
0,0.18999357515784446,0
0,1.202489779152562,0
0,1.8700485084562146,0
0,0.7319613383850628,0
0,1.6848830225825389,0
0,0.16893599575874238,0
0,0.002862575927063058,0
0,0.5294156432277516,0
0,-0.0031942828910650643,0
0,-0.7823574680173606,0
0,-0.5152402441318994,0
0,-1.1121529060761572,0
0,0.5283770948652446,0
0,0.011391812500477263,0
0,-0.3602861167580975,0
0,-0.5666837568372902,0
0,0.5050563461996265,0
0,0.7804481806100702,0
0,-1.1305139965051827,0
0,-1.2876846697756177,0
0,0.954509955621015,0
0,-1.3751332384885957,0
0,0.5474868338224844,0
0,1.6169091987540132,0
0,1.6192348033931345,0
0,0.7378725906320917,0
0,0.7088095153221207,0
0,2.251907450196455,0
0,-2.3343956628937708,0
0,-0.4643356760806351,0
0,0.8484918490766015,0
0,-0.33728700784195703,0
0,1.2397783086070346,0
0,-0.039354060310192646,1
0,0.13174386033759755,0
0,-0.27467466424593767,0
0,-0.5225109588080608,0
0,-0.5471099631476519,0
0,0.2711662968367763,1
0,-0.7745649658228669,0
0,0.9532048834912875,0
0,0.6532259246028234,0
0,1.0994164409698404,0
0,-1.1289243559929987,1
0,-1.6994765467864439,0
0,-0.004185755631763539,0
0,2.898800613559521,0
0,1.2662087780945706,1
0,-0.5544463085067131,1
0,0.424512134431341,0
0,0.7275869074436836,0
0,-1.3683882407328614,0
0,1.3696258690346048,0
0,-0.1674241268209407,0
0,-0.09068084460786036,0
0,0.02378465943385564,0
0,1.1445401393078949,0
0,-0.755182158201408,0
0,-1.7069700047844523,0
0,0.3229552929000445,0
0,-2.043658086173129,0
0,-0.3011035951355401,0
0,1.1868742898588183,0
0,0.5790939035087382,0
0,1.042356065725276,0
0,0.620351365202829,0
0,2.410334488783408,0
0,-0.588239627656815,1
0,0.3981316770083233,0
0,-0.43812047121265035,0
0,0.9568012699148709,0
0,-0.06157487605049596,0
0,1.7188448794440452,1
0,-0.5308159554019765,0
0,1.4071265257169843,0
0,0.5931395305439708,0
0,-0.032461069086980585,0
0,0.5424423378599244,0
0,0.26126438752919223,0
0,0.35595468025181004,0
0,-0.2068710730943909,0
0,-0.7015885075549914,0
0,-0.3350711199625306,0
0,-1.6831449779482226,0
0,0.8419483325326256,0
0,-1.2351639721754797,0
0,-0.21764705523569966,0
0,0.6480450414810331,0
0,0.8393967170999113,0
0,-1.7746519368372387,0
0,-0.09184807522507778,0
0,0.45974469944882207,0
0,0.052016109262326755,0
0,1.3440749576735447,0
0,-0.8218068999146023,0
0,-2.0490411301901967,0
0,0.8103260167685212,0
0,-0.5370861196184876,0
0,-1.758540597585998,1
0,-0.15851239056647382,0
0,1.2305579759317014,0
0,-1.2632526178126982,0
0,2.3359959539472674,0
0,-0.8378815945366619,0
0,0.08701085412574988,0
0,-1.2191324178476084,0
0,0.041610348696014196,0
0,-0.13374782175867694,0
0,-1.4894939023310871,0
0,2.82582696895091,0
0,-0.4953371690186946,0
0,-0.49446255730602856,0
0,0.9690358793536544,0
0,1.8142548833484688,1
0,1.1264368680043029,0
0,-1.2011801230265864,0
0,0.21390900949466274,1
0,-1.8813724823849947,0
0,0.9017050813223565,0
0,-1.635188138530462,0
0,-0.803201323609237,0
0,-0.0032015040313106763,1
0,0.44500656114101217,1
0,-0.2609346233953191,0
0,1.5190836767328817,0
0,0.7232395821922794,0
0,0.6447247540642086,0
0,-1.2294009019846637,0
0,1.6993678975454027,0
0,-0.8030651442785116,0
0,1.737542432987094,0
0,2.0221950569255713,0
0,0.5126565323637751,0
0,1.0320130976794208,0
0,-3.0829197630568688,0
0,-0.1950024154903774,1
0,1.1021656399195396,0
0,0.9245102683140846,0
0,-1.2197233380998775,0
0,-0.29372203986787376,0
0,-2.5363655052011467,0
0,0.41299284017275345,0
0,-1.8833284012268237,0
0,1.1304778427875717,0
0,1.182724860717409,0
0,-0.47436681440649864,0
0,0.5212759304540885,0
0,-0.2170987240605085,0
0,0.24190839501486613,0
0,-1.14725942324315,0
0,0.6224926232399093,0
0,-1.6411852302244163,0
0,-1.8299301623293818,0
0,-0.12192831666699186,0
0,-0.2112432796112795,0
0,0.27230173055175044,0
0,-0.6495074902363289,0
0,1.8856916657855893,0
0,0.16060498937944198,0
0,0.23288177851622544,0
0,0.19723387740704562,0
0,1.002909868948078,0
0,0.5760174144844643,0
0,0.44201789970827926,0
0,0.7359841048655908,1
0,-1.8246146370471914,1
0,-1.7868476505857773,0
0,-0.07605874530144384,0
0,-0.19767388268190214,0
0,0.5798098440482081,0
0,0.020016902183505356,1
0,0.5818649344542106,0
0,-1.2455952695612857,0
0,-0.01074457040869473,0
0,-1.3410567379577842,0
0,0.38685793437140087,0
0,-1.8782850423633206,0
0,0.34831009854087963,0
0,-1.4689993808971122,0
0,-0.3835277932217955,0
0,0.894927691449249,0
0,0.22737998859841746,0
0,-1.645660223724301,0
0,-0.6723938446940241,0
0,-1.501378525476802,0
0,-1.6947584996051934,0
0,0.1176631761339743,1
0,0.5602983435601032,0
0,0.4406059207156895,0
0,0.6026268148797509,0
0,-0.011910850885818457,0
0,-0.2733902187499678,0
0,-1.0730693270623144,0
0,-0.4400796717504989,0
0,-1.3213483853261705,0
0,-0.8451655271269194,1
0,0.08892687043804186,0
0,-0.1178060875409223,0
0,3.064728037894776,0
0,-1.3457955975050075,0
0,-0.12509872083178206,0
0,-1.4237321112037242,0
0,-0.3877858759699509,0
0,-0.34709318211518453,1
0,0.8448800262331382,1
0,-0.4496665392179212,0
0,-0.19131960005615892,0
0,-0.4303179624722195,0
0,-1.401051744057209,0
0,-0.6521023717931075,0
0,-0.3819367150838177,0
0,0.07382588340638456,0
0,0.5589472872248251,1
0,-0.2345965097110292,0
0,-0.2521762639813468,0
0,-1.720813158487053,0
0,0.5397345172563511,0
0,-0.6958978871500408,0
0,0.7471232382297756,0
0,1.3164399478541957,0
0,-0.18791502669300522,0
0,-1.0233112807658922,0
0,-0.016698613086298133,0
0,0.34870199801863844,0
0,-0.3155200012467209,0
0,-0.5640384093793239,0
0,0.5635322106974137,0
0,0.49757827469419513,0
0,-0.3462896403271577,0
0,-1.6540661652606898,0
0,0.4563781853794524,0
0,-0.7673271934413766,0
0,0.21434107537030897,0
0,0.15115723167903694,0
0,-1.8889474270426652,0
0,0.0810816844115734,0
0,0.5145325253744555,0
0,0.6371524153104868,0
0,0.1173657510963127,1
0,-1.97718604394959,0
0,1.2770810621866373,0
0,0.41102266754258043,0
0,-1.2033193293704774,1
0,-0.7877630401582735,0
0,0.23122420929452067,0
0,0.6797841932982557,0
0,-0.4879628563477017,0
0,0.8255254073790749,0
0,-1.7927668291001777,0
0,-1.0424590110937872,0
0,-2.0643640098420826,0
0,-0.8974051428696932,0
0,1.5080771845440948,1
0,2.0578022345854023,0
0,0.23459046823044263,0
0,-0.6384292072685546,0
0,-0.22163990085094343,0
0,0.4733398908330222,0
0,-1.5629808516390824,0
0,-0.5724991759812048,1
0,1.434893074450249,0
0,-1.0457100693283625,0
0,-0.7490248992615429,0
0,0.013193655981440497,0
0,0.28314225950470917,0
0,-0.6250040461994723,0
0,0.07696438325195544,0
0,0.6079395337394395,0
0,1.9614518237636474,0
0,-0.1262443794347809,0
0,-0.041297315340562746,0
0,1.5274523459795106,0
0,-0.5491658582980953,0
0,-1.3243530327621809,0
0,0.2502489756589624,0
0,1.076175025087915,0
0,0.36104713519968545,1
0,-0.09701565754724577,0
0,-1.4483933731348388,1
0,-0.058369245268373136,0
0,1.2331549263163366,0
0,-1.2341170815392215,0
0,-0.24474717380327135,0
0,-0.38748473215836077,0
0,-0.6977045706377453,0
0,0.24792300451900576,0
0,0.4433052412560076,0
0,0.4328269047934368,1
0,-0.976809763615125,0
0,-1.6459836943336827,0
0,0.2623884365307285,0
0,-0.5059190414826519,0
0,1.8383123796867857,0
0,1.8845096960149461,1
0,1.99068979439604,0
0,-0.9401109010347132,0
0,0.5693690867420935,0
0,0.870952517251484,0
0,0.7583542335444021,0
0,-0.3543979441938586,1
0,1.279164902965326,0
0,0.0004749863665227949,0
0,0.1281061249354394,0
0,-1.5378334517771435,0
0,0.6447649695729887,0
0,-0.2604117135724109,1
0,0.4647788621005251,0
0,0.23511369980461824,0
0,0.18093657666377086,0
0,-0.045713572466684164,0
0,0.786599734660454,0
0,-0.1988925368850661,0
0,-1.4551974194529833,0
0,0.5689556063739339,0
0,-0.8090055249116386,0
0,-1.3242618426821398,0
0,-1.0222433341425983,0
0,0.2833323793569209,0
0,-0.0965188030948501,0
0,-2.1326830296728474,0
0,-0.3836559430526696,0
0,1.1692312249747645,0
0,-0.4512956709333788,0
0,-0.1654765534275925,0
0,1.0429914373271527,0
0,0.7954892582045359,0
0,1.021751087651711,0
0,-2.772553610053703,0
0,1.7335230384421108,0
0,0.636400435427929,0
0,2.46147641402415,0
0,-0.7823260307742839,0
0,-1.7634506056489103,0
0,0.007218456725176393,0
0,-0.2753723297571609,0
0,0.6536639836148213,0
0,1.0749283445863558,0
0,-0.08729414487949709,0
0,-0.24070804581272578,0
0,0.5227198195161272,0
0,-0.25632866569249774,0
0,-0.3399821008967875,0
0,1.037134938675286,0
0,1.2597778569035725,1
0,1.0839662438630937,0
0,-0.16822971272552553,0
0,-2.139788987753183,0
0,-0.1482060863928482,0
0,-0.7579800126770487,0
0,-0.12972501901058803,0
0,-0.6710908927176088,0
0,-0.020739855465601982,0
0,-1.0392756292315644,0
0,-1.2807174367183787,0
0,1.222691482570892,0
0,-0.9696576133676534,0
0,0.00033162525635355324,0
0,0.9545148466028355,0
0,0.9143041262295727,1
0,0.7948482049153512,0
0,0.3028665145015353,0
0,0.7240033085368497,0
0,1.3730881326061544,0
0,0.4250225939953734,0
0,-1.8372023468141836,0
0,-0.5285332061500967,0
0,0.6963700717220878,0
0,-0.6270959337094042,0
0,1.6201061394586438,0
0,-0.0631798281664315,0
0,0.08524877135943626,0
0,1.1247441989017355,0
0,-0.18284989730929277,0
1,0.17627703572818604,0
1,0.8991234839991122,0
1,-1.4722706158336862,0
1,-0.2852981623875496,0
1,0.8291532953791201,0
1,0.06560014834259406,0
1,1.4673338120774801,0
1,-1.5759233581869183,0
1,-1.6900017679461332,0
1,0.7696865166227178,0
1,0.8658072149327748,0
1,-0.19325000683183333,0
1,0.4003944000457243,0
1,0.7452069776314066,1
1,-0.8138632058517464,0
1,-0.7068483750492992,0
1,0.1897261791986366,0
1,0.9040889598937201,0
1,-1.1659569263579848,0
1,-0.19794763193501935,0
1,-0.24423663170443868,0
1,0.4179591050427642,0
1,-0.008698370008834274,0
1,-0.5458835838028594,0
1,1.2485657807574058,0
1,-0.53925748162082,0
1,-0.29209636302145364,0
1,-1.5914976359196236,0
1,-0.7136258768458952,0
1,0.51607607633905,0
1,0.3206019563548599,0
1,0.5995169900657619,0
1,0.5509822859456703,0
1,2.087714036295154,0
1,-0.74785882744691,0
1,-1.6194237434347885,0
1,-1.0505529960715239,0
1,-0.7036518358315914,0
1,-0.9743269366169109,0
1,0.09366084764485418,0
1,1.2526549055570213,0
1,1.5396590729699147,0
1,0.5043085018466044,0
1,2.1412722154540154,1
1,-0.3563730565664191,0
1,-1.6325190420024265,0
1,1.0531780678881695,0
1,-1.8385943917490626,0
1,-0.7550030226998042,0
1,0.5201122324227964,0
1,-0.10238148004878078,0
1,-0.1909527628715059,0
1,-1.180790032820006,0
1,-0.010802389433337011,0
1,1.0036624887377918,0
1,0.01996791653601892,0
1,-0.8302258796410609,0
1,-1.2475384605973305,0
1,-0.8095945829555786,0
1,0.3923337524143584,0
1,0.3436022623597101,0
1,-0.8005071005956687,0
1,-2.210759421982058,0
1,0.4200127636721649,0
1,-0.897707398975251,1
1,0.6890624790152835,0
1,-0.7561096421277498,0
1,-0.9879004536698087,0
1,0.15317190725958432,0
1,2.357699230026369,0
1,0.7490299911165732,0
1,0.1362192992058518,0
1,0.3588515363809683,0
1,-1.7511158614855973,0
1,-1.1223403707525563,0
1,-2.510928865047139,0
1,1.7298738945766226,0
1,1.5273860291557484,0
1,0.3928185262149098,0
1,0.13511510308420474,0
1,-1.5515900024975802,0
1,-0.21929996025069107,0
1,1.7923918784038924,0
1,0.1314159981957143,0
1,-0.5646464662118963,0
1,-1.7580706600036133,0
1,1.380305727730805,0
1,-0.07008380102765632,0
1,-1.7567338533628292,0
1,-0.924265682071542,0
1,-1.2775380173581303,0
1,-0.13174352571197195,0
1,0.2073389696128186,0
1,-0.5032170642785246,0
1,0.7770465964868817,0
1,0.07880224047244168,0
1,1.06231238527213,0
1,-0.3571940780807189,0
1,3.0453255920111455,0
1,-0.5644887234739576,0
1,-0.9033299917558719,0
1,-1.0263005500957576,1
1,-0.21094072655430532,0
1,-1.7195360908657837,1
1,0.29456284382781067,0
1,-1.905303769564807,0
1,0.16167092405723113,0
1,-1.3512517440963532,0
1,-0.38129340738009276,1
1,0.6045403991323594,0
1,2.3040376838763534,0
1,-1.078000520781157,0
1,-0.1503174494263918,0
1,-0.7237586747755422,0
1,-0.8698703225607956,0
1,-0.7149733299695444,0
1,0.8240664756369391,0
1,-0.48805586423037967,1
1,2.249312698270855,0
1,0.415979255894734,0
1,-1.0100106611740751,0
1,-0.3667051821450773,0
1,-0.8018469900399894,0
1,0.8000686529467138,1
1,-1.6387796565652528,0
1,-1.3409513804358102,0
1,-0.5915461187491414,0
1,0.6829467931383254,0
1,1.2330602748227724,1
1,1.3805421907728432,0
1,0.5298015199475303,0
1,-0.08288953635802004,0
1,0.7946258123139927,0
1,-1.1445006174317105,0
1,-1.8446572220162265,0
1,0.436637577686489,0
1,-1.00567841714885,0
1,-0.06530673216548083,0
1,0.1196270158728145,0
1,0.24811955917829656,0
1,0.937791538525052,0
1,0.8320751882917314,0
1,0.19500006716769022,0
1,-0.4420152804694056,0
1,0.10776208867632091,0
1,-0.5962104166749215,1
1,-0.19642892200617093,0
1,2.6181734235804135,0
1,0.18218970088354047,0
1,0.45024501703754843,1
1,-0.7054806490303621,0
1,1.020073416429868,0
1,0.7602724226634243,1
1,0.7673525546550849,0
1,0.21489124675346327,0
1,1.0341900957667707,0
1,1.2716851966347333,0
1,0.2830989193492951,0
1,-0.1146123590003228,0
1,0.8945709901147607,0
1,-0.9041253065597437,0
1,-0.7179602806153267,0
1,-0.05330034288490133,0
1,-1.7413570684381454,0
1,0.8275952735634243,0
1,-0.9629138874658232,0
1,-0.47149102150175687,0
1,-0.2132795956797711,1
1,0.039286821570550176,0
1,-0.3436532764230419,0
1,-0.06737104723034884,0
1,-0.05962763239041407,0
1,-0.44703095762712625,0
1,-0.7731944576387653,0
1,1.0814739243556017,0
1,-2.104405702266703,0
1,-0.20571515900948276,1
1,-0.46889947188421555,0
1,0.4187914867264866,0
1,-1.4542927965190087,0
1,-0.49978534124360413,0
1,-0.10235973398975594,1
1,1.0700736103704593,0
1,0.33218496679542386,0
1,-1.1834882108688618,0
1,-0.4874767187206597,0
1,0.886051352660691,0
1,-1.2007748659230675,0
1,-0.07864426837237082,1
1,-0.009120452526275582,0
1,-0.3857830599207645,0
1,2.695751782798915,0
1,-0.41273145944754897,0
1,0.4497651593677976,0
1,-0.7663011202192842,0
1,0.5277479919994043,0
1,0.8707875968519352,0
1,-0.587964036746098,0
1,-0.054701815218532915,0
1,-0.8952797698908733,0
1,-1.1444038120498916,0
1,1.0367954325002064,0
1,-0.5540009458836479,0
1,-2.41361232850807,0
1,1.7653561564936229,0
1,-0.8020953230626062,0
1,-0.24637304374803073,0
1,1.6409065054943148,0
1,-0.14174209418763992,0
1,-0.1633366022018634,0
1,-1.2281730445505332,0
1,-1.6348336996275665,0
1,-0.1663862645961283,1
1,0.3628097740748948,0
1,0.30552540821077256,0
1,-0.4812610804692158,0
1,0.020257799346942336,0
1,-1.8372099953279672,0
1,0.4601670206954785,1
1,0.16140584477004594,0
1,1.9736608941828575,0
1,0.007479646429047295,0
1,-0.942669352146079,1
1,-0.050723134088819094,1
1,-0.327799800015837,0
1,0.43470786877039785,0
1,0.026892061725186146,1
1,-1.2599467010526437,0
1,-1.6357432881940195,0
1,0.262908202633016,1
1,1.383114541069239,0
1,0.07934788405171923,0
1,0.8132973539202071,0
1,1.0128091542036002,0
1,0.26679184579466836,0
1,-0.8144914878614082,0
1,0.19530808504556424,0
1,1.2070728876004806,0
1,0.5298905495999142,0
1,0.7482453428286557,0
1,-0.4625462416918259,1
1,-0.2023537597454822,0
1,-0.11872731090036714,0
1,-0.05133800253679587,0
1,1.1679583160123588,0
1,-2.3471737283381673,0
1,0.03053830458183765,1
1,-0.07949637569485415,0
1,-1.371501141444149,0
1,0.671767216587465,1
1,-0.7245001919449245,0
1,-0.3570326493531597,0
1,1.8487819077540433,0
1,1.0099736495390559,0
1,0.5744869391451162,0
1,0.38077693464440415,0
1,-0.16468002244534266,0
1,1.9993772653701014,0
1,0.8021676314402391,0
1,-0.7495499139652525,0
1,-1.400102278217654,0
1,0.5668380019892694,0
1,-0.05586912987844468,1
1,-1.4289381669461676,0
1,0.4285861657115819,0
1,-0.2690271603115207,0
1,0.5306649255274699,0
1,0.4417402145809067,0
1,-0.6082640215438392,0
1,0.6328447644242048,0
1,-0.4979050826348992,0
1,-0.4328818731809713,1
1,-0.532271406621378,0
1,1.1309744278062708,0
1,-0.2805723880543605,0
1,1.3724431805642519,0
1,1.78348487018686,1
1,-0.7387191368544488,0
1,-2.9209953146969334,0
1,1.0445095432712728,0
1,-0.3419718973601411,1
1,-0.8661864131319914,0
1,-0.5887181061529682,0
1,-0.4148138213660293,0
1,1.29719309069374,0
1,0.1599112393175145,0
1,1.2835986301081355,0
1,0.4942201192784956,1
1,-0.3092307239504844,0
1,-0.3903572032092572,0
1,0.5616087507496011,0
1,0.8204256293327086,0
1,0.9967926857008693,0
1,-0.261538511375743,0
1,0.1752058564044724,0
1,0.5840404092553264,0
1,-0.38396502593686194,0
1,-1.1349400338027669,0
1,-0.8062710667021233,0
1,-0.24103544254798545,0
1,0.662207139220301,0
1,1.2589774955721018,1
1,-1.3560472087346207,0
1,-0.5973450139299826,0
1,-0.3578624970632518,0
1,0.7947170323066438,0
1,-0.5281105353885002,0
1,-0.4297323349474719,0
1,-1.411992577150224,0
1,0.483407315973259,0
1,-0.16139907459655461,1
1,-0.6540450349795964,0
1,-0.25951322448209657,0
1,1.126995501931263,0
1,-1.004886908319843,0
1,-0.8416596311035961,0
1,1.252252447465621,0
1,0.07577482801885757,0
1,0.6697540967119173,0
1,0.4017519100056866,0
1,-0.03533455229394842,0
1,-0.34829911914855655,0
1,0.8315580224838186,0
1,1.162336567811155,0
1,1.0841883470160967,0
1,-1.1854716336476838,0
1,1.304911017844329,0
1,-0.35793525419764505,0
1,-0.7550295375448344,0
1,-0.1693276967684734,0
1,0.831128435248732,0
1,0.5404641840280625,0
1,-0.25538641185426775,1
1,0.8376658668779747,0
1,0.13986058075943492,0
1,-0.5729714655393743,0
1,-0.7080352829584932,1
1,0.4102348444216199,0
1,-0.08251773581560166,0
1,-1.3755051534136362,0
1,0.8471614930695031,0
1,-0.4802750286244204,0
1,1.5921196479887945,0
1,-1.402989985154711,0
1,-0.18070859639001138,0
1,-0.6999776844392276,1
1,-0.9754225203773388,0
1,-0.48679071675837665,0
1,1.7705676090369815,0
1,0.14337017007950356,1
1,-0.7917080387974289,0
1,-1.828628410337405,0
1,-1.7213625463476863,0
1,-0.5364631441187353,1
1,-0.6336879841386601,1
1,-0.22405070623448545,0
1,-2.2721838004358514,0
1,-0.0916815950465335,0
1,1.0277297751471077,0
1,1.6228412473641953,0
1,-1.8944461479171393,0
1,-0.8013927592391555,0
1,-0.8542338609745351,0
1,0.14572142752565,0
1,-1.2197724678764534,0
1,1.6822632487266809,0
1,0.04352247168573978,0
1,-0.12314628929921174,0
1,1.5927137337827775,1
1,-0.016047624083348175,0
1,0.40030340649868873,0
1,-0.7507982732920492,0
1,-1.3705020650543835,0
1,-0.6103616315042307,0
1,2.186975838944824,0
1,0.6330209482869559,0
1,0.27453483711105,0
1,-0.9763733901851996,0
1,0.9112508009838458,0
1,-1.3576932743137915,0
1,-1.5670564496823811,0
1,-0.5588871228816459,0
1,1.9544909119614478,0
1,1.8978942323926116,0
1,-0.45123692825054373,0
1,-0.6741990181979842,0
1,-1.6403620405597799,0
1,0.07803072552008439,0
1,0.16201275198811943,0
1,0.7895562541969123,0
1,0.910707513325164,1
1,-0.19742191766463293,0
1,0.5560278747595844,0
1,-0.7006388678465361,0
1,0.5370425333606856,0
1,-0.5072320781845587,1
1,0.4594585159669378,0
1,0.37850132528536523,0
1,0.06880362569506428,0
1,0.7945397181593544,0
1,-1.5703990713606855,0
1,-1.06491621822094,1
1,-0.2700596735530343,0
1,-1.443263387673323,0
1,-0.40686451455470535,0
1,-0.37463029507755025,0
1,1.3096837866666937,0
1,0.14253370229146237,0
1,1.029429576063878,0
1,0.30167471880971813,0
1,-0.5356672712320654,0
1,0.13371680774651215,0
1,0.7294263339321729,0
1,1.193401326442581,1
1,-0.13231006293443334,0
1,-1.647510643852944,0
1,-1.7178022574219018,0
1,-0.3264126101168869,0
1,-2.337901501147973,0
1,1.7951044657368305,0
1,0.5969332313997334,0
1,-0.6356670094972448,1
1,-1.1096475940087958,0
1,1.02811909597611,0
1,-1.1136371556510056,0
1,-1.0182267636010525,0
1,-0.7659459400266918,0
1,0.11408741457432525,0
1,0.6207974391473984,0
1,1.192672233415663,1
1,1.0449712989467017,0
1,0.0007737092347416462,0
1,1.0205219737563338,0
1,-0.6709996139763603,0
1,-1.8208660144619664,0
1,-0.6711310717105081,0
1,-0.8062605142762874,0
1,-0.6319870717991768,0
1,-0.9593747292418892,0
1,-0.4611095775797121,0
1,0.620017214093578,0
1,1.7152571026625716,0
1,-1.7253464742590232,0
1,-1.2877346269007441,0
1,-0.7914462587281675,0
1,0.7657418774365927,0
1,-0.2049474429730497,0
1,-0.7241092231036228,0
1,0.7167330077054214,0
1,0.9563902663419689,0
1,-0.018759959423630203,0
1,-0.8162192266205438,0
1,0.27027956723539276,0
1,-0.23326820845256688,1
1,-0.24101324378546057,0
1,-0.5124002186018363,0
1,0.9249832473220889,0
1,0.24988022632679388,0
1,1.0357008818896303,0
1,1.3363261454781257,0
1,0.4589807688666407,0
1,-0.506477114885152,0
1,1.0403262322197848,0
1,0.4656647022783544,0
1,2.603367776807639,0
1,0.3101028884946864,0
1,0.6976880390140838,0
1,0.2904238912960317,0
1,-0.0990985918681181,1
1,-0.2587915495875664,0
1,0.29424384465856673,0
1,0.5211757518138552,0
1,1.154387899644425,0
1,0.3088505583037643,0
1,-0.46288917542522895,0
1,-0.3268539965989834,1
1,-1.3229369429031808,0
1,1.6612138435723098,0
1,-0.5411736135208487,0
1,0.9674404601379066,0
1,0.2765508574425336,0
1,0.3037318308394069,0
1,-0.11744787527233685,0
1,-0.7877988886266734,0
1,-0.9685354004919751,0
1,1.7284653888049368,1
1,0.11396107883724602,0
1,1.1252677461876508,0
1,1.384906937645251,1
1,-0.4108469300992142,0
1,0.4235057659278442,0
1,0.045010775491347736,1
1,-1.1572138030168888,0
1,-0.18547997590425605,1
1,0.5875065902392275,0
1,-0.4990292550108579,0
1,-0.32484319537186124,0
1,-0.1733668553856451,0
1,2.1115293313101033,0
1,-1.8340489371044395,0
1,0.501643299027259,0
1,-0.25333907725216487,0
1,-0.6406549085024337,0
1,-0.27787570715626536,0
1,0.667376243833423,0
1,0.7245235940205608,0
1,0.18601712243475307,0
1,1.092741316456627,0
1,1.2688329951005763,0
1,0.8163759419506144,0
1,-0.5461924511472189,0
1,0.4944415492128766,0
1,0.4992006591385695,0
1,-0.8156314336465517,0
1,-1.569438894054258,0
1,-2.0227756213745556,0
1,0.06985549011215164,0
1,0.29803971486691816,0
1,-1.1817815776524143,0
1,1.0460323325513625,0
1,0.15221814929641217,1
1,1.3494526149153527,0
1,0.370535869983591,0
1,-1.0663335718791513,1
1,0.45828121329014887,0
1,0.6701106948721014,0
1,-0.5476235858870058,0
1,-1.442092997309875,0
1,0.10029606430660626,0
1,-1.0008446353161848,0
1,1.1208876630611317,0
1,-0.40717668042659255,0
1,1.7246011064932987,0
1,-2.1241586675188358,0
1,0.134795604145148,0
1,1.4293926401013202,0
1,-0.8903043158872967,1
1,-0.15920093562703552,0
1,-0.40303571436404395,0
1,-0.6837676421522828,0
1,0.2446226411142813,0
1,-1.2954216009991038,0
1,-0.11096878133022564,0
1,0.5159942376845734,0
1,-0.2150937113866431,1
1,-1.0002041999857756,0
1,1.0301853986015017,0
1,0.73025696161685,1
1,-1.0411871713037413,0
1,-1.2941075650225413,0
1,-0.9519244159938243,1
1,0.5452731654872153,0
1,0.27557289896254566,0
1,0.7900827124457142,0
1,-0.3261502180506149,1
1,-0.9247342375001071,0
1,0.918846488414499,0
1,-0.553448513451164,0
1,0.18654805585397857,1
1,-1.5499248391153742,0
1,-0.5698104243227993,0
1,1.0093963209415133,0
1,-0.7162745666698576,0
1,0.8145038214514995,0
1,-2.3310196961881937,0
1,-0.559391659643186,0
1,-0.17135464587813257,0
1,1.7425403033424056,0
1,-1.1690628800144518,0
1,0.6709932954470896,0
1,1.0569317812487937,0
1,-0.7214896472442744,1
1,-0.3735239487726898,0
1,0.1416287738119035,0
1,-1.4814849671925294,0
1,-0.45510321186135666,0
1,1.276112040946416,0
1,0.5226548108644206,0
1,-0.1567512894832428,0
1,0.11307236183648332,0
1,0.5809053655297716,1
1,0.7724101479101136,0
1,-0.5564141473791021,0
1,1.5347209432796696,0
1,1.316348201204661,0
1,0.6772576303532128,0
1,-0.8429598658458911,0
1,-1.0202239067705932,0
1,-0.3266037965965932,0
1,0.06076509764441081,0
1,-1.7684918655590522,0
1,0.4946931335452561,1
1,1.2874622638484718,0
1,0.5764741398308774,0
1,-0.6760528028042351,0
1,-0.7944033974004906,0
1,0.2998523441740787,0
1,-0.15330371533817977,0
1,0.44304117425590805,0
1,0.6017213726056347,0
1,1.091890528894662,0
1,-1.132123428929522,0
1,0.221618947849312,0
1,-0.3634750039613235,0
1,-0.09863504393536142,0
1,0.864408852668744,0
1,0.9731258730512434,0
1,1.3984436503836541,0
1,0.4255902503682677,0
1,-0.11001679075579433,0
1,-0.25287846945038367,0
1,-1.7347550023946687,0
1,1.3397350448986038,0
1,-0.32189841378567,0
1,0.5058970600029105,0
1,0.6789965257424327,1
1,-1.2453155090501393,0
1,-0.9233463924596346,1
1,1.547019907055494,0
1,0.29043551568354414,1
1,-0.580585664298516,0
1,-0.12634701112754376,0
1,1.0862369048328389,0
1,0.9343144797343041,0
1,-1.4660817622396431,0
1,1.6342838436718925,1
1,0.9661480309986796,0
1,-0.1524752493415862,0
1,-1.1917224430867204,0
1,1.0540086400609254,0
1,0.4764275002946196,1
1,-1.4577983780777652,0
1,-0.23207807535837705,0
1,3.1261729427924885,0
1,0.016501757414421527,0
1,-0.7419705943356569,0
1,-1.0084966253066405,0
1,1.7720989834294196,0
1,0.847759489577688,1
1,1.4074391139172275,1
1,0.24818528409215787,0
1,1.2540192353327866,0
1,-0.8483203895479107,0
1,0.16259098091505825,0
1,0.2870535149727362,1
1,1.3824469318752208,0
1,0.31884304014045534,0
1,-0.6255117417362148,0
1,0.06407383892037402,1
1,-1.6764132024602407,0
1,-2.3209687332702673,0
1,0.8313413701082871,1
1,-0.37474388630634403,0
1,-0.2614172989802677,0
1,0.8309466793666148,0
1,1.397010385044599,1
1,0.534487954827583,0
1,1.9280728302178118,0
1,0.5026891340572774,0
1,0.30221346357999473,1
1,0.24038882250459914,1
1,-1.2854955621336164,1
1,0.9559986056401223,0
1,-2.445466020015286,1
1,-0.5862528572757782,0
1,0.022930350567612473,0
1,-0.7897623234133629,0
1,-0.4517559230728214,0
1,1.8393755662272286,0
1,1.1040238857816786,0
1,-0.6858276808067391,0
1,-0.46956651097237645,1
1,-1.2770039485518438,1
1,0.704993786006137,0
1,-0.24974245041047577,0
1,-1.9664664708945478,0
1,0.10078359181005818,0
1,0.43897888360182563,0
1,0.9631409731750529,0
1,-0.07335479457677492,1
1,-0.3726711627863816,0
1,1.986264680489528,0
1,0.0065861560995518365,0
1,0.7195618315979349,0
1,-0.5395396433762586,0
1,0.6899096516358328,0
1,-1.455628992404098,0
1,-0.4620675457186336,0
1,-1.208274239426054,0
1,-0.6049733218694675,0
1,1.250470040231071,0
1,-0.6123258893036978,0
1,0.7182561254740842,0
1,1.5172651820570402,0
1,-0.027577313603318894,1
1,0.99376710505628,0
1,0.5310859581386753,0
1,0.1164369305835328,0
1,0.7503155893169294,0
1,1.8399380899918536,0
1,-0.6372689125085526,0
1,-0.9592009001760748,0
1,-1.0179145456553433,0
1,0.9944279697365547,0
1,1.129367623128353,0
1,-0.5370369333339351,0
1,-2.136013549439347,0
1,-0.6747567399230857,0
1,0.5478541778069962,0
1,-0.06672313898283302,0
1,0.18034774675536697,0
1,-0.5233444182755979,0
1,1.0140891247097645,0
1,0.3431918017546363,1
1,0.586463472363802,1
1,0.15906568302668153,0
1,0.5243681636108437,1
1,0.45857168818096145,1
1,-0.9280746281357819,0
1,0.3730630953751281,0
1,0.7915081719465198,0
1,1.1551414661948438,0
1,0.4161071482837128,0
1,-0.9652505187315361,0
1,-0.8113173295740029,0
1,-0.4351480812529309,0
1,0.18946390813652483,0
1,-0.12223610130759316,0
1,-1.1237320656309138,0
1,-1.1297200343150513,0
1,-2.0985217749066836,0
1,-3.1194749238680104,0
1,-0.13178182295492516,0
1,2.3202303751428555,0
1,1.7967795237914266,0
1,-0.9782314121229713,1
1,0.1499032973906105,1
1,-1.4645795100501657,0
1,-1.312109530858121,0
1,-1.1974725976303797,0
1,-0.22549868444183307,0
1,-0.18245961021197618,0
1,0.25270197080685886,0
1,0.6632163897042829,0
1,-0.33688092339515835,0
1,0.036201970662628064,0
1,-1.0938125066902094,0
1,-1.3444970242571812,0
1,-1.4989723460483098,0
1,0.6492478011282274,0
1,-0.33790784808824337,1
1,-1.871120262824403,0
1,-0.06308895268360971,0
1,-1.2488213317860835,0
1,1.6603788189729718,0
1,-0.5788217215868263,0
1,0.6815059858191213,0
1,1.0889630273849873,0
1,-0.9549284525570413,0
1,0.07604711755470782,0
1,0.5534679013881464,0
1,0.11554617241010676,0
1,0.3611007593098181,0
1,-1.3296293935591537,0
1,0.5540362197145243,0
1,-0.48616419417270906,0
1,0.3494512232841407,0
1,0.9199888455514643,0
1,0.6688085075182737,0
1,0.3487197254894737,0
1,0.6421282961845167,0
1,0.6884110538887852,0
1,1.495501161383926,0
1,-0.03405069946277105,0
1,0.16395699344238868,0
1,0.9320668089761116,0
1,-0.490387609763513,0
1,-1.3352674726779856,0
1,0.49323017458277063,0
1,-0.2060236846159446,0
1,-1.2075274117343677,0
1,0.5005419293798373,0
1,1.4311330150292483,0
1,-1.629742546289086,0
1,1.0223249952164812,0
1,-2.5370675157456817,0
1,-0.4002866301815139,0
1,1.8405159122425798,1
1,-0.3283240485128667,0
1,0.08993839582099193,0
1,0.7628662007735552,0
1,-1.7164735140606524,0
1,0.07209480083975534,0
1,0.06421307196130824,0
1,1.8623209732487398,0
1,-1.2357408309978233,0
1,-0.38153931645012157,0
1,-0.9283557908236156,0
1,-1.0344118036913794,0
1,1.1274027270645783,0
1,0.02665150200081768,0
1,-0.5555671964265207,0
1,-0.5178459011425355,0
1,-0.563227076945396,1
1,-0.4738031774076939,0
1,-1.2644453442892645,0
1,-0.25872954256520014,0
1,-0.3592066916521446,0
1,-0.7577967064033425,1
1,0.15504625630497473,0
1,0.2398894801181584,0
1,-0.5566472142917076,0
1,-0.14413415076625494,0
1,2.158623726900857,0
1,2.1204332586021373,0
1,-1.0540901901297357,0
1,-0.9144475665885586,0
1,-1.0594032769919965,0
1,1.0570539399722392,0
1,-0.39852929957569416,0
1,0.23967424359629974,0
1,1.9969673332808837,0
1,-0.010464794310462442,0
1,0.7062487217573207,0
1,0.5204207493003932,0
1,-0.5882173516959495,0
1,1.059161731741859,0
1,-0.8497008091001859,0
1,1.3398797864441758,0
1,-0.5874509652091197,0
1,-0.4779677205360946,0
1,-1.0884878236267916,0
1,-0.924259410816647,0
1,-0.42676432232853545,0
1,-2.4313485579106118,0
1,-0.2333323411755965,0
1,-0.5079742372415168,0
1,0.790011098611832,0
1,0.4229807383568256,0
1,-0.7076374310992968,0
1,-0.4585507594259069,0
1,-0.23461803852089771,0
1,1.485956554475849,0
1,-0.8223046804564419,0
1,-0.719760664950654,0
1,-1.1285841516171509,1
1,-1.4820394794361849,0
1,0.3070036236254948,0
1,0.20290333107320993,0
1,1.282761852835352,0
1,1.0414090077269296,0
1,2.397116714531808,0
1,-0.07387276754109584,1
1,-0.26052956379620706,0
1,-1.3002263451333593,0
1,0.6965781674763256,0
1,0.11853424144633881,0
1,0.6512663050106834,1
1,-1.1391242192384,0
1,0.35160418902669965,0
1,0.2051996179539418,0
1,0.13903503989368673,0
1,-0.683265908190524,0
1,1.1893246485533984,0
1,2.0503075789780114,0
1,-1.1103440262976154,0
1,0.720443979592958,0
1,-2.877850151340389,0
1,0.6686099494824584,1
1,-1.8701546165417549,0
1,-0.524967347899258,0
1,-1.3130246617542505,0
1,-0.21561149494939602,0
1,0.8387936983678286,0
1,-1.8573132637270229,0
1,-0.35947968951563886,0
1,-0.5133687688160568,0
1,1.5810486838718745,0
1,0.43176100785028515,0
1,-1.1772171132734226,0
1,-0.47129437903039967,0
1,1.5561042383855315,0
1,0.7143653167740243,0
1,-0.9182334624054216,0
1,-0.267070538383089,0
1,-0.23510914840814795,0
1,-0.5379819271558055,0
1,-1.7102121563216897,0
1,-0.6776217153899684,0
1,1.3891993058653744,0
1,-0.3811444870611752,0
1,-0.10325363046091905,0
1,0.14052564685357408,0
1,2.218141394712126,0
1,0.008874771416961356,0
1,1.0939453535835113,0
1,-0.5981801720511966,0
1,-0.2593992605024914,0
1,0.012552723110285054,0
1,-0.7741329418493845,0
1,-0.20371778060295764,0
1,0.8880509358132697,0
1,-0.8003645610918834,0
1,8.903096363832074e-05,0
1,0.7087335516559325,0
1,-0.8244660488127444,0
1,1.095413792614956,0
1,0.0728834797113227,0
1,-0.16512256333928968,0
1,-2.0081478058002147,0
1,-0.3736124420134736,0
1,0.371592416145303,0
1,1.7453450188024677,0
1,0.5678891541116129,1
1,1.1262162317783488,0
1,-1.2091045736219388,0
1,-0.12682249565295442,0
1,1.2207464423288639,0
1,-0.8877335503999231,0
1,0.9652226289731026,0
1,0.733317864600333,0
1,0.27472364844982017,1
1,-0.3287026251359748,0
1,-0.9862951545724351,1
1,1.7753792941033137,0
1,0.6318625177240305,0
1,0.3406161246754489,0
1,-0.4128497482022511,0
1,0.03787162958997776,0
1,0.16471726997003286,0
1,0.39987568473357277,0
1,0.7343402884719342,0
1,-0.7824715258550916,0
1,-1.4665969654870044,0
1,0.08428085127349749,0
1,-1.7472173373247617,0
1,-0.3236609949936378,0
1,-0.5091898301117628,0
1,0.4917481922016692,0
1,1.982597035486309,0
1,-1.944590623903561,0
1,2.274185030318401,1
1,-0.23307515911902602,0
1,0.34780868217258,0
1,-1.4148321576237166,0
1,0.9968715702263206,0
1,0.04147253635172418,0
1,-0.061467411188287,0
1,-1.9373851149029537,0
1,0.07379681384742741,0
1,0.8458283238165741,1
1,-0.2362786354831887,0
1,1.1741993456441506,1
1,1.1328951718913625,0
1,-0.6410953827408479,0
1,1.5951138587973928,0
1,0.04529496432508237,0
1,0.049745250787830674,0
1,0.0989812226027311,0
1,0.06931575094112594,0
1,-2.6301333566585083,0
1,-0.18550639818972076,0
1,-1.3639464716624543,0
1,1.6263357022156766,0
1,1.5860829917212003,0
1,0.8519383324555878,0
1,-0.23846743733888845,1
1,-1.0080149366036986,0
1,-0.6575810012756048,0
1,1.942641906426033,1
1,-0.6921973865199604,0
1,-2.3555953543860637,0
1,1.0301655084853936,0
1,1.5005031136178935,0
1,1.6592156871665222,0
1,1.0383480042493285,0
1,1.2015196772347811,0
1,0.05293407405354185,0
1,-2.076295623491663,0
1,0.027881041500013633,0
1,0.621572772419417,1
1,-0.13527005656625035,0
1,-0.18083611873961508,1
1,-0.9641180390183223,0
1,-1.001738743272026,0
1,1.8381485147660699,0
1,1.8743463698801421,0
1,-0.0026471312461035243,0
1,0.28152360509292695,0
1,-0.9808580570370188,0
1,0.6425748499394539,0
1,1.7596491716141998,0
1,-1.5292307799446934,0
1,0.4638832997023938,0
1,0.5390222426450403,0
1,0.5276065148892575,0
1,1.6428176678484692,0
1,2.0360182121711525,0
1,-0.23348367787266236,0
1,0.6731736721563578,0
1,0.08423370572605937,0
1,-0.6321152929396958,0
1,0.27081415688101457,0
1,0.671499528500248,0
1,0.21692868541698562,0
1,-0.8811812094861174,0
1,-0.4635606398556775,0
1,-0.4559074201746574,0
1,-0.8424439549307043,0
1,0.31353958160566875,0
1,0.4181120962930776,0
1,0.9795176008871962,0
1,-0.8576223481606312,0
1,-0.5774786862287933,0
1,1.5545694519312379,0
1,-0.1644958640729202,0
1,0.03013102925163394,0
1,-0.17510372139564934,0
1,1.1330308187216436,0
1,1.1718086807150292,0
1,1.113208100588848,0
1,0.026567611357547892,0
1,-0.8724359774890017,0
1,1.9252130777592544,0
1,0.8563089769555172,0
1,-0.45665898139238964,0
1,1.423818846944411,0
1,-0.5356089152590949,0
1,1.4107034031886563,0
1,1.4782845893844914,0
1,-0.9214827716810559,0
1,0.5817583030209609,0
1,0.7821907039613288,0
1,2.614909199586332,0
1,-0.7423011176338571,0
1,1.432543276993829,0
1,0.017346018033554168,0
1,-1.2413641835805693,0
1,-0.11998716983428719,0
1,0.0024647610997071065,1
1,-1.058890193115289,0
1,0.31217361885152944,0
1,0.9578092554985818,1
1,0.23820065406201246,0
1,-0.5418440893798766,0
1,-0.148472068406966,0
1,-0.0045433567934511625,0
1,0.21732162748104863,1
1,1.1098307622400312,0
1,0.27193975338608933,0
1,-1.4026966286297105,0
1,-0.5623210719886914,0
1,0.16602105089663668,1
1,1.1241244849541139,0
1,1.2978464415365516,0
1,1.7746853415874553,0
1,0.13061439757930482,1
1,0.7633091755024936,0
1,-1.4544615344029694,0
1,0.42988157316148295,0
1,-1.0752641014608617,0
1,-0.06253919575474984,0
1,3.0298383888721423,0
1,0.3035542361904297,0
1,-0.8638132191803288,0
1,0.4077890059579054,0
1,-0.5170751865893547,0
1,-0.9607441131575513,0
1,2.1031395333905007,0
1,1.0668120262667529,0
1,0.34553662499574495,0
1,-0.39182329024754126,0
1,-0.3107894829721992,0
1,1.5424818668441505,0
1,0.30657753766456786,1
1,-3.0828051429488132,0
1,2.420938515658837,1
1,0.18306235697228504,0
1,0.34336900573481693,0
1,1.0866948134347965,1
1,0.46540282731158683,0
1,0.7469086177168098,0
1,-0.4237234673649248,1
1,-1.2297953239663866,0
1,0.2802327814731966,0
1,1.43161465227459,1
1,-0.6478025583831176,0
1,-0.7280239948197764,0
1,1.2210192603799375,1
1,-0.4572452051410914,0
1,-0.410559913834402,0
1,-0.3731442729462419,0
1,-0.06498098099047911,0
1,-1.5736380959020388,0
1,-0.5393401125416265,0
1,0.23036801913972194,0
1,0.2232379361748293,0
1,1.1579930525795872,0
1,1.8393922221948047,0
1,1.512483446664403,0
1,0.9146523840739345,1
1,-0.1487345907672074,0
1,-0.62306906995688,0
1,0.017878432508401983,0
1,0.585578769772898,0
1,0.8219377982456677,0
1,0.6230857335158502,1
1,-0.12117547137605256,0
1,0.7868622398422616,0
1,1.2608725050835026,1
1,0.8801603840675414,0
1,-0.03201305516339899,0
1,-0.8338486925060067,0
1,-0.8575674293881075,0
1,-0.6812176235921815,1
1,0.2570751986749299,0
1,0.5198037535556334,0
1,-1.41453231794403,0
1,-0.5039951083635509,0
1,0.24328546530539388,0
1,-0.8996799100976025,0
1,0.43390415305960467,0
1,-0.30742829091656576,0
1,-0.7234202716692567,0
1,0.05320543244889753,1
1,0.3922803295791006,0
1,-0.8485289142699277,0
1,-0.24261237981404754,0
1,0.46767837730710793,1
1,-0.7620901833167675,1
1,-1.6577568404239018,0
1,-1.5365738456897544,0
1,-0.4180508640569697,0
1,-1.3184182763051384,0
1,-0.3477218951762459,0
1,1.664942851172679,0
1,-1.3785983876886816,1
1,-0.2826048514777008,0
1,2.1323045542713843,0
1,0.4081300829757099,1
1,-0.3677232874755995,1
1,-0.15688263451923834,0
1,0.4293625083932779,0
1,1.6957719306274401,0
1,-0.5308536074772426,0
1,-0.7576102828882827,0
1,-1.3788087327802274,0
1,0.10309603250980404,0
1,-1.4056873698179129,0
1,-0.4637826248217946,0
1,-0.9086834411103524,0
1,1.0741235102341058,1
1,-0.5083963873668058,0
1,0.39693032800561595,0
1,-1.604092001688563,0
1,0.13150695445284558,0
1,-1.2031603058607487,0
1,-0.4256484999298592,0
1,2.211202574256224,0
1,0.9321743772408836,0
1,-0.1284125828313069,0
1,3.1989419097831964,1
1,-0.9151746903733177,0
1,1.1652163820753614,1
1,-1.5326744568471145,1
1,-0.2439227576479475,0
1,-1.3477897501805605,1
1,0.2572759150908748,1
1,0.05597025357875674,1
1,-0.3076647991835818,0
1,1.0920570251263066,1
1,-0.5670989730027903,0
1,0.32685174780732407,0
1,0.8205549402713387,0
1,-1.4832212088961831,0
1,-0.7484143416743837,0
1,0.05386096731583391,0
1,0.6301534194283186,0
1,1.4212377659215332,0
1,-0.21587979872792037,0
1,-0.3164710426498841,0
1,-0.8725960302136638,0
1,0.3299840921770333,0
1,-0.2971175736980916,0
1,-0.27403226282571846,1
1,-0.09388850588850835,0
1,0.5516280620903391,0
1,-0.563730553179261,0
1,-0.7721580889089049,0
1,0.4317241861341032,0
1,-3.025724901882585,0
1,-0.6036781736616855,0
1,-1.151309499407364,0
1,1.2032582230167888,0
1,-0.4409327625428967,0
1,-0.5607161152672309,0
1,-0.04862248525327392,0
1,-0.5953724284649136,0
1,-0.4026481581535347,0
1,0.09711041042316314,0
1,-0.4220404345062681,0
1,-0.429217452272037,0
1,-1.0101576737113087,0
1,-1.1537837405205311,0
1,0.06063689759028058,0
1,0.3066005097858225,0
1,-1.4281566437839497,0
1,0.7599414153808475,0
1,0.7640476398247473,0
1,0.9746891382786231,0
1,0.29988908474059767,0
1,0.6370821002889959,1
1,2.185025844578322,0
1,-0.3015216008772933,0
1,-1.0456915008895566,0
1,-1.5340598832214616,0
1,1.7556739302323163,1
1,1.7687872586986573,0
1,-0.9245997419342306,0
1,-0.7273208126785566,0
1,-0.32399103753117203,0
1,1.2242568721459834,0
1,-1.2873021984803101,0
1,-1.9666195248888751,1
1,2.167514476562161,0
1,0.31237328692007543,0
1,0.45441330591856066,0
1,-0.20510600519999317,0
1,0.46578492371802366,1
1,-1.514205883340986,0
1,-0.8409205668602298,0
1,0.10515788452260533,0
1,-2.270890892900242,0
1,-0.30251761381422915,0
1,-0.36416437033440724,0
1,-0.3026902319503614,0
1,-0.5510818078209812,1
1,-0.9958919258744972,0
1,-1.8220318502709199,0
1,0.14474704716741205,0
1,-0.30012398679624325,1
1,-1.3752815465686778,0
1,0.06253341283377067,1
1,-0.2949501950727061,0
1,-0.461023951662115,0
1,-2.1568948868074505,0
1,0.682767512307893,0
1,-1.2330510401091301,0
1,0.06327025484124159,0
1,-0.8082684434326929,0
1,-0.3887265175479852,0
1,1.152292491749911,0
1,0.5316182008033739,0
1,1.1300399462894701,0
1,0.3303854946215733,0
1,0.3961435843407805,0
1,-1.7811390002261778,0
1,-0.31752499386655414,0
1,-0.22490893184860827,0
1,1.2236648203519753,0
1,-0.5062293279069283,0
1,0.26485950905612243,0
1,0.22575734308475232,0
1,1.1576751602807274,0
1,-0.1337440823061335,0
1,0.8277869486931466,0
1,-1.7048651341375245,0
1,-1.6140194329439417,0
1,-2.2833443446245267,0
1,0.7859849751333333,1
1,0.6736669377887359,0
1,0.8968275738992822,0
1,-0.677361835706193,0
1,-0.5635476575346662,0
1,-0.12104764266231073,0
1,1.4436993029476561,0
1,1.693828127622051,0
1,0.7938084898413628,0
1,0.33101972480350106,1
1,1.3353826977001257,1
1,-0.2558424571495584,0
1,-0.3909415304822949,0
1,-0.12902212061381108,0
1,-0.9787143694195778,0
1,-0.17500936437161274,0
1,-1.1174080437839402,0
1,1.0250078188995784,0
1,0.5436873910330179,0
1,1.4295623975478253,0
1,-1.6292828029141895,0
1,1.9016969469220728,0
1,-1.5724754137934402,0
1,-1.1983080750832058,0
1,-0.6208215468630901,0
1,1.3077206919698647,0
1,0.2255734972285734,0
1,-0.2438292505215718,0
1,-0.7926274346451605,0
1,-1.3759351506606998,0
1,1.1326273236930104,0
1,0.7986392610486397,0
1,1.3524503770923502,0
1,0.39681812698112423,0
1,-2.642102458555535,0
1,-1.2445829326814521,1
1,0.4648713058467087,0
1,-0.36971702523602007,0
1,-0.5588419669281268,0
1,-1.1032267648895286,0
1,0.9475895674145403,0
1,0.4561926374143078,0
1,0.5011912229081226,0
1,-0.6336022487850572,0
1,0.17628775889980952,1
1,-1.337764926196481,0
1,-0.12982798084619354,0
1,-2.527929578593109,0
1,-1.568116139134555,0
1,-0.32231184425201137,0
1,2.375118146274932,0
1,-1.8007430734248644,0
1,-1.2435805925398629,0
1,0.21677479669281008,0
1,1.769422906014603,0
1,0.20217249698807344,1
1,0.7021418523041564,0
1,-0.33760375067647724,0
1,-0.5106215889393767,0
1,0.08218435206775646,0
1,-0.6582893906261043,1
1,0.7242693387177451,0
1,-1.606271898945584,0
1,0.8899870325668338,0
1,0.03931301230275213,0
1,-0.21472086860086348,1
1,-1.6429845601864217,1
1,-0.9797886719978697,0
1,1.1986514731331785,0
1,-0.2085989980333654,0
1,0.27839846587282113,0
1,-0.8795320133153465,0
1,-0.029054636225450865,0
1,-1.3721520481199794,0
1,0.09988225428788719,0
1,0.37064089727020477,0
1,0.3206147271850177,0
1,-0.9035848304901618,0
1,-0.3420509841005016,0
1,0.5371941459816314,0
1,-0.21143759527809844,1
1,-0.28730538234011005,0
1,1.9034676086255564,0
1,-0.9509891188661246,0
1,1.0804184680889826,0
1,-1.1546806635049305,0
1,0.6547810857714145,0
1,0.7081525581239733,0
1,-0.5103651550570457,0
1,-1.2174768528621063,0
1,-1.9704332038034176,0
1,-0.6151135089253357,0
1,0.5262186479523238,0
1,-1.0776281570995785,1
1,0.09694858092372802,0
1,-1.4764297979108454,0
1,-0.233888192103964,0
1,-1.1470439041987308,0
1,-0.0779805018944271,0
1,-0.501079469607532,1
1,-1.1903661362376,0
1,-0.6588734778889406,0
1,-0.9341568622419931,0
1,-1.3139247002374128,1
1,1.0827458252894175,0
1,-0.3601748644509248,0
1,-2.2022254490736652,0
1,-0.6232808075946856,0
1,0.9147117138182644,0
1,-0.7613586332573764,0
1,1.497743878133629,0
1,-0.8566620549615891,0
1,0.5034080558164551,1
1,1.0366385845910118,0
1,0.4501939723114331,0
1,-1.3744939746410305,0
1,-0.9424685769215646,0
1,1.1700709903865816,0
1,-0.8046114563319774,0
1,0.9756765139022048,0
1,-0.43028472181494387,0
1,0.14143731921915112,0
1,-1.3861072770209515,0
1,-0.6082675747124983,0
1,-0.8753063804397219,0
1,0.2255996505581735,0
1,0.09319757971588251,0
1,0.4626498962456343,0
1,-0.4905225030926728,0
1,-0.9302300712945782,0
1,0.18272908554430772,0
1,-1.0295889030070344,0
1,1.0784225264225882,0
1,-0.11452238658911257,0
1,-0.326135109704956,1
1,0.4621756227502112,0
1,-0.07636449943171635,0
1,-1.6580517168351965,0
1,-1.0614298993894336,0
1,1.057708703864615,0
1,0.08388434784458265,0
1,-1.6815678023634413,0
1,0.35211206671516615,0
1,-0.5592588198697488,0
1,-0.874499952508782,0
1,-1.144872725633846,1
1,0.9999294713186874,0
1,-1.96549837200535,0
1,-0.8375320744394902,0
1,0.12012676591124238,1
1,1.5783630689034966,0
1,0.553858196350319,0
1,-0.8460246155328025,0
1,1.5293534541068148,0
1,-1.3551233997049725,0
1,0.2653361653551545,0
1,0.48778464575221486,0
1,-0.881115583200441,0
1,0.6975930518882538,0
1,-0.5138901289409595,0
1,0.6951424275179644,0
1,-1.8395954925862088,0
1,0.33497609022887453,0
1,-0.4121066726936051,0
1,1.1497037829678218,0
1,-0.04398072977095047,0
1,1.2492295337201191,0
1,0.5076127650330521,0
1,-0.1275084590481573,0
1,0.787669309614295,0
1,0.7940584645271217,0
1,0.4719100044912137,1
1,-2.2923013746251835,0
1,-0.9825604907643978,0
1,1.3841058465059235,0
1,-1.2559458554352658,0
1,0.8824611500658068,0
1,0.7064526567796688,0
1,-0.7257523615820294,0
1,-1.9952316271167245,0
1,-0.5689125979479266,0
1,2.078015043633011,1
1,-0.8632772922093546,0
1,-0.7942573445992704,0
1,-0.9975824103098268,0
1,1.2147844765495195,0
1,-0.24291571162510636,0
1,-0.6259062289491389,0
1,1.413474017195351,0
1,0.5794940879355368,0
1,-0.9192902417102595,0
1,-1.2235839110617803,1
1,1.1581699648799733,0
1,0.016788163741715875,0
1,-1.5490640198561128,1
1,-1.783115686893549,0
1,-1.1160387151997586,0
1,-1.2394845881030299,0
1,-2.0460769709014364,0
1,-1.099506986648496,0
1,-0.9190805616438537,0
1,-0.46268128838457045,0
1,1.6929100451277126,0
1,-0.2668432720982738,0
1,-0.1675748377442145,0
1,0.5092553637989424,0
1,-0.23731807106656005,0
1,0.4001529638867084,0
1,0.2806148769517333,1
1,0.12258856559924342,0
1,2.7664660844189584,0
1,0.9111258440443519,0
1,-1.0817219847067305,0
1,0.37022218618916386,0
1,-0.7917368066597202,0
1,0.44625076405985364,0
1,-1.3751874171082699,0
1,-1.1077794480839789,0
1,0.34390756249012705,0
1,0.9976691135980253,0
1,0.5026443487530131,0
1,0.8541173345352181,0
1,0.373818558763846,0
1,0.1724960990323319,0
1,-0.5036932742584369,0
1,0.813001808716797,1
1,1.0248792328266414,0
1,-0.06311569132977517,0
1,-0.11692604177865809,0
1,1.591405811722237,0
1,-0.020421779816222816,0
1,0.07568587036596909,0
1,0.48422590775289504,0
1,-0.09780625595415364,0
1,-0.8203403227430952,0
1,0.3779655755235219,0
1,-0.038755010022321526,0
1,1.8422497564744964,0
1,0.7884485502923761,0
1,-0.5954822864430015,0
1,0.7290602191903756,0
1,0.3078658347309799,0
1,1.3094263019455128,0
1,-0.5244542128290394,0
1,0.18867614835952437,0
1,-0.09909364909249228,0
1,0.05847942305829942,0
1,-0.8851989490039494,0
1,0.5759116679131766,0
1,0.41796427584949686,0
1,1.2852236169217952,0
1,-0.010025851986780639,0
1,-0.41183950824813503,0
1,0.789294377944037,0
1,-0.7942043815996842,0
1,1.0849845350839589,0
1,1.082841997413703,0
1,1.2572789011344085,0
1,0.37662298467949346,0
1,-0.4864963825977661,0
1,0.10918772630536258,0
1,0.38006889507920627,0
1,-0.560141645187876,0
1,1.3331162889252157,0
1,0.580084167568543,1
1,-0.8922229553220049,0
1,1.882873676465777,0
1,0.09738927517017688,0
1,-1.0941030428499863,0
1,-0.8302541227472741,1
1,1.4877835971653446,0
1,1.8249849162168217,0
1,1.0094850534809183,0
1,1.3193086485871355,0
1,1.216615458798611,0
1,0.5569161527640661,0
1,0.32904178781092575,0
1,0.5398631944766077,0
1,0.7360154431432946,0
1,-0.7415980065263982,1
1,0.73195872931211,0
1,1.4586168472970176,0
1,-0.20637242832903097,0
1,-0.313247785321797,0
1,0.47654630923866603,0
1,-0.6496575504081362,1
1,-1.3168186166275062,1
1,1.147719040105178,0
1,-0.45095126002343294,0
1,0.0184485787202093,0
1,-0.6101250410080655,0
1,1.276754814912999,0
1,0.8531761582840144,0
1,-0.24073954115370055,1
1,-1.179897364762752,1
1,-0.3469298048582003,0
1,0.5701526999497136,0
1,0.18863570407976524,0
1,0.10909804445198702,0
1,0.2116987594698118,0
1,0.7587962314981597,0
1,-0.04185920406504428,0
1,0.4500134504595026,0
1,-0.9869192077450982,0
1,2.5538507769753256,1
1,-0.28385931931625463,0
1,0.20359300788397736,0
1,0.5664655247862109,0
1,-0.4107905124005407,0
1,0.007824794249462879,0
1,-0.00432472534322486,0
1,-0.914038092573377,0
1,0.43858942553963837,1
1,-1.649221838258731,0
1,1.7527084424166142,0
1,0.792970884978393,0
1,0.6391223576533764,1
1,-1.7366421124332418,0
1,-0.7925286732930206,0
1,1.389345120805054,0
1,4.151241397039601,0
1,1.1946924650570308,0
1,1.036943410250951,0
1,0.5249742281141881,0
1,-0.8474971957101705,0
1,0.9951740832003304,1
1,-1.101207337096929,0
1,-1.2105851651398536,0
1,-1.2735293254384898,0
1,0.975722646501593,0
1,-0.05741405492750189,0
1,0.10085809990438051,0
1,-0.015403937050684434,0
1,-1.1257165411982248,0
1,-0.670730906017404,0
1,-0.6204262062534526,0
1,-1.4052714472253607,0
1,-0.5042100953003512,0
1,-1.0813064563962387,0
1,0.5776756288669925,0
1,0.6609710639668241,0
1,-1.2936391226398898,0
1,-0.29663176424800064,0
1,1.8560598813167035,0
1,-0.980762897678293,0
1,0.42663781779506577,0
1,0.10552193400288436,0
1,1.0928875578409072,0
1,0.2954668413574063,0
1,-0.43129547792375017,0
1,0.06676412147288507,0
1,0.08136994395373587,1
1,-0.09169518228282378,0
1,-1.3191114553240175,0
1,1.2430886075978922,0
1,1.0664335878643247,0
1,-1.0441890268698575,0
1,-0.30072563218375337,0
1,-0.22508566935421595,0
1,-1.1565188004995823,0
1,-1.8667962677622671,0
1,-0.6705926519123361,0
1,-0.35640234025119183,0
1,-1.441233333364019,0
1,0.17697776408547883,0
1,1.16285630331634,0
1,0.8421161461652679,0
1,-0.1266856531587185,0
1,-1.8404116965211967,0
1,0.7157023406590477,0
1,0.14639216906455813,0
1,0.4243511092180204,1
1,1.9361028003025138,1
1,-0.8248116295306533,0
1,-2.8748159331220426,0
1,-1.053454577809757,0
1,0.4860450682678211,0
1,0.026925901748040507,0
1,-1.2156361295986817,0
1,-1.4197173831764305,0
1,-0.35460901581739546,0
1,-1.2460946698818056,1
1,0.5206334182545254,0
1,-0.41142688862626897,0
1,-0.6271178843317118,0
1,-0.7582764029230066,0
1,0.2631227265805943,0
1,0.042609223760035765,0
1,0.2019572698625939,0
1,0.18012944380581153,0
1,-0.07219553659670648,0
1,-1.0331305834580906,0
1,-0.7303801267312622,0
1,-0.3946749051389369,0
1,2.065195238088322,0
1,-1.3488363204168115,1
1,-0.4189765033168905,0
1,0.09826706011048876,0
1,-0.30333275327249254,0
1,1.0739695414377377,0
1,-0.30849793050286634,0
1,-0.2345413991506094,0
1,0.8146285136163173,0
1,1.8107116629183762,0
1,1.407498373948328,0
1,-0.13665388410914364,0
1,-0.04951421173240328,0
1,0.046719244784203945,0
1,0.14699940846258552,0
1,-0.8473481143478149,0
1,0.9365937988554389,0
1,0.20660912772278656,0
1,-0.04485618881531375,0
1,-1.2711453765590728,0
1,0.06228620849061246,0
1,-1.8932123032208052,0
1,-0.581649344032232,1
1,-0.5630977064791987,0
1,0.28699519308761895,0
1,1.8798500249452958,0
1,0.5719074656654372,0
1,1.4484020726356133,0
1,0.6452121731035768,0
1,1.1250534896876154,0
1,1.857127352943106,0
1,-0.7318368323022549,0
1,-0.7971044341315033,0
1,0.6688109004773214,0
1,-0.00367845406224581,0
1,0.22035383280696072,0
1,-0.24866689210736065,0
1,-0.5962587170247173,0
1,1.6207646687750252,1
1,-1.0998611138199144,0
1,0.6863922592415442,1
1,0.5242282857304499,0
1,-1.579013297570244,0
1,-0.8307803299935937,0
1,-0.6626905609498676,0
1,0.5645841133165913,0
1,-0.367035105930551,0
1,-0.08558980661080533,0
1,-1.4576473569847277,0
1,2.325911716715314,0
1,0.07119561873949704,0
1,0.49900089729694386,0
1,-0.5406254885652224,0
1,-0.6526273270678512,0
1,1.9126846549535315,0
1,-1.916721607006629,0
1,0.27864706843077663,0
1,-1.2115038911078932,0
1,-0.4050011543970049,1
1,-0.6380944676740209,0
1,-0.9859776834192479,0
1,0.03544172970632749,0
1,-2.5680291473060657,0
1,-0.31548848191869727,0
1,-0.0902899753499751,0
1,-1.3592765464060126,0
1,1.5132187214493837,0
1,-0.5944583747973149,0
1,-0.237484242464837,0
1,-0.5922191639147026,0
1,-0.08156612043058602,1
1,1.3081440935060493,0
1,2.4730158039234746,0
1,0.7456392037006585,1
1,1.0879937669717712,0
1,1.716427481477082,1
1,0.24887107676645703,0
1,1.5702508736118699,0
1,0.7924011323904032,1
1,0.14398735931157194,0
1,0.3503410344514679,0
1,-1.8214169633678243,0
1,0.2921192604461498,0
1,-1.5437475204462963,1
1,-1.6252691516111075,1
1,0.19287868902522484,0
1,-1.1140785952000543,0
1,-0.007113751303377705,0
1,0.13843451934986478,1
1,0.1830496008171349,0
1,-0.9041214070421014,0
1,0.8986823824811988,0
1,-0.08923523646607896,1
1,0.44107568017116194,0
1,-1.1964396139469966,0
1,-0.17832755679598694,1
1,1.0972944832701201,0
1,0.9701776318087014,0
1,-0.7972926829243939,0
1,-0.5455581905748454,0
1,-0.9886867300638188,0
1,-0.6564129182608818,0
1,-1.399067540706529,0
1,-0.138175872408474,0
1,0.633138398182844,0
1,-0.7850528638010786,0
1,-0.09060628266117694,0
1,-0.22049840763135672,0
1,1.0551187315982191,0
1,-0.6115918368044213,0
1,-0.5752161076508515,0
1,-0.8460211282923613,0
1,-1.1375095200784877,1
1,0.5291849914469698,1
1,-0.13511079633047862,1
1,0.05480985982330186,0
1,1.2746411561953968,0
1,1.3320807259278715,0
1,-1.6462343078348034,0
1,0.6478346730955673,0
1,0.2256469257111892,0
1,-0.4615909991459365,0
1,0.32768368702794237,0
1,-1.7263832352207857,0
1,1.4626423427763993,0
1,0.5149440970719076,0
1,-0.8651977448326591,0
1,-0.5854102218195238,0
1,-1.7031464755474404,0
1,-0.3139572498362541,0
1,-0.482731977240583,1
1,-1.325110387123759,0
1,0.7767022337097781,0
1,1.2767971896944754,0
1,-0.027360490044477766,0
1,-0.305646882846368,1
1,0.4349846021317938,1
1,-0.01963896249504307,0
1,-1.0821792162311863,0
1,-0.6526779865872612,1
1,-0.29643600674803083,1
1,0.24818659447669594,0
1,0.009336717876468193,0
1,0.21036937998711588,0
1,-1.5248279832839218,0
1,0.6652177440849291,1
1,0.003415884008512292,1
1,2.552709054150154,1
1,-0.387634370176413,0
1,0.32345849510937236,0
1,2.829219162208502,0
1,0.19409162950317882,0
1,-0.06763053927601673,0
1,-0.9869218947506514,0
1,1.528266367208985,0
1,-1.15910158617657,0
1,0.4271209168481219,0
1,-0.47355532130838146,0
1,-0.18933626257802227,0
1,-1.4239322686100582,0
1,1.343127221733895,0
1,-0.2777973059182766,0
1,-1.2150896588930336,0
1,1.2526905970400914,0
1,-0.5041368130373036,0
1,0.33460729173072123,0
1,0.841416382134366,1
1,0.47403433057432,0
1,-2.1966355504990354,0
1,0.6953567009777871,0
1,-0.1006137626651282,0
1,-0.32902869680333263,1
1,-0.10907494897522228,0
1,-1.6100327939410817,0
1,0.19217091466180267,0
1,-1.3643913737093103,0
1,-0.2858397095566313,0
1,0.15626443153821068,0
1,1.0740370879876142,0
1,-0.8196131598597145,0
1,1.4515873718459888,0
1,0.9468532535151475,0
1,-0.4294097424905361,0
1,-1.1087492664026029,0
1,-1.4438161822304212,1
1,0.27175385153313936,0
1,-0.7372841495408139,0
1,1.1993568052817154,0
1,-0.6795238298282704,0
1,-0.9006709800519722,1
1,0.23362635124431366,0
1,-0.6860468571594233,0
1,0.008549993368803353,0
1,0.9859893300585213,0
1,0.11722933166872415,0
1,0.12096446070272407,0
1,0.2051467089084181,0
1,-1.6930989902853932,0
1,0.3918377499304902,0
1,0.1599315767258961,0
1,0.8928973269834208,0
1,0.605810801137119,0
1,-0.20194863160551413,0
1,1.0323928915106901,0
1,-0.29263069761272065,0
1,0.24715710407770497,0
1,-0.31114943047935617,0
1,0.46175780492321156,0
1,-0.3764897826377621,0
1,1.6475516089415674,0
1,2.017362737225639,0
1,0.8739382541860049,0
1,1.5412966494140283,1
1,-1.539214480859047,0
1,-1.4213777432749946,1
1,-0.321560566631213,0
1,0.041230965258877435,0
1,-0.19820741809966577,0
1,-1.6421352496329535,0
1,1.1515917063236467,1
1,2.1541982333569365,1
1,1.2809876791726227,0
1,1.0855232687864715,0
1,0.22611960514560306,0
1,-0.842997370727137,1
1,0.07252805263596762,0
1,2.1055880368415036,0
1,-0.35198811250705603,0
1,-0.45495724782394165,1
1,1.1073036591039138,0
1,1.1736860507455957,0
1,-0.8479018057748036,0
1,-0.26148461323742256,0
1,-0.5019054959014345,0
1,0.06968937906109032,1
1,1.1036866709514928,0
1,-0.8040275211280911,0
1,1.0896648122369366,0
1,0.1016512489213085,0
1,2.326192136314278,0
1,0.31883088437087354,0
1,-0.09691856962926526,0
1,0.5747147271159924,1
1,-0.3371462378872101,0
1,-1.7952731233518255,0
1,-0.240521174271098,0
1,-0.25629360906922505,0
1,-1.5923174605498118,0
1,-0.07303518979449276,0
1,-2.0671102246093973,0
1,-0.3476868351554792,0
1,0.2435959920446723,0
1,0.0969961771382324,0
1,-0.41106947288681817,0
1,-0.08553040194807149,0
1,-0.7840644374778307,0
1,0.010816519422534776,1
1,0.05808640659177093,0
1,-0.9002499779015097,0
1,0.2676992005090977,0
1,0.2614526550804537,0
1,-0.1662099135810711,0
1,2.421047036286818,0
1,-0.1407023866843086,0
1,-0.2792342453730181,0
1,-0.4223931092077327,0
1,-0.9709392230763997,0
1,0.6858973598434033,0
1,-0.6862469680194502,0
1,-0.5679481469977529,1
1,-0.5382415595385981,0
1,-0.9849435158485111,1
1,-1.751083332544723,0
1,-0.4629398671591936,0
1,0.8733353127122913,0
1,0.19697980546524393,0
1,1.5605752701881253,1
1,0.7509563049891836,0
1,0.5239648102740447,0
1,1.882649022652715,0
1,-0.09714559500321131,0
1,0.06307567350495229,1
1,-0.011464421660137695,0
1,1.5437867311835498,1
1,0.0025153164590909433,0
1,-0.6482773740771043,0
1,0.5876755379628518,0
1,-0.816259811057028,0
1,0.5334715126139251,0
1,0.4138409341418349,1
1,-0.18940266780649592,0
1,0.5658115720868266,1
1,-1.4877899303083517,1
1,0.16296212132498594,0
1,-0.46276538466673195,1
1,2.862263577284521,0
1,0.1558250696402078,0
1,-0.5963920497834372,1
1,-1.3783017360530818,0
1,1.3054061967942658,0
1,-0.35003271952377785,0
1,-0.7913520670754193,0
1,0.3362992140090596,0
1,0.6497188314056536,0
1,0.633952933209529,0
1,0.01975042305936161,0
1,0.15919013688671996,0
1,0.23203707568070275,0
1,0.33639626562887337,0
1,0.4248851959014823,0
1,1.094452751305546,0
1,0.05641486202585029,0
1,-0.8168032658303619,1
1,-0.14429170310403433,1
1,0.7537808187349968,0
1,-1.7865279583848457,0
1,-1.7807521953719612,0
1,0.9182761213923244,0
1,1.5201228168513279,0
1,-1.2652000350194736,0
1,0.10045927083289502,0
1,-0.39954511291701506,0
1,-0.26083011224162383,0
1,0.3055310087564156,1
1,-1.292870229010749,0
1,-1.1072175004924012,1
1,-0.30125117292122516,0
1,-0.1453755978941602,0
1,-1.1259551056841715,0
1,0.7896476747891843,0
1,-0.41756097311103335,0
1,-0.4218176060668454,0
1,0.28265879022990076,0
1,-0.1289082760674993,0
1,0.8374768129058131,0
1,-0.9334225378006665,0
1,-1.3973865970634738,0
1,-0.30978756379860756,0
1,0.060236172935012884,0
1,-1.2407559440975204,0
1,-1.3877535617002592,0
1,0.18229778233798544,0
1,-0.7577805673149619,0
1,-1.4525117170069197,0
1,0.9653412923140626,0
1,-0.6317946729270923,0
1,1.1498116038653579,0
1,0.02847079110942715,0
1,0.2947588620553034,0
1,-0.21149974609685293,0
1,-2.655162244545697,0
1,-1.1367864910537042,0
1,-0.12570945971872444,0
1,0.36472913729270456,0
1,-1.7896740223881207,0
1,-0.05360170786046118,0
1,-1.1222640872140315,0
1,0.23462016508965416,0
1,-0.01940078569982506,0
1,0.7435016024295735,0
1,1.0668229301875187,0
1,0.45898989927402895,0
1,0.8603935889705746,0
1,-0.3503424759238385,0
1,2.8231174112671455,0
1,-1.218819096494881,0
1,-0.5277557779093213,0
1,0.9013585827468928,0
1,0.7527213048609925,0
1,0.48738901914234883,1
1,0.6753186579931079,0
1,-2.0835571546060407,1
1,1.5892986945378342,0
1,-0.20389095886661496,1
1,1.2458941822708518,0
1,-2.033526578967956,0
1,0.2565685034811911,0
1,-0.5635022791448486,0
1,0.5721201515813034,0
1,0.3170704524688457,1
1,0.3660477974991784,0
1,-1.0589416882314915,0
1,-0.056969120818611024,0
1,-0.18016704792934102,0
1,0.49531004170743254,0
1,0.9892969954334668,0
1,0.1504759220086146,1
1,-1.2761722883885986,0
1,0.10757880956676805,0
1,2.6110762284092623,0
1,1.646005326987786,0
1,-2.974399562757699,0
1,0.0633431536948447,0
1,0.9321195252553444,0
1,-0.1823270125679794,0
1,-0.4600909201438836,0
1,-0.26696421508348833,0
1,0.5521894854346522,0
1,-1.1484699743750089,0
1,1.1886886516093707,0
1,-0.05599299169806913,0
1,-0.9350242741115493,0
1,1.1243501613986955,0
1,-1.5451309051116413,0
1,-0.5552100970015839,0
1,-0.5716750652851643,0
1,2.143941938236131,1
1,-0.6850207686394431,0
1,-2.154965220500105,0
1,-0.5818151152791414,0
1,0.4555503474047782,1
1,0.7840845465836042,0
1,2.276539693442772,0
1,1.406897570985881,0
1,0.18792259391515215,0
1,-0.8914154675747775,0
1,1.6240274313473586,0
1,-0.36856355032623145,0
1,-0.6581572362146048,0
1,-0.4170738021540699,0
1,-1.2522882388968095,0
1,-0.4650200911709756,0
1,-0.23310832997841546,1
1,0.7306566058121181,0
1,-0.3880883351010187,0
1,-1.2674592418385153,0
1,-1.6037721552567,0
1,0.20956974752311602,0
1,0.07262585346922472,0
1,-0.5543127112131678,0
1,-0.4674564604920708,0
1,0.38848693279916996,0
1,1.3905462536893474,0
1,-0.7801445841439879,1
1,0.08890283621543264,1
1,0.9582704040053237,0
1,-0.7761142901972499,0
1,-0.01563211456330535,0
1,-0.03799560308766622,0
1,-1.311295235043519,0
1,0.1684987947656227,0
1,0.03154467860443138,0
1,0.5550842495960578,0
1,-1.1868864746607124,0
1,0.009970385261224823,0
1,1.3817340636558086,0
1,2.0774998319122866,0
1,1.2801292689716093,0
1,-1.1770715056502423,0
1,0.4510526820436264,0
1,-0.4831465749611137,1
1,0.283900593129921,0
1,-0.7722167057769237,0
1,-1.7134734418523,0
1,-0.3445172386998327,0
1,0.7226026966100152,0
1,0.2879997554738113,0
1,0.4029478599143535,1
1,0.2163503229793779,0
1,0.40452747484571083,0
1,0.529511759086702,0
1,-0.2746814289546182,0
1,0.08289056141961645,0
1,1.7432583748696906,0
1,0.142031029001139,0
1,0.04256349645391804,0
1,0.10288450722639941,0
1,-0.2179085183162197,0
1,-0.43535596372080304,0
1,0.2086785243654316,0
1,-0.5057152019591512,0
1,-0.14551492947721553,0
1,-0.7905147065262872,0
1,0.10801180453431738,0
1,0.5841949441760275,0
1,-0.21191485991091527,0
1,-2.008378436889316,0
1,0.5903715440554717,0
1,0.12018384275976032,0
1,-0.9932314500134598,1
1,0.7732702423232731,0
1,-1.3984252007158473,0
1,1.045407615324468,0
1,-0.05736661964721288,0
1,-2.2688650753773305,0
1,0.17832958726323747,1
1,-0.406192368090936,0
1,-0.5568492918231364,0
1,-0.7377257614562184,0
1,-0.12721579085987272,1
1,-0.48518868116714137,0
1,-1.8566902431883854,1
1,1.2720678866772048,0
1,-0.24435765596180517,0
1,-0.7319350158782632,0
1,-1.128423682545331,0
1,0.7707320674529213,0
1,-1.298431969096525,0
1,0.13398730185796676,0
1,-0.5836490018735813,0
1,-0.5254196605623322,1
1,-1.1035595309758999,0
1,-0.6203194325216602,0
1,0.008812391506857966,0
1,0.235312226348993,0
1,-0.7855924812829784,0
1,-0.09093440243741396,0
1,0.8884544309704219,0
1,-1.6626285569490726,0
1,-0.00626897359185945,0
1,-0.9507839454021733,0
1,-1.0526841721165314,0
1,0.26101151299810066,0
1,-0.5452514686675594,1
1,-1.2168031262351,0
1,1.3242831920699876,0
1,0.9200895143318293,0
1,-1.9323059563591691,0
1,-1.474428128002068,0
1,0.5934570713186816,0
1,-0.2848738330374696,0
1,1.5005746443549572,0
1,0.6163363985410102,1
1,0.2994655238539981,1
1,-1.0218626918254372,0
1,0.4914402948644716,0
1,-1.2757639547504669,0
1,1.3052445334100689,0
1,0.4221385890182419,0
1,-0.8248305767575925,0
1,0.8046774281323147,0
1,2.2415248891363353,1
1,-0.21761709980945082,0
1,0.5504131896912926,0
1,-0.4318293196910016,0
1,0.08535221761834523,1
1,-1.5072345600314474,0
1,-0.0005295135058651056,0
1,0.04357732983061141,0
1,1.7989977768447483,0
1,-1.7950031127033497,0
1,-0.28088345910777934,0
1,1.2881172178310354,0
1,-0.24177149579875631,0
1,-0.17134153298499766,0
1,-0.8332590248821742,0
1,-0.9326053802627577,0
1,-1.8258537658331522,0
1,-0.6292152476441543,0
1,-0.9893550551121234,0
1,0.1180388336570735,0
1,-0.7876682024237316,0
1,-0.4795909850485067,0
1,-0.45220539305766,0
1,-0.048165182290372185,0
1,-0.528522256404841,0
1,-1.061786089937132,0
1,0.08576644394783836,0
1,1.067483216264611,0
1,0.1284661957907744,0
1,-0.6098204382386221,0
1,-0.12314640509362498,0
1,-2.050632770356539,0
1,-0.13940274953886475,0
1,-0.4003543690904729,0
1,-0.9334603580065122,0
1,-0.752098352331968,0
1,-0.4102345015396468,0
1,0.9924582760064908,0
1,1.0920604167800927,0
1,-0.9281251615578107,0
1,-0.5180773732433935,0
1,-0.4925899572885781,0
1,0.8095455155501244,0
1,0.14550655263161685,0
1,0.0927898626410417,0
1,0.5362626134211896,0
1,-0.5964134084109316,0
1,1.3638865743540574,1
1,-0.0017446574202015417,0
1,-0.8559124461919132,0
1,-0.22964024379783995,0
1,1.231928324207872,0
1,-0.4251421359837722,0
1,0.9495577990448316,0
1,-0.6253457927715216,1
1,-0.7656636967773063,0
1,0.6595974105942919,0
1,-0.8739725606457408,0
1,0.8225402501616955,0
1,0.3516259990233494,0
1,-0.8735939344675919,0
1,-0.07144274399433405,0
1,-0.5487742905595374,0
1,0.34897655666905963,0
1,1.8877982449554194,0
1,-0.37070460288742235,0
1,0.533776273858507,0
1,0.024440641667515955,0
1,0.024057703063180228,0
1,-0.16520512073152382,0
1,-0.857417446351554,0
1,0.335139949282455,0
1,-0.28874174991938856,0
1,-0.904800083738726,0
1,1.0141732622482986,0
1,0.09900962270234298,0
1,-0.22809895734323926,0
1,1.340056614746298,1
1,-1.8360815355329978,0
1,1.2728208037290885,0
1,-0.8801879491362172,0
1,0.21153253941551978,0
1,-0.5880637541207111,0
1,-0.9230010404524238,0
1,1.3138865259684347,0
1,1.8562165673952848,1
1,-0.22122565065107855,0
1,0.3354747021942949,0
1,0.05699125166249999,0
1,1.7305068373528552,0
1,-2.1131504474535348,0
1,0.37712344127022007,0
1,-0.7271263141439335,0
1,-2.355964021471179,0
1,-0.360530097429241,0
1,1.8480487909105532,1
1,-0.6560491904004003,0
1,0.7907655065646109,0
1,1.1986721970633665,0
1,-0.012696802619522461,0
1,0.12045561841129186,0
1,-1.7162979065411117,0
1,-0.7161638631726466,0
1,0.9070076243299959,0
1,0.06067909703706763,1
1,0.36734144144368214,1
1,0.13315757968305095,0
1,2.1920039442964314,0
1,-0.4305198311886011,0
1,1.6054100429863098,1
1,0.13350322220673247,0
1,1.694198974580798,0
1,-1.2249780892581503,0
1,0.18465220763086074,0
1,-0.3936867839234699,0
1,0.13947233585003932,0
1,1.222376262666128,0
1,0.37880960535794544,0
1,1.2203826900269379,0
1,-0.6702210932739453,0
1,-0.8228344575237161,0
1,0.01610507313726618,0
1,-0.0386521783910853,0
1,-0.1858593688241927,0
1,-0.9586317256706854,0
1,1.1986515898518884,0
1,-0.3628372006334877,0
1,1.426078122212682,1
1,0.01274336520405819,0
1,0.6484289308140446,0
1,0.5577096429636826,0
1,-0.8242747403508524,1
1,0.3672029215524889,0
1,1.928332944467106,0
1,0.25161225310035673,0
1,0.9012767395596747,0
1,0.6932718445921852,0
1,0.30704965836498704,0
1,0.18647871772474653,0
1,0.5473155591213005,0
1,0.7632825464756129,0
1,-1.352164057051073,0
1,0.24730288909645481,0
1,-0.18407788074731715,0
1,-0.3915268436517085,0
1,1.2959643790285733,0
1,-0.7331462480638534,0
1,-1.3947690603100018,0
1,0.7957162253858544,0
1,-1.4203938565538892,0
1,-1.9279430779585636,0
1,0.9082676899899653,0
1,0.1587222505624882,0
1,0.47271962736877593,0
1,-0.44242757477962213,0
1,-1.3844061316090193,0
1,-1.1857872136176675,0
1,-0.27218889943128377,0
1,-1.2724028579180418,0
1,0.30705290704565324,0
1,-0.4624579380344189,0
1,0.1850360473653055,1
1,0.15514812822643081,0
1,0.3867995544245269,0
1,0.49948252728899867,0
1,-0.3439005907792451,0
1,0.1839692666338304,0
1,0.2360081284201745,1
1,-2.428890309093365,0
1,0.6465257458594902,0
1,0.14994219622025123,0
1,0.5640488652435708,0
1,-1.2868435954472626,1
1,-0.31577317516239334,0
1,-1.0915294565655804,0
1,0.7446013762128753,0
1,-1.4051165420684941,0
1,-0.9286547819223209,0
1,0.5343141282719811,0
1,-0.6293745322772478,0
1,-0.9283906567890586,0
1,0.9067194295401828,1
1,0.947711756591868,0
1,0.7220711925409985,0
1,0.8487096739402934,0
1,-0.2315792789380564,0
1,-0.20459297463661533,0
1,-0.6480812785336026,0
1,0.16772916771597735,0
1,-0.5278983273258481,0
1,-0.4330662059269771,0
1,0.5999004339828999,0
1,1.18453924551438,0
1,0.3982602542700949,0
1,1.794315865242568,0
1,-0.7055155720327482,0
1,-1.8379746392092586,0
1,0.7146278895895543,0
1,-0.7718335526467314,0
1,-0.27369224177536355,0
1,-1.7697965101211237,0
1,-0.8992102473458263,0
1,-1.5022274165792362,1
1,-0.43430326342030356,0
1,-0.3945514938829501,1
1,0.08996041154820894,0
1,1.2397229643551753,1
1,0.6769062648978187,0
1,-1.622169636210481,0
1,0.6080154356128565,0
1,0.11175469744145972,0
1,-0.09782643203609806,0
1,-0.02269952993722577,0
1,0.204552428086255,0
1,-0.6918867910135653,0
1,-0.18235085752464092,0
1,1.183939123891834,0
1,-0.7039057844255335,0
1,-1.0298879761750954,1
1,-0.061707347873850876,0
1,-1.1305664567563476,0
1,-1.7227831214543385,0
1,-0.3444671770748164,0
1,1.4486218845639236,0
1,-0.038604095876893015,0
1,0.17857709444821343,0
1,-2.1301483581511254,0
1,0.43812549244094706,0
1,0.09336586130979192,0
1,-0.6649148280393544,0
1,0.18005047140237396,0
1,0.17012161715796004,0
1,-1.0594879283579355,0
1,0.3318537267799096,0
1,1.1971354225271547,0
1,-0.22794147547351656,0
1,-0.8675942024371078,0
1,-0.17758006980172836,0
1,0.8546131950644287,0
1,-1.2263188392972721,0
1,0.578558258784181,0
1,-0.6780144585204808,0
1,0.24206308137973742,0
1,-0.5643312750455635,0
1,-0.5670169550815609,0
1,1.5230949162350476,0
1,-1.4090865905334917,0
1,0.48536617754554423,0
1,1.7313244109212866,0
1,0.6855219264728227,0
1,-1.331097019039182,0
1,-1.2815805089154055,0
1,-0.7516253766464014,0
1,0.1579079115198747,0
1,0.22594269408905215,0
1,-1.2716965542996927,0
1,-0.8727574584469666,0
1,-0.8114824869800202,0
1,-0.18074680811489283,0
1,1.9846954572910747,1
1,-0.9331870656234476,0
1,-0.9769578331357881,0
1,-1.1331402951438443,0
1,0.635544571242232,0
1,-0.041341596355102,0
1,-0.8962265481699585,0
1,-0.3627955837783321,0
1,-0.7915103009577013,0
1,0.2958912811892453,0
1,2.6843766067963357,1
1,0.5508644056922366,0
1,-0.0929885151073637,0
1,-0.6649754874879527,0
1,-1.3434000818848497,0
1,0.7336897314030355,0
1,0.6793541783663201,1
1,-0.4661009966908062,0
1,1.2133339829426184,0
1,0.021106938885084827,0
1,0.7747607353951352,1
1,0.2961970020330115,0
1,-0.1771358798776383,0
1,-0.9548846113074869,0
1,-0.1455365923626713,0
1,0.842050668894847,0
1,-0.508135111899427,0
1,0.4397413956031783,1
1,-1.0827358820240034,0
1,0.7800583361303581,0
1,0.3129413364899617,0
1,-1.202110758836501,0
1,-0.2240145235216122,1
1,0.9314409093183696,1
1,-1.2590325406532241,0
1,-1.0709502386249343,1
1,-0.06949695478649319,0
1,2.1333307304321942,0
1,-0.672578084039498,0
1,0.49527399958549556,1
1,0.2601354076013511,0
1,-0.5895199002655438,0
1,0.161133351784875,0
1,-0.44783466209495515,0
1,-0.3578047901165117,0
1,-1.6612719027731333,0
1,-0.024436234866321675,0
1,0.8990935066225507,0
1,0.057425774779685516,0
1,1.0905077608224298,0
1,0.5803274459450172,0
1,-0.05954130633021996,0
1,-0.6279255530068186,1
1,-0.48626371536140406,1
1,-1.4705104739371213,0
1,-0.2670788900983261,1
1,0.1459987585641536,0
1,1.7154210977992332,0
1,0.5283203232788767,0
1,-0.864853980137977,0
1,-1.439368275518806,1
1,-0.20655208720457258,0
1,0.8117644468277492,1
1,-0.22061633669438788,0
1,0.5419841750055955,0
1,-0.18112544925218838,0
1,0.7170004347155992,0
1,-1.5972580227056612,0
1,1.6041821201461004,0
1,-1.1124834482237107,1
1,0.7937323297297773,0
1,-0.2721839946689551,0
1,-0.11582790036690063,0
1,-0.24110190597014827,0
1,0.2556045850514932,0
1,0.45752454328089504,0
1,1.0583615118230683,1
1,1.4079488825973783,0
1,0.3318215467767024,0
1,1.7136742391683042,0
1,0.09297254282247792,0
1,1.077440362252924,0
1,0.4287196729061473,0
1,-0.5492046314253658,0
1,0.18123415437984366,0
1,0.5031718775091251,1
1,-0.03219813140260729,0
1,0.4128565179975563,0
1,0.8653629593268948,0
1,-0.023373141995892747,1
1,-2.943887668682481,0
1,1.6782701514933709,0
1,-0.29759143022032863,0
1,-0.8232802208322978,0
1,-1.1241102956528177,0
1,-0.33644590233364485,0
1,-0.562747831316982,0
1,-0.7370094638846911,1
1,-0.6821262698445731,0
1,0.5297428240598223,1
1,2.0303634410031015,0
1,0.8205715980149013,1
1,1.1225981847545703,0
1,-0.37741003144673896,0
1,0.10466536555057791,0
1,0.4264824042302869,0
1,-0.6595578936427701,0
1,-0.42573007054911716,0
1,0.8545519583330766,1
1,1.090292755100109,0
1,0.06741026951525797,0
1,-1.1951571807787262,0
1,-0.29559198321765806,0
1,-1.4413311345058717,1
1,0.07520240983472691,0
1,0.2554031112714188,0
1,-0.2707104210377764,0
1,0.2417112223832046,0
1,0.41690123908383914,0
1,0.25686204290712383,0
1,-1.2015302922969298,1
1,-0.25326432551269457,0
1,0.409842978266268,0
1,1.5787117713059997,0
1,-0.2719257502386974,0
1,0.5508402004481098,1
1,0.8781519119238236,0
1,-0.19662769837255958,0
1,1.1484077474873402,0
1,1.2021738314308965,0
1,1.3803847340611906,0
1,0.45843216898553185,0
1,2.360137249657536,0
1,-0.6152831127643412,0
1,2.12407758617894,0
1,0.7682994886584328,0
1,1.3403873330267184,1
1,-0.32003775454171113,0
1,0.8444747029637627,0
1,1.4269741636643627,0
1,-1.0873586437238723,0
1,-0.16332628181541928,1
1,-2.1412526882311878,0
1,-0.17833297684915667,0
1,-0.8160081934600862,0
1,-0.21776768796673504,0
1,2.9236433576046594,1
1,1.7178035067971986,0
1,-1.439447536700632,0
1,0.555738301599405,1
1,0.7989310870592383,0
1,-0.33789708670458973,0
1,0.1783076031585494,0
1,0.2759822074149982,0
1,-1.3466113728618603,1
1,-1.0313293540861481,0
1,0.17229671844099034,0
1,0.09940252798176698,0
1,-0.708562715417269,0
1,-0.7943761398538446,0
1,-0.08977924967120604,0
1,0.886150952983273,1
1,-0.07648577094687015,0
1,1.6227308306356492,0
1,-0.695820547662561,1
1,0.19310980145482595,0
1,-0.3542954291040059,0
1,0.5879609464131101,0
1,-0.7815878822251963,0
1,1.9273977539937555,1
1,-1.6906124030760061,0
1,1.715480239680246,0
1,0.08998846910883278,0
1,0.5524245817469131,0
1,1.3345249030919577,0
1,0.8576614951660694,0
1,-0.7300268877930614,0
1,0.6000895552626019,0
1,1.8674739726346166,0
1,-0.8872917121608225,0
1,2.1184285111939776,0
1,0.385702485968564,0
1,-0.4332277719202573,0
1,-0.8932893846082542,1
1,-0.22328707440827472,0
1,-1.9552783310704953,0
1,-0.4152444690587874,0
1,-0.2629272438556117,0
1,-1.0744136491124197,0
1,0.7478451949043599,0
1,-0.21876628778938723,0
1,-0.6357945446144277,0
1,-0.3253339350685435,0
1,0.3551074733158469,0
1,0.07322121046699422,0
1,-0.7009750880875777,0
1,0.12565347404044408,0
1,-0.050675957566257396,0
1,-1.1394642231488126,0
1,-0.28850469350726055,0
1,0.579338270420888,0
1,0.5721382598965082,0
1,-0.2299643324033938,0
1,0.6767727947859766,1
1,-0.9799554969846216,0
1,-0.948987838193326,0
1,-0.25125496329368063,0
1,1.4975661360871355,0
1,0.1632516265382057,0
1,-0.27536580966577207,1
1,1.5441380012066468,0
1,-0.28693843520353846,0
1,2.2347332372859943,0
1,-0.5112831236207457,0
1,-1.011728729251301,0
1,-0.16636197485187557,0
1,-0.24908426083701707,0
1,-0.807719976349283,0
1,2.601974078158437,0
1,0.31862656780524984,0
1,0.4642495736715836,0
1,-0.46187926713692123,0
1,-0.5776693847451299,0
1,1.0255583557177004,0
1,-1.675841772589761,0
1,-1.1428644727903685,0
1,-0.2473085056075546,1
1,1.3510473056343117,0
1,-0.3745169729694738,0
1,0.41615155727419645,0
1,0.027728679388091582,0
1,1.2962584129368084,0
1,-1.5847230182129213,0
1,0.735963203722777,1
1,-0.19889892974259724,0
1,0.9248841939194079,1
1,-0.8192821061003154,0
1,0.024393069862838467,0
1,-0.10250671091268397,0
1,-1.0024354713204127,0
1,-1.2804130129469637,1
1,-0.5804113618631425,1
1,0.12993112899499948,0
1,-0.7569122243044928,0
1,-0.33007356302781793,0
1,-1.8857973544835709,0
1,-0.3706499204837301,0
1,1.0235866466250068,0
1,0.7051803259700831,1
1,-0.08692193702714356,0
1,0.24365272501416324,0
1,-0.8282603955941573,0
1,1.6244386832914004,0
1,2.067762506513905,0
1,0.16482363070597378,0
1,2.5906858360614926,0
1,-0.6801823715353422,0
1,-1.251079240068953,0
1,-0.709623754094118,0
1,-0.21949026507499075,1
1,2.3120665512029634,1
1,-0.28115912740595944,0
1,-0.8596558128040213,1
1,-0.8984588595774368,0
1,1.1400221120432803,0
1,0.9973017483090362,1
1,-0.48547818635361034,0
1,-1.8757841160771553,0
1,-1.1285935447092847,0
1,1.721243837499543,0
1,0.6888078845494705,0
1,0.06546137555830518,0
1,1.8688331731510581,0
1,1.9583262728115163,0
1,-0.03593960196129861,0
1,-0.017571760531666748,0
1,-0.5820466821120768,0
1,-0.2846032874851351,0
1,-1.4863249758001211,0
1,-1.49038637618406,0
1,-1.7226588689059015,0
1,1.0843370069194447,0
1,-1.5614022229125633,0
1,1.949962298706155,0
1,-0.7303778911994052,1
1,1.7373499067825362,0
1,-0.36505434286547456,0
1,-1.566186770920477,0
1,1.2837788980654694,0
1,1.401865627633225,0
1,-0.9060510002670108,0
1,-0.33165226659745056,1
1,-0.9057959365609791,0
1,-0.12052669445771902,0
1,0.10782914744085476,0
1,-0.3513830591154286,0
1,-1.818891395390853,0
1,-0.5808793150900222,0
1,0.7035187635540419,0
1,-0.20889954259591606,0
1,-0.32744062756170583,0
1,-0.9307765450307648,0
1,-0.6100513691976166,0
1,1.4089481065819602,1
1,-1.1397772568021078,0
1,0.7208230966852296,0
1,0.047055220903524465,0
1,0.24481066312140204,1
1,-0.7323562810146178,0
1,-0.35177736604791715,0
1,-0.005720180171957454,0
1,-0.5206669646091963,0
1,0.3314321040365493,1
1,0.45743901612307103,0
1,2.172706623619921,0
1,0.27819002936237136,0
1,-1.9122426555188374,0
1,1.16301908083868,0
1,-0.20387064163619242,1
1,2.011925362936854,1
1,1.470924452505308,0
1,-0.5052673837115664,1
1,0.7219027838711753,0
1,-0.5939551477478877,0
1,0.0026908264146938425,0
1,0.675984814353954,0
1,1.11300020604651,0
1,0.89520582888624,0
1,0.07498963191282787,1
1,2.4834239000812164,0
1,-0.36502040652708934,0
1,-1.6072006316992977,0
1,-1.4146992952093247,0
1,1.4740077301223429,0
1,-0.07665291984680452,0
1,0.15905749805409206,1
1,-0.5425238799243368,0
1,-0.45270247929918994,0
1,-0.7870958609492948,0
1,0.4711508133300888,0
1,-0.0973799175371006,0
1,0.43500537780340126,0
1,0.3394383853174832,0
1,-0.4258787336328963,0
1,-1.4587306253027874,0
1,-1.5457995959993576,0
1,3.026651591695066,0
1,1.47817344442331,0
1,1.3401825668912142,0
1,-0.6746068069868952,0
1,0.009509733763120209,0
1,-0.8153627923831708,1
1,-1.3120820951658907,0
1,-0.5887735203757009,0
1,1.3261849634295788,0
1,0.8407453669239697,0
1,-0.9700480016220215,0
1,-0.3148160501574753,0
1,0.749123171936581,0
1,-0.5709713951873373,0
1,0.0795862448327303,0
1,0.4018474470648119,1
1,0.390930551844131,0
1,0.25414542769028586,0
1,-0.6536971737825101,0
1,-0.5509745875188153,0
1,-1.1336498515206253,0
1,-1.5613365935022723,0
1,-0.11474874169022896,0
1,0.8162596145871915,0
1,-1.3802823941539468,0
1,0.27297324412425716,0
1,0.7846312133833949,0
1,-1.8367337688213456,0
1,-0.2705811001362188,0
1,1.6462102004583734,0
1,0.5519410177573731,1
1,-1.870457149062288,0
1,0.6583394624116107,0
1,-0.7477367942283288,0
1,0.6913069300927593,1
1,-0.6900817666007739,0
1,-0.05303244441196505,0
1,-0.5375427685629494,0
1,0.0031577227385055856,0
1,-0.5672801739110117,0
1,-0.22353824155447785,0
1,-1.1756050083106775,0
1,0.4906595954139914,0
1,0.17528520864392505,0
1,-1.6165321741041512,0
1,0.9929166602019271,0
1,-0.1762879596544965,0
1,0.16176239623590988,0
1,0.7645616720291858,0
1,0.3282422423599839,0
1,1.1652031584608995,1
1,-0.293295522205411,1
1,1.0344293862270395,0
1,0.12292461780732088,0
1,0.5076334245066914,0
1,0.4036291727979042,0
1,1.2407303253095259,0
1,0.7214123735592936,0
1,-0.44294548030984626,1
1,-0.6412670439998478,0
1,-0.04975414759483271,0
1,-0.7601014410792472,1
1,-1.0521922013263472,0
1,-2.1280524692980416,0
1,-1.5492627578287104,0
1,1.9854063611115242,0
1,-0.6565002496297772,0
1,1.903460299821145,0
1,0.4031546011555798,1
1,-0.04975802163610495,0
1,-1.5006051168212338,0
1,0.004668895576048859,1
1,1.8921837669682295,1
1,1.5576367440167387,0
1,0.2742386526975789,0
1,-1.1486683659050159,0
1,-0.9571653452491523,0
1,-0.8525918433924603,0
1,1.2781549273627004,1
1,1.6317204361087592,0
1,0.1958928349675855,0
1,-0.30308043552315356,0
1,1.5487104966609837,0
1,-0.9785735408649548,0
1,0.05182332760036592,0
1,0.4629659995461305,0
1,-0.8628006071763994,0
1,-0.6359142213913074,0
1,-0.713737579187603,0
1,1.4167268559880857,1
1,1.9143672770570879,0
1,0.11479253023656089,0
1,-0.2682185870427874,0
1,-0.5998410749932962,0
1,0.001746313450329094,0
1,-0.5502217514367896,0
1,-0.09703024235522073,0
1,0.4132328230039233,0
1,-0.40531294279036817,0
1,-0.1895880626140975,0
1,-0.18545448507230478,0
1,-0.3175634347261389,0
1,-0.441447877016211,0
1,0.762196602936806,1
1,-1.7707360289764424,0
1,1.5742798590012634,0
1,0.1355294632029971,0
1,0.6100175759865148,1
1,0.7250777831488756,1
1,-0.7080591600305712,1
1,-0.9143585561792417,0
1,-1.032269284653827,0
1,-0.24706802982858847,0
1,0.6992046915510288,1
1,-0.5837620252208241,0
1,0.6079316401783048,0
1,-2.367921218861199,1
1,-0.38556720197524963,0
1,1.1671373676115624,0
1,-0.17097128903293554,0
1,-0.8291436361661667,0
1,-0.656843222137597,0
1,-3.028022563068214,0
1,-1.0118019704119208,0
1,1.0572413725125822,0
1,-0.5826027668962316,0
1,-0.4645443620012255,0
1,-2.331812187036408,0
1,-1.6308377931125622,0
1,1.1900491785997527,0
1,0.617294080661561,0
1,-1.2974390314394313,0
1,-0.6305723915732202,0
1,-0.029172342998783154,0
1,-1.196127732156756,0
1,-2.004143883513601,0
1,-0.15921038743943566,0
1,0.5726085621732409,0
1,0.591857319729954,1
1,0.8752373855421463,1
1,-1.5535572617798237,0
1,0.05790190982693886,0
1,-0.26845136422912164,0
1,-0.08722068549719247,0
1,-0.2117816336341373,0
1,-0.6604481806075158,0
1,-3.017790454215605,0
1,1.1618290205706736,0
1,0.32999016547508886,0
1,-1.4842897875365075,0
1,0.47313165299275506,0
1,-0.44730480700146996,0
1,-0.41897231641773003,0
1,-0.7684146014890327,0
1,0.5369304726522647,0
1,-0.7998235715161989,0
1,-1.0968346860906002,0
1,1.1317448106059955,1
1,-0.178881409766725,0
1,-0.1474863899922079,0
1,0.6924641202766653,1
1,-0.6675867008461763,0
1,-0.4681531726468855,0
1,0.3057152697228355,0
1,-1.5413776024637658,0
1,0.22109904676821454,1
1,-0.7557114591813673,0
1,0.8554725924551485,1
1,0.5466633268499089,0
1,0.41454835697503,0
1,-1.606958648554557,0
1,-0.10339539517381979,1
1,-1.1772665604142774,0
1,-0.03686390297702623,1
1,-2.315279676889739,0
1,-1.5408322683752427,0
1,1.1890336088401876,0
1,0.3690531760065605,0
1,-0.35381584747966704,0
1,-0.9087433226862226,0
1,-1.084253917587093,0
1,0.20015575508852576,0
1,-0.343632309592346,0
1,1.5466471833172766,0
1,-0.18476372001034996,0
1,0.05872049224453354,0
1,-1.3885034680553712,0
1,-0.36069922517713965,0
1,0.17699140506798605,0
1,-0.37278571121318677,0
1,-0.4856285335742323,0
1,0.32690962561532305,0
1,1.5148232815609894,0
1,0.14496937030782736,0
1,1.1441862834731378,0
1,0.6216023775187822,0
1,1.0843533746678506,0
1,-0.6097199233466377,0
1,-0.20692749498440183,0
1,-0.20277357076466468,0
1,0.5462772365639759,1
1,0.7924128222118642,0
1,0.12505619111189117,0
1,0.8767065773758641,0
1,-0.5633314769813729,0
1,0.885377552899125,1
1,1.0158094421858677,0
1,0.6774963459246635,0
1,0.134169783481213,0
1,0.7133233324049665,0
1,-0.8940044652384896,0
1,0.19836226436020854,0
1,0.30051047682512244,0
1,-1.329515663151485,0
1,0.4745842529395207,0
1,-1.2488187256818153,0
1,-0.42791829790943103,0
1,0.03976095927629845,0
1,-0.7307363846328065,0
1,0.08255403862031813,0
1,0.06655699043621993,0
1,-0.8201816393588409,0
1,0.5679744588243308,0
1,-0.7641565033062317,0
1,2.2879743747346946,0
1,-0.10947882333060471,0
1,-1.1712941449900325,0
1,-0.984341766213772,0
1,1.1475804646983012,0
1,-0.409151649718454,0
1,-1.3637638078299683,0
1,0.8537127471277668,0
1,-0.41557388777808274,0
1,0.6534195111193511,1
1,0.935566025656127,0
1,0.2744635388085446,0
1,2.395907395685333,0
1,-1.7247424929332238,0
1,-0.8179500752718084,0
1,-0.2559500046039573,1
1,2.2611735286081216,0
1,1.7980024701022121,1
1,1.2886908673939161,0
1,-0.7941239407459102,0
1,-0.6775147397704298,0
1,-0.8285600351404542,0
1,-0.7834268880407628,0
1,1.4927046072759744,0
1,-0.24376712339584375,1
1,-0.11149816464394238,0
1,0.7743867869234314,0
1,-1.6635279740339746,0
1,0.05264582126913909,0
1,-1.0968717286729208,0
1,-0.29441492055831847,0
1,-0.5864206939592126,0
1,-0.637980746031257,0
1,0.2255818067063648,0
1,0.2212134023925114,0
1,-0.21982058923398506,0
1,0.37068434299115627,0
1,-0.8686145408535492,0
1,0.6815858690394274,1
1,-0.20619902215760583,0
1,-0.4836635621378971,0
1,-0.7947588117029813,0
1,-0.24139746046668173,0
1,1.8706392568459225,0
1,-0.06331377010258965,0
1,-1.144403536143439,0
1,0.9188190667850462,1
1,-0.47192843579175414,0
1,0.28375900435247053,0
1,-0.6056605504265781,0
1,1.2807733161431698,0
1,-0.590759756645964,0
1,1.3978579785775362,1
1,-1.0492605845287863,0
1,-0.29290638571547967,0
1,1.3999957859067813,0
1,0.1681742247813388,0
1,2.2714659418056327,0
1,-0.26914044923801717,0
1,0.25704285296067375,0
1,1.9051492720488177,0
1,-1.5139232167422683,1
1,-1.6377500331815378,0
1,-0.7955081772094081,0
1,0.8133726894733257,1
1,-1.6098511833319389,0
1,0.5970490565620198,0
1,0.5267066944888934,0
1,2.014390233201957,1
1,1.0454849255123724,0
1,0.3640502374977759,0
1,1.3591329351529602,0
1,0.5389039411148667,0
1,-0.46007005462720213,0
1,-1.1446057770488616,0
1,-0.5693656036930808,1
1,-0.04007387454711766,0
1,0.17501840534960383,1
1,-2.1351955980867587,0
1,-0.21956033492399438,0
1,0.02858176954944478,0
1,0.5475374448798405,0
1,1.6268008825063505,0
1,0.18565353544526975,0
1,-0.9095628762477181,0
1,-1.8180793836014721,0
1,0.6870109581123818,0
1,-0.8690873594774133,0
1,0.8668369771613471,0
1,1.3974201521625687,0
1,-1.544074765979174,0
1,0.5538925587589626,0
1,1.2926224103393442,0
1,1.0190393252802818,0
1,-2.0963794369104556,1
1,-0.8536520447937044,0
1,-1.2801805057504232,0
1,0.5234727551470508,0
1,0.41332662348549737,0
1,-2.6978918779406253,0
1,-0.30083162132784164,0
1,0.8007198303411068,0
1,0.1479759912241222,0
1,0.1462669194998613,0
1,-0.3649936867187107,0
1,-1.0589409410746784,0
1,-0.017055823890483924,0
1,0.05209345123512439,0
1,0.6152545203329556,1
1,0.6964999242954618,1
1,0.0858614191632412,0
1,1.0949083645848314,0
1,-0.3749246681357709,0
1,-1.4440245698797334,0
1,0.47705366941820565,1
1,0.12637955438925474,0
1,0.49693151567986343,1
1,-1.2644513482829278,0
1,1.7907960886110448,0
1,0.7105024136636414,0
1,-0.28799689099912607,0
1,-0.9354531459646455,1
1,1.0771534104322489,0
1,-1.1017697820638563,0
1,2.2613648247920697,0
1,-0.6132049398993309,0
1,1.720505214605611,0
1,-0.184473785072716,0
1,1.580746708820308,1
1,-0.734868506826516,0
1,0.01883637854669994,0
1,0.8047493301705665,0
1,0.6620771366958226,0
1,1.1007618336578835,0
1,-0.48747211480156466,0
1,0.08480837284981095,0
1,1.2483885759980713,0
1,-0.7052555017189515,1
1,0.5725410611184019,1
1,-0.2191602397777503,0
1,0.20587410658260533,0
1,0.08455021641444835,0
1,-0.7882831507849641,0
1,-0.2606931921224477,0
1,0.14493225207670593,0
1,-0.10272399871212885,0
1,1.572735949794239,0
1,1.0099555568163612,0
1,0.2899804984934966,0
1,-0.7631461827195023,1
1,-0.8240230918979533,0
1,1.9738110352804106,1
1,-1.0098854360721943,0
1,0.11385961815052391,0
1,0.36094871434867937,0
1,-0.31132365148330604,0
1,-1.0022037645773594,0
1,-0.784896639006487,1
1,-0.5465050023040284,0
1,-0.7094928690977791,1
1,1.3277203931809305,0
1,-0.00912599347262875,0
1,-0.5238011011476121,0
1,0.10695804386720552,0
1,0.6679559052949144,0
1,-0.34461970605757986,0
1,0.9019812951759152,1
1,-1.2711467743565588,0
1,1.1713036321164139,0
1,-0.008952339772220732,1
1,-0.04801235175172841,0
1,-0.6930143244648528,0
1,-1.2278501305134135,0
1,-1.666671935815391,0
1,-0.7627766689497861,0
1,0.5876732206023524,0
1,-0.9612784223046619,0
1,-1.548448185724309,0
1,-0.9090653108377865,0
1,-0.38483331750431515,0
1,-0.34550122266235284,0
1,-0.12889290824276448,0
1,1.0326063460518784,0
1,1.2492544380914892,0
1,2.005462505389322,0
1,-1.6249073166985684,0
1,-0.8558839203363346,0
1,0.6984851570597541,0
1,-0.4540312155250251,0
1,0.8607864698492321,0
1,0.207113430114827,1
1,1.579204210036799,0
1,1.0427161139326862,0
1,1.0610166265589815,1
1,-0.4118716086936958,0
1,-0.09746084596827183,1
1,-0.30525345756735606,0
1,-1.5058921436499069,0
1,1.4717692554955328,0
1,0.7453873088432121,0
1,-0.3450271240809377,0
1,1.3045925074599731,0
1,-0.6303676467471555,0
1,-1.8381344684552756,0
1,1.0073697528936145,0
1,-1.2785602331159973,0
1,-0.1957754656239834,0
1,0.2061230407837602,0
1,0.3854653447387619,1
1,0.8484010562037961,0
1,0.5808514262675121,0
1,0.5498925265620268,0
1,-0.7907517820564913,0
1,0.2942435572676573,0
1,-1.505549970050106,0
1,1.5621376984528295,0
1,-1.4025648238182238,0
1,-0.34643983875634465,0
1,-1.3188742390267836,0
1,-0.730166285865652,0
1,0.013428415432051012,0
1,-0.5287580985160019,0
1,1.1442462581456216,0
1,0.22690101596279635,0
1,-0.46290972922859297,0
1,-0.13358192997404636,1
1,1.2197004570559355,1
1,0.9088708832844662,0
1,-1.138770894015411,0
1,-0.6806517141396049,0
1,0.4747898186843714,0
1,0.3533665860270396,0
1,-1.0503815413987627,0
1,0.7491265893066236,0
1,-0.890874140186396,0
1,1.3038267738563416,0
1,0.5294491562496214,1
1,-1.1319244506457213,0
1,-0.5290767014634118,0
1,-0.546460614528624,0
1,0.15987672130233085,0
1,-0.20397689801249047,0
1,-1.1454889133817834,0
1,-1.394259146222576,0
1,0.5490233343978613,0
1,0.28623686456416314,0
1,0.10553755720503172,0
1,0.27073185896046065,0
1,-0.6189191475250351,0
1,0.18399235777514372,0
1,2.5385055649842676,0
1,1.174567120747143,0
1,-0.2884084509598372,0
1,-0.52337174710124,0
1,-2.8604393974915667,0
1,1.068694152984698,0
1,0.7866053537748128,0
1,-0.5438279692764925,0
1,-1.4317076828771276,0
1,-1.1552674431897259,0
1,0.44439786247942287,0
1,-0.0893407336625143,0
1,0.6915920176072813,0
1,0.08644313836818336,0
1,0.9667588321164844,0
1,0.3695751403922469,1
1,0.8287953801606809,0
1,-2.0896834109219373,1
1,-1.23434557049746,0
1,-0.36435166988762735,0
1,1.079568784900242,0
1,1.8805297260677398,0
1,-0.16423578238687792,1
1,-0.61158006388818,0
1,-1.954968544257803,0
1,0.8635637640731639,0
1,-0.5501905751944769,0
1,2.958334669358155,0
1,-0.7394039200345133,0
1,2.1052750968606646,0
1,0.748367383587467,0
1,-1.0282643993213667,0
1,0.23214378864358656,0
1,0.7713805265504663,1
1,-0.22525219251658304,0
1,0.8379827105522986,0
1,0.81595715934866,0
1,0.5963385005941313,0
1,-0.016473368047505613,0
1,-1.1749400893061266,0
1,-0.07678537547523347,0
1,0.176064663715843,0
1,-1.8760508710378245,0
1,0.16923531599134378,1
1,-0.09680126481014333,1
1,-1.2966260707849544,0
1,-0.3330063906917568,0
1,-0.3118463468342989,0
1,1.9300945334934188,1
1,0.22011834617736706,0
1,1.0360452513145988,0
1,-0.11781530449064863,0
1,-1.8739165168350838,0
1,0.6723418488216234,0
1,-0.6581867295875414,0
1,-0.3356001299879106,0
1,-1.0529712491154706,0
1,0.07276786392135985,0
1,1.0651783616224522,0
1,0.9327381084746261,0
1,1.5861895077851644,0
1,1.7279594579541113,0
1,-2.0458742302582236,0
1,-1.193620560929132,0
1,-1.808191578326553,1
1,0.6319304103895901,0
1,-0.6930817837991526,0
1,-0.48918033184392967,0
1,-0.21659743192745534,0
1,0.38257068809075157,1
1,-1.4853210480064563,0
1,-1.258863462634087,1
1,0.0012962065311068023,0
1,1.1987459361544675,1
1,-0.025397403251084714,0
1,-0.7916597063820323,0
1,-2.1482086803376363,0
1,0.952675585060279,1
1,-0.7359316493904802,0
1,-1.1474369157517212,0
1,-1.715325226458781,0
1,-1.4391008111419654,0
1,-0.9612142204538527,0
1,-0.23884873619415106,0
1,-1.208741704760657,0
1,0.18570803754763732,0
1,-0.24644773991810232,0
1,2.221992289184527,1
1,-1.7044431163926619,0
1,0.1614794303123818,0
1,0.17400498904095704,1
1,-1.0305574039231487,0
1,0.09525239744746067,0
1,0.7695943664067156,0
1,0.09649148255783252,0
1,1.3844628848198377,1
1,-2.1776876180953386,0
1,-0.8422334128027206,1
1,1.4750560472309444,0
1,0.9120263332638503,0
1,0.5405117112662879,1
1,1.2332154065194592,0
1,-1.91655787870177,0
1,0.7956106627228209,0
1,1.0643701624194226,0
1,-0.6587001661757365,0
1,2.6292371178912264,0
1,0.19634896406205754,0
1,-2.192769042508541,0
1,0.38127199793375394,0
1,-0.7198600299893989,0
1,1.164995273929518,0
1,0.5479440333912979,1
1,-0.597922072276191,0
1,1.502451918262896,0
1,0.9394513059793105,0
1,-0.8279199876821015,0
1,-0.15204508056084765,0
1,0.5169167907640803,0
1,-0.3642632627726218,0
1,-0.334399403847255,0
1,0.03672502826448412,0
1,-1.0657985840373894,0
1,-2.232765338576968,0
1,0.23913486233203762,1
1,-1.9888999492951858,1
1,-0.9930387031447206,0
1,-1.7715823589485722,0
1,-1.6484444477613032,0
1,0.4263551741192916,0
1,-0.22230816506007336,0
1,-0.2584004554681235,1
1,-1.3159017836240094,0
1,-0.6558490888385612,1
1,0.3764551592101874,0
1,-0.05208726530650062,0
1,0.8226740610419853,1
1,0.9650920121259146,0
1,-0.25221985825821086,1
1,-1.8522492859204922,1
1,-0.7566448990662162,0
1,-0.09768928087269177,0
1,-0.7764870520041143,0
1,-1.0546242113337532,0
1,0.06975228422348613,0
1,2.430303102733281,1
1,-0.48818806203637516,0
1,-0.0028058524917748207,0
1,-1.3120358772309886,0
1,1.2434010550415135,0
1,0.8747430433514232,0
1,0.8057341394659173,0
1,1.359795811304745,0
1,-0.4273413546948073,0
1,-0.3024178198456219,0
1,1.7098785318866498,1
1,0.6327281029445585,0
1,-2.2192218213441612,0
1,0.4548209756370096,0
1,-0.5816980607695965,0
1,0.8981718246566575,0
1,0.4081904694201736,0
1,-1.740542764022799,0
1,0.26883017049547747,0
1,0.21062772725160755,0
1,0.3634624864647865,0
1,0.5755288519133087,0
1,1.4959659598217314,0
1,0.41388898961429843,1
1,0.022898460474464498,0
1,1.1479675541882248,1
1,2.2427407235897676,0
1,0.9150707541680891,0
1,0.20620612680809017,0
1,0.43253054976891864,0
1,0.256043759398258,0
1,0.01851841527332736,0
1,2.1651708315063805,0
1,-0.7490533743164325,0
1,1.1549058282426994,0
1,-0.12585694270057374,0
1,-1.480419170138724,0
1,-0.1883177435865066,0
1,-0.5467758337539146,0
1,0.5775773184176594,0
1,0.09130022265857075,1
1,-1.0220268636479688,0
1,1.4710079134897154,0
1,1.0901340044757244,0
1,1.5860555320964014,1
1,0.2369646640681163,0
1,-0.03573306828069045,0
1,0.703560482618621,0
1,-0.5774750209209021,0
1,0.1300595547198361,0
1,-0.17567789932136524,1
1,-1.4610343171899207,0
1,0.12745550483907234,0
1,-0.440966891743302,0
1,-0.2425521640183039,0
1,0.36378494564995456,0
1,1.2725331339866255,1
1,-0.8487700905479784,0
1,-0.33655821512935696,0
1,-0.7650826963598107,0
1,-0.8301805877989914,0
1,-0.5945689436497724,0
1,-0.1964502828151946,1
1,0.5858716568775042,0
1,0.3204457647848381,0
1,-1.0568569990832495,0
1,1.294160323917153,0
1,0.9444123064770379,0
1,-0.9011856506097037,0
1,1.2241108919195605,0
1,0.32693841259627626,1
1,-0.1564553029252464,0
1,0.3580800444793122,0
1,-0.025770795625521946,0
1,0.5450786544814065,0
1,0.18731552313116723,0
1,-0.33742605227220285,0
1,-2.0258267591613834,0
1,0.5271825406319262,0
1,-0.3736552783867337,0
1,0.7779466096452462,0
1,0.4816750622757203,0
1,-0.34766421115600926,0
1,1.022988191077335,0
1,0.204841661836571,0
1,0.16364284737808724,0
1,-0.1381106867631423,0
1,1.6835557122397977,0
1,-0.7132667290956584,0
1,-0.3226745374590551,0
1,-1.2373351450799965,0
1,0.7267310773245059,0
1,-0.5821490063576735,0
1,-0.4700355817263217,0
1,-0.5169366321571809,0
1,0.06272191606238789,0
1,-1.250759584659146,1
1,-2.243245266102261,0
1,0.45770403739277193,0
1,-2.1135577062037103,0
1,0.8541377839773792,1
1,1.5585277495351475,0
1,-0.16422380393503327,0
1,1.2994929467204897,1
1,-0.024256419543219193,0
1,1.5992411590778703,0
1,-0.4562178521132108,0
1,-2.3648818094311217,0
1,-0.07991174410650202,0
1,1.7079631934107387,0
1,0.534968305940418,0
1,-0.515323228537844,0
1,0.32890116928473173,0
1,0.9711248384525527,0
1,-0.08561643891447089,1
1,2.6263900853423796,0
1,-0.5174179565194872,0
1,1.0025107220447482,0
1,0.7619372364817996,0
1,-0.6998274246980576,0
1,-0.4244402673476728,0
1,1.0180986474793647,1
1,0.14478788760424122,0
1,0.33807172672727276,1
1,-1.6359673537043573,0
1,0.6559986551621014,0
1,0.28729684408256784,0
1,-0.0639100226411535,0
1,0.3608918630590762,0
1,-0.40921770712424965,0
1,-0.5919025038834741,1
1,-0.24188553163910984,0
1,-0.4642031783182975,0
1,2.1805295610432003,0
1,0.9118707288435897,0
1,-0.968468923971701,0
1,2.0362960022608423,1
1,-0.43285661143631277,0
1,0.029455367464284527,0
1,0.89741719493132,1
1,-1.9699885438976152,0
1,-0.23702584694096898,0
1,-0.5733338509671676,0
1,0.20508007954413482,0
1,0.3700496832654426,1
1,-0.07725936533235145,0
1,-0.12364729817898791,0
1,1.065131372635445,0
1,0.30148593033403814,0
1,0.04142501005194293,1
1,0.1478705914601392,0
1,1.8358889975302184,1
1,0.17267397698410603,0
1,-0.5144485049657053,1
1,-1.908999088611059,0
1,-1.4339373740349537,1
1,-0.467025895079761,0
1,-0.10837684395414768,0
1,-0.5556214596102388,0
1,0.3511439770458093,0
1,-0.5685080445083084,0
1,-0.9144892701354301,0
1,0.6126438353574128,0
1,1.3693944968780132,0
1,-1.1071675977465478,0
1,0.24371586370781181,0
1,-1.905004658153818,0
1,-1.4745381307271594,0
1,-0.5887658279771728,0
1,1.1349104323771935,0
1,-0.7787060297054746,0
1,-0.8161004747655494,0
1,0.03608728189444972,0
1,0.0370836111498507,0
1,-0.7851314727546698,1
1,1.9862215672632384,0
1,-0.2653633731153731,0
1,0.11358498241807989,0
1,-0.40177953771044195,0
1,0.4399715621511794,0
1,1.234957559704117,0
1,1.6636636969545726,0
1,-0.7622656752638802,0
1,1.1007951763012123,0
1,0.549680819551018,0
1,0.9745366094600776,1
1,-0.0918792726927976,0
1,-0.18704077328218052,0
1,0.9357146457139935,1
1,0.9546925060562871,0
1,1.5657205638618863,0
1,0.19854755545048933,0
1,-0.10691462763475694,0
1,-2.459853579994204,0
1,-1.6112605379953344,0
1,-0.3942516051833931,0
1,-1.1010589312462153,1
1,0.8141305654332462,1
1,-1.3100209615789538,0
1,-0.5013043283502879,0
1,-0.4620264931384886,0
1,1.204743083399446,0
1,-0.6082387490196441,0
1,0.4524121180479882,0
1,0.1957061275227168,0
1,0.9032884854472796,0
1,0.8502150521164803,0
1,-0.03344011286954425,1
1,-1.6962945126071802,1
1,-0.23174088664562928,0
1,-0.01995564453215277,0
1,0.286009233152778,0
1,-0.7375551452208102,0
1,1.140901118408613,1
1,0.013619418314992601,0
1,-0.9204973478121257,0
1,-0.4582278387416802,0
1,1.9285426539668302,0
1,0.6643778929464983,0
1,1.0484565555644039,0
1,-1.0415869697134141,1
1,-0.6888296921838009,0
1,-0.6814223058812449,0
1,0.18439373758862196,0
1,-0.1740018310855592,0
1,-0.48949441125702076,0
1,-0.36406959250345405,0
1,-0.7940351866750697,0
1,-0.17983928690141016,0
1,1.1132155838337474,1
1,-1.513139351549754,0
1,0.3464794336352301,0
1,1.3800926948796235,0
1,-0.1831870985655671,0
1,-0.5288760291458959,0
1,0.9242314859505888,0
1,-0.9842218768688435,0
1,-0.022691529938730855,0
1,-1.039844100385727,0
1,-1.8701009700242799,0
1,-0.15198426479479524,0
1,-1.2633950632669835,0
1,-0.011670513329168509,0
1,1.1150296243807063,0
1,1.8542554066796233,0
1,0.09352928394320842,0
1,1.0192158319755993,0
1,0.3989626501066333,0
1,-0.3831136138750589,0
1,-1.9247763539308946,0
1,1.626492327082119,0
1,-1.0491021892811228,0
1,1.3827709114177693,0
1,0.536807629262251,0
1,-0.976012785247359,0
1,0.31199836181895313,0
1,2.1329110612853297,0
1,1.535652580863771,0
1,-0.5127130561344487,1
1,-0.7119807581846821,0
1,0.10020803731607193,0
1,-0.16551372896983654,0
1,1.19973738564273,1
1,0.7395891364218043,1
1,-1.6922416015284223,0
1,0.4586752554239115,0
1,-0.1790909608673681,0
1,0.03710813602806655,0
1,0.24894301426065893,0
1,1.1987290052766018,0
1,0.9777929635460209,0
1,-0.7497427406872955,0
1,-0.05861196768966943,0
1,-0.44852139285721176,0
1,-1.6818459689065979,0
1,-0.10937050760109031,0
1,1.8447544275590961,0
1,-1.712043393749747,0
1,-0.02406179366006721,0
1,-0.05613814540967522,0
1,0.28773547176431985,0
1,-0.9627249573939305,0
1,-1.4251105907999537,0
1,-1.378597656794626,0
1,1.3309337583314786,0
1,-0.982685974361857,0
1,-0.49956219165317295,0
1,2.104632598612974,1
1,-0.734255656776456,0
1,0.34239959795092606,1
1,1.0638116766255068,0
1,1.015720186979243,0
1,-1.3315763570436807,0
1,-0.7133524477014987,0
1,0.30236397625198513,0
1,1.9290174573832923,0
1,-0.7615106586411955,0
1,-0.493612984111077,0
1,0.41957442140100454,0
1,0.6196582273483766,0
1,0.6802540043027369,0
1,-0.8463558648348002,1
1,-0.5320481369344054,0
1,0.21550119980196858,0
1,1.2623113126282814,0
1,-0.23848408211842734,0
1,-0.02230190008381943,0
1,-1.0259284371394095,0
1,1.8632268318922425,0
1,0.15426294714170982,0
1,1.077754779556742,0
1,0.029897208067600572,0
1,0.0852670652434121,0
1,-1.5003088908520608,0
1,-2.150761869692567,0
1,1.251905211835959,0
1,0.07805821426242007,0
1,0.20642812298661822,1
1,-1.2490537522004106,0
1,-0.9030641777936236,0
1,1.0623020011349846,0
1,1.7401437708414367,0
1,-0.6212740137725519,0
1,0.6714832883630556,0
1,0.19002493268160509,0
1,-0.12052894007772563,0
1,1.8519590201783194,0
1,-0.453201646022752,0
1,1.2407126370174857,0
1,0.3814233170420487,0
1,-0.016889322364818993,0
1,1.3720171730330784,0
1,0.2901344984230279,0
1,-0.09642752991228078,0
1,1.379442172982033,0
1,1.2492622537718918,1
1,1.2019633211538756,0
1,-3.887804341619664,0
1,0.44017662573841065,0
1,0.21211719306996976,0
1,-0.03486325408548587,0
1,0.6097796339726784,0
1,0.26055687250452786,1
1,0.6778074173271814,0
1,-0.26796180775499273,1
1,1.4981806301764926,0
1,0.778944191772826,0
1,0.5425265905148402,1
1,0.4937052337068637,0
1,1.1572813074935637,0
1,1.0216877869354895,0
1,-0.11277205354628778,0
1,0.9903103808232961,0
1,0.17405224004204453,0
1,1.9169267915003285,0
1,1.0977278110469655,0
1,-0.6256093185616934,0
1,2.3307106894502656,0
1,-2.1020398359898294,0
1,0.6373547406690422,0
1,-0.6962473294452859,0
1,1.8821802936730196,0
1,0.2528060652952868,0
1,-0.7937954650871212,0
1,-0.2664947122195833,0
1,-0.7139314586655916,0
1,-0.30577697857007885,0
1,-0.3286476158895048,0
1,-0.7511558687010546,0
1,0.270063811582624,0
1,0.3912241634067323,0
1,-0.9963063912759672,0
1,-1.6582687630439978,0
1,0.3109564521495716,0
1,0.5319205511195337,0
1,0.7302167619612338,0
1,0.5511743815941278,0
1,1.5727167757369898,0
1,0.9970678869312632,0
1,2.679828196415576,0
1,3.1006471968329445,0
1,-1.7581025876447136,1
1,-2.1971386312358456,0
1,-0.0073912978467148135,1
1,0.5042324298803218,0
1,-0.0758850090057223,0
1,0.7035804460577602,0
1,-0.27024207539837525,0
1,-0.6939507634141234,1
1,-0.5428908598510445,1
1,-0.200168369064204,1
1,0.8435123440601495,0
1,-0.48674069666583025,0
1,-0.2889687029167053,0
1,0.5702168440443536,0
1,-0.19879639754518968,0
1,1.1167105506453896,1
1,-0.9195062322350612,0
1,-1.136363756465487,0
1,0.30462903401834257,0
1,0.4042884622647964,0
1,-0.8649594940834129,0
1,1.3435954013274256,0
1,1.924936809770226,0
1,-0.6278542128407156,0
1,1.4873006727311908,1
1,-2.3821321720007225,0
1,1.076112266718025,1
1,-0.8577627711284175,0
1,0.9760726819721396,0
1,-0.9612759859566656,0
1,-0.06848753462679526,0
1,-0.8101155965418396,0
1,-0.21388069778208085,0
1,1.8299240289304446,0
1,-0.10793779659340613,0
1,2.110301623925836,0
1,-0.3858125610928363,0
1,1.491764703806802,0
1,-1.625692606512803,0
1,-0.28650905537819116,0
1,-0.5361099853253575,0
1,1.537705600797142,0
1,0.18524878603607414,0
1,-2.0880831696474953,0
1,-1.3101296547235624,0
1,-1.0126622493794006,0
1,0.9340502941121688,1
1,0.8050074836562757,0
1,-0.30039943296111976,0
1,-0.5485097936175729,0
1,0.7163882408500528,0
1,-1.1295230924319606,0
1,0.45766897795035283,0
1,0.37251799687023296,1
1,-0.2745895930667648,0
1,0.3976779650457155,0
1,0.10209435307468438,0
1,0.4974194947565403,1
1,-1.3341023084800938,0
1,0.6145019805287018,0
1,1.0266013295022722,0
1,0.32095142056444487,0
1,0.6012158509915,0
1,-0.10991931740976253,0
1,0.8913325662630432,0
1,0.06524712797985452,0
1,-1.1479412824546105,0
1,0.8202161548832603,0
1,-1.6341462475077724,0
1,0.2827797442883831,0
1,-0.38422285004697937,0
1,-0.44812574970471186,0
1,0.17198874992620525,0
1,-0.7092881908179942,0
1,0.5122060141278323,0
1,0.056796632622002054,0
1,-0.617293951412198,0
1,1.3381795700463186,0
1,0.20478261029949818,0
1,0.6308009334244812,0
1,1.4165887294944217,0
1,1.4001785357943723,0
1,0.5797854538561881,0
1,-0.30265820100980434,0
1,-1.4297037875372114,0
1,0.20669070047974605,0
1,1.0945843158173858,1
1,0.35431481939328524,1
1,-3.4445840497678972,0
1,0.8700621548264672,1
1,0.9314991547757419,0
1,-0.30122219372631365,0
1,0.9883616752535224,0
1,0.6279654143933764,0
1,-0.6855067922820294,0
1,1.2713011162176846,1
1,-1.2674769231061138,0
1,-0.05724467103893545,0
1,-0.15700231277208526,0
1,-0.8254381521887809,0
1,0.30379386764896504,1
1,1.3103688995730578,0
1,1.247741871861388,0
1,0.7236642147419157,0
1,-1.6959225068802954,0
1,-1.3359523008771192,0
1,0.16616911975876847,1
1,-0.03423504108354112,0
1,-0.49807982749831525,0
1,1.9053231974548321,1
1,0.10586015317114122,0
1,0.5424127411908184,0
1,0.9878938809484459,0
1,0.05495844967245965,0
1,2.5910621679123693,0
1,-0.9403723024357035,0
1,-0.6060715898941221,0
1,-0.9428257182825067,0
1,1.5626582864273035,0
1,0.8020858742186469,0
1,-0.5441519127185926,0
1,-0.8638763749547805,0
1,1.3848905006026038,0
1,0.3616877153388594,0
1,1.410417968616338,0
1,-0.06014935078155653,0
1,0.5115353224335996,0
1,0.30022765524400286,0
1,-0.624111334374069,0
1,-0.14414415880900922,0
1,-1.1843033442983446,1
1,0.4941068237272433,0
1,0.7612487463468598,0
1,0.9901612001053197,0
1,0.6665448931710057,0
1,-0.1282101365030248,0
1,1.551970645076985,0
1,0.8923084877295449,0
1,1.388546301657105,0
1,1.4512867044703506,0
1,-0.12559965530689088,0
1,0.387879456893237,0
1,0.7745651834974777,0
1,-1.149141787534425,0
1,-1.1269731723787997,0
1,-1.299311645995077,1
1,-0.10810008851988984,0
1,-0.33331705921159793,0
1,-1.4356706282952385,0
1,0.1493582276986776,0
1,-0.09561891671659228,0
1,1.182240170076993,0
1,2.012979079132458,0
1,0.45645034041423266,0
1,-0.6966305213662353,0
1,0.6467243773470688,0
1,0.009302923320473023,0
1,-0.24012525378149832,0
1,-0.8616011211798119,0
1,-0.464220039222007,0
1,-0.1777910112738275,0
1,0.8040963921654486,1
1,0.5110255804078663,0
1,1.8255761429284958,1
1,0.6743380738464718,1
1,0.4242949245623606,0
1,-0.30623036547257415,1
1,-1.0374629818467107,0
1,-0.5698934418531435,0
1,-0.6998386627619273,0
1,-2.560906817931806,0
1,-1.0086317825741715,0
1,1.6022097613659732,0
1,0.36860021295899326,0
1,-0.3765238553450964,0
1,0.39847982214002087,0
1,-1.9534045257293744,0
1,0.28209771646242404,0
1,1.2774922631474832,0
1,-0.12111594708938031,0
1,-1.7719895262485683,1
1,-0.41394053477669707,0
1,1.2792619949831199,0
1,0.25862965689766904,0
1,-1.4183100947935663,0
1,2.367629179183871,0
1,-1.253808516245133,0
1,-0.24292458161321462,0
1,-1.0373860006522035,0
1,-1.036002014913601,0
1,-0.4521511157351564,0
1,0.6361501598460775,0
1,1.2905314452196017,0
1,-0.38616817203245973,0
1,-1.0101435541849244,1
1,0.47863931665980813,0
1,0.5079635789291874,0
1,0.2403763355534504,0
1,0.27573981290673266,0
1,-0.1125664463436816,0
1,0.09815085455588131,0
1,-0.18165112862357083,0
1,1.0702437270371223,0
1,2.228459500705877,0
1,0.17965315170719248,0
1,-0.006572247971360915,1
1,0.255861365690068,1
1,-0.6579218009832918,1
1,0.7649783711048204,1
1,0.44117640908112865,0
1,-0.4204702080426906,0
1,0.9020668190424783,1
1,0.018989768345387258,0
1,-0.9700566384743754,0
1,0.35160444542296,0
1,0.2369925033993263,0
1,0.9604181461106248,0
1,0.8315469500748488,1
1,-0.10922633062876186,0
1,-0.4720869364135305,0
1,0.0017437500577992453,0
1,0.36330887966865616,0
1,0.4837543777650492,0
1,0.30141220813611785,0
1,-0.09076194347176915,0
1,0.9968170200232238,0
1,-0.6743018940932767,0
1,2.4794034521548225,0
1,0.7630703801537592,1
1,-1.1274854031700103,0
1,0.18522933093641553,0
1,0.7726835180321313,0
1,-0.34936910551970984,0
1,-1.4951440475767068,0
1,-1.0390639415988954,0
1,0.5420929443455513,0
1,-1.7546164725683715,0
1,-1.4493445718460223,0
1,0.5368347469339261,0
1,-0.22254921684682955,0
1,-0.6957803896047969,0
1,-0.4947321473225333,0
1,-1.4708138128443196,0
1,0.4844534304549453,0
1,-0.8065435550174455,1
1,-0.5357521845838709,0
1,0.3467851365871779,0
1,-0.25662753545421646,0
1,-0.7046533096343361,1
1,-1.9894384247239287,1
1,0.36742584586781474,0
1,0.07899296760840173,0
1,-0.5173874576833732,0
1,-1.0373991054668465,0
1,0.012762478653524782,0
1,0.48047176052576845,0
1,0.09775888132430396,0
1,1.6380655204921528,0
1,0.7047745026050286,0
1,-0.10728308967404143,0
1,0.7382787560965639,0
1,0.04866227839107852,0
1,0.045192754522654074,1
1,1.2963637973110222,0
1,-0.8980578781405189,1
1,0.023309648054958408,0
1,1.1897100026496046,1
1,0.30899055817489085,0
1,-0.3690529853687782,0
1,-1.7061597653741696,0
1,-2.2703469421937092,0
1,2.076181189760748,0
1,0.3085118212508116,1
1,-0.5840731390862621,0
1,0.34945688912984085,0
1,-0.94767413830335,0
1,-0.33120127739626604,0
1,-0.9409403929929648,0
1,-1.4132735845645044,0
1,-2.104984945837922,0
1,-1.5976573922288342,0
1,1.02128776393746,1
1,-0.9868819612100316,0
1,0.5348921118028795,0
1,0.9566473898452137,0
1,0.01657968520745772,0
1,-0.2985672123210707,0
1,0.13302292052766373,0
1,-0.41662036652411394,0
1,1.2039092620566303,0
1,1.8765338741444926,0
1,1.4498118303709555,0
1,-2.1515632347735676,0
1,-0.4370267588601139,0
1,0.004159138781156173,0
1,0.46305796042254327,0
1,-1.727314537702048,0
1,-1.7434436603689656,0
1,1.3067897496253924,1
1,-0.5591193186097794,0
1,-1.4874063384532321,0
1,-1.1036408077229607,0
1,0.3904746433122149,0
1,-0.8225476864634965,0
1,0.24162564218405003,0
1,-0.9787273627465037,0
1,-1.7442001273840204,0
1,1.4243801632213242,1
1,0.3981899112889757,0
1,-0.3337508612381163,0
1,-0.5213617216816094,0
1,1.464900369075235,0
1,0.5915300455287251,1
1,1.146813031635759,1
1,-0.5836926774892001,0
1,0.05066654017957831,0
1,0.4021989159965318,0
1,-0.5500691093138412,1
1,-0.0955321090036399,0
1,-0.5836103398832501,0
1,0.3990591975022172,0
1,-1.3213941638505806,0
1,0.571970019247058,0
1,0.3107132017429109,0
1,-0.20330852850732195,0
1,0.44951714565208367,1
1,-0.36494046373297717,0
1,-0.6701307413272868,0
1,0.5437261547886781,1
1,0.5870140051543722,0
1,-0.5072702388090342,0
1,-0.5930522922430583,0
1,-0.18297348376045655,0
1,-0.5520056528140176,0
1,1.5251191098822687,0
1,0.3164757141942066,0
1,0.014600233547214906,0
1,-0.932724973689029,0
1,0.7389894470366405,0
1,-0.6116048999444152,0
1,-0.65274731108104,0
1,0.7726146630765858,0
1,0.3873227209918976,0
1,-2.5034476091355575,0
1,-0.15777076376430912,0
1,0.12551962054762003,0
1,-0.3395961557811601,1
1,0.16036366568980487,0
1,-1.8096880029090108,0
1,-2.831020599340725,0
1,-0.9754682383702709,0
1,0.28224712176715,1
1,-3.2249562285208904,0
1,-0.8435460672395073,0
1,-1.9227609691993868,0
1,-0.24262417253134777,0
1,1.9578992579558496,0
1,-0.2171759946641017,0
1,-0.10750284533086794,0
1,0.8392309407882321,0
1,0.021306557810573525,0
1,-0.21499177018933932,0
1,0.9266459241450039,0
1,0.47188715051180563,0
1,0.28862576156645264,0
1,-0.13878015256746545,0
1,-0.3460647047270636,0
1,0.9171708852316622,1
1,-0.3364626198791729,0
1,1.231252879356013,0
1,-1.0471463662892824,0
1,1.433783954505778,0
1,0.472040083088418,0
1,-0.9685349230520062,0
1,0.5089786345523063,0
1,-0.6503028983172799,0
1,0.033428054347475485,0
1,-0.48662713714525124,0
1,-0.1329121641330784,0
1,0.9414307938098668,0
1,0.5185116521466865,0
1,-1.1253653917690785,0
1,-1.0680964416584386,0
1,0.27077561026533337,1
1,0.34318712689577674,0
1,-0.6744449793870979,0
1,1.5913154829820375,0
1,0.8134949372695958,1
1,-0.6255763653847941,0
1,-0.7222553158159929,0
1,-0.22781321371324711,0
1,-0.3318544110741597,1
1,1.256157493731777,0
1,0.9845229729948867,0
1,0.03506951350139048,0
1,0.6779055608892148,0
1,0.822975226344549,0
1,0.058260728266534306,0
1,0.40261867936908985,0
1,0.5941875540922819,0
1,0.48760572364888405,0
1,-0.7788038284757912,0
1,-0.6777097573460621,1
1,-0.28859466168605025,0
1,-0.7066642790468888,0
1,-1.4731005726356527,0
1,0.6759519609490408,0
1,0.34640812686900146,0
1,-1.3393665762925462,1
1,-0.24091671172753645,0
1,-0.18428581725262724,0
1,0.18194442850993936,1
1,-1.0819224486476589,0
1,-1.3539942359944126,0
1,0.5197244960339101,0
1,-1.5339620122686228,1
1,-0.23266349305466327,0
1,-0.32607718575822703,0
1,-0.12328431822678534,0
1,0.25271762117785185,0
1,1.5985706178114065,0
1,-1.5994922005909002,0
1,0.8765815827327491,0
1,-2.5121579061313772,0
1,1.3937111488173184,0
1,-2.0428693405371567,0
1,2.436394638034791,0
1,-0.3897678294771549,0
1,1.2903830607730349,0
1,1.0841560234108645,0
1,-0.43648909130440844,0
1,-0.35974921818760114,0
1,-0.837158963132276,0
1,0.787370166444289,0
1,-0.423468104218468,1
1,-0.8189835280507342,0
1,0.5372760119561523,0
1,-0.897176441405749,1
1,-0.32898229175200283,0
1,0.10710586487219341,0
1,-0.6424294892612682,0
1,-0.4915486809199354,0
1,1.5349832011394577,0
1,-0.20423520028514647,0
1,-0.35962695978361237,0
1,-0.175125138068722,0
1,0.4544549884990673,0
1,-1.0338636826738634,0
1,0.4272154004583863,0
1,0.2558201900592407,0
1,-1.7886553840741175,0
1,1.7942556034087618,0
1,1.4608135607632065,0
1,-0.8005629327448375,0
1,-1.1224265376972833,0
1,0.22805149702524258,0
1,-1.425863287831288,0
1,1.3642829537022556,0
1,-0.46845373575239274,0
1,1.6218069283088166,0
1,-0.8244033703862671,0
1,-0.11220208556672034,0
1,1.267212606577366,0
1,-0.3232394796388301,0
1,0.27209174317574075,0
1,1.0926587556380132,0
1,-0.5560474508341664,0
1,-1.2617390905476908,1
1,-1.4587105963075782,0
1,0.5834327494378747,0
1,0.3887783869976185,0
1,1.0616631730810906,1
1,-0.27404471898259025,0
1,-1.4307372576005426,0
1,-2.3527523062815763,0
1,2.867962534351701,0
1,0.5269230185375029,0
1,0.13679175608229402,0
1,0.2786397603138164,0
1,-1.4313389482324363,0
1,-0.7948719909630466,0
1,1.743330127991242,0
1,0.6583472858522185,0
1,-0.7635976576279362,0
1,-1.226815328083239,0
1,-0.5156941089445665,0
1,-0.3154306472228784,0
1,2.0491460358467033,0
1,-0.18826737596595502,1
1,-1.1895517841330125,0
1,-0.05860236361008462,0
1,0.264338468378001,0
1,-1.2805465775873714,0
1,0.4021655344526143,0
1,1.20891595227157,0
1,0.13867128325076328,0
1,-0.7970651518496797,0
1,-0.5288704375701501,0
1,-1.658835976661862,0
1,-0.13383523410253537,0
1,0.31077995682991316,0
1,-0.8966325848654781,0
1,1.9397001510276282,0
1,0.7922794954511481,0
1,-1.7927773389484423,0
1,-1.7722625585075578,0
1,-0.9840238027038185,0
1,1.5731854067592725,1
1,0.8909217105523625,0
1,1.6237121955582872,0
1,0.010209286562754749,1
1,-0.2094893279622779,0
1,-1.247509486060624,0
1,0.3496839249167958,0
1,-0.19616816691702066,0
1,-0.23467219048186205,0
1,1.618050841052838,0
1,-0.12634560286456042,0
1,1.3309814440476846,1
1,-1.5880746611426133,1
1,2.688112232862922,0
1,-0.3732704617553693,0
1,0.707184023274026,0
1,0.8662729119465122,0
1,-0.49735673037543554,0
1,0.8190300900590537,0
1,0.8710031765812385,0
1,-0.7131445010457679,1
1,-0.701300224181893,0
1,0.04530682348474259,1
1,-0.1154939476853354,0
1,1.3931300958495347,0
1,0.7026681849450789,0
1,-0.070423569463091,0
1,0.6060779587076734,0
1,-2.0466530777966914,0
1,-0.6153109736317417,0
1,0.2878210083188878,1
1,1.1153655018924507,1
1,0.1997693346557936,0
1,1.4582389999776564,0
1,0.8679398580252639,1
1,-0.4883294240713444,0
1,-0.14003064595376932,0
1,0.40842168623857145,0
1,-0.4486355528563638,0
1,1.5312901779165933,0
1,-1.1087261342922892,1
1,0.3161064504243861,0
1,0.7354468136050571,1
1,-0.31344698946110233,0
1,-0.5387993326492484,0
1,-0.07608129644999888,0
1,0.8119985127851743,0
1,-0.4998479975278538,0
1,-1.0689211869092923,0
1,1.1505847769930262,0
1,0.3992964729355876,0
1,1.0078574304895174,0
1,0.7593317312674405,1
1,2.179889308281965,0
1,1.1149720356065458,0
1,-0.7240795618748207,0
1,0.4702679672315828,0
1,-0.5574887210435456,0
1,-0.4541261638378336,1
1,-1.4125004006152988,0
1,-0.2861131818665387,0
1,0.5450342885346998,1
1,-0.06602170513374042,1
1,-1.0993684032486915,0
1,-1.5230193324683148,1
1,2.111845935480567,0
1,0.3251607530414996,0
1,-0.8240691695998863,1
1,0.4617834597028763,0
1,2.1891860778060868,0
1,0.620462359645895,0
1,-2.7870678690285327,0
1,2.652291687986943,0
1,-1.8492464802903776,0
1,-0.2060119453768321,0
1,-1.1334043000328504,0
1,-0.7400021099732134,0
1,0.2844096849826374,0
1,-2.0710235087986093,0
1,-0.09024558548958914,0
1,1.147342422741361,0
1,-0.8432403245875508,0
1,-1.3902850599421557,0
1,-0.1393051021557423,0
1,-0.3383414900513758,0
1,-0.595227670334469,0
1,-1.1883460761176137,0
1,0.519184581186122,0
1,0.5952635114417304,1
1,-1.0656467344564875,0
1,-0.9272536446037599,0
1,0.13649199400572554,0
1,-0.964971658087667,0
1,0.17866198269678846,0
1,1.4680465286160624,0
1,-0.05982268122831417,0
1,-1.2136163674392415,1
1,0.39210349732174843,0
1,-0.17765472951961592,0
1,-0.15015703749131398,0
1,0.4753228728787888,0
1,0.6910374027783259,0
1,0.03550216547330453,0
1,-0.06068031670928348,0
1,2.0635414904733906,1
1,1.200553998907298,0
1,0.8335461180651682,1
1,0.1312059458801964,0
1,-1.0057432358949738,0
1,1.1273863859339939,0
1,0.14429414671802135,0
1,-0.5771690138231336,0
1,-0.2431404535876946,0
1,-0.9661825662381481,0
1,1.057329042985862,0
1,0.6830370831217859,0
1,0.18163246152835105,1
1,-0.04278557362527005,0
1,-0.6806688772498428,1
1,-2.1300726437585205,0
1,-1.4129268966600668,0
1,-0.7426453395192898,1
1,-0.892966382013853,1
1,0.2893606246160652,0
1,0.811493741973321,0
1,-0.1284392189010354,0
1,1.4089169351214348,0
1,-0.7828977195866305,1
1,-0.135537126748278,0
1,-0.05098717927759595,0
1,1.0921863288344187,0
1,0.10588708208217844,0
1,0.13356891455812855,0
1,-1.6548431150079215,0
1,-0.8999067092107549,1
1,1.0959522736975829,0
1,-2.0753422635971837,0
1,1.3429926524306277,0
1,0.49966448895423055,0
1,-0.7475213283637553,0
1,-0.8320489764072876,0
1,1.8959552998483071,0
1,1.411405806479421,0
1,-0.11944077154349764,0
1,0.13459172945237918,0
1,-0.6461813609102723,0
1,0.1347839778261051,0
1,-0.6739036885692954,0
1,-0.0785430241741799,0
1,1.8103293797647417,0
1,-0.09561404655042607,1
1,-1.0480218812736268,0
1,-1.3663720479849741,0
1,0.1271177573644799,0
1,-0.7608951544927903,0
1,0.24660314198253636,0
1,-1.6195030931285463,0
1,0.690250134575882,0
1,-1.0601648717930052,0
1,0.04629725927733898,0
1,-0.3383032174399716,1
1,1.7183889622788697,0
1,0.17148917342952746,0
1,1.9454719481145941,0
1,0.5607424000624197,0
1,1.4254059223124789,0
1,-0.2087982064229208,0
1,0.3455030494903224,0
1,1.218643589018956,0
1,0.9049599485840485,0
1,0.530993278184569,0
1,-0.3279348327877281,0
1,-0.15877649380672046,0
1,1.1376619516033566,0
1,1.34591124873214,0
1,-0.5928627292796731,0
1,-0.7437589743549698,0
1,-0.9041337882702167,0
1,0.8297006157301556,0
1,-0.9294750220625191,0
1,0.8176034060217474,0
1,0.5456903431210129,0
1,-0.5450918443657804,0
1,1.5638593138512664,0
1,-1.4622589081012267,0
1,1.6595325997585602,0
1,0.3188858642454964,0
1,-2.0734663566586917,0
1,1.5918796358216134,0
1,0.9722125042199887,1
1,-0.428211683413038,0
1,-0.9647205652413965,0
1,-1.5690667438383852,0
1,2.415446161810391,0
1,-0.9233818741618439,1
1,-1.2635885620009257,0
1,0.26791912435014975,0
1,-1.6378934667611151,0
1,-0.9815483984445561,0
1,0.9949691941604685,0
1,0.4642105948193797,0
1,-0.38636995973938226,0
1,0.01830667293137945,0
1,-0.4424705302000037,0
1,-0.061997809369039564,0
1,-0.7618113825596522,0
1,-0.5802393195274274,0
1,-0.6106781375454329,0
1,-0.7258608518557548,0
1,1.0439109964164817,1
1,0.770117392013053,0
1,-0.9323632683909493,1
1,-1.194393792542571,1
1,-0.15727664313061587,0
1,2.1552875982895463,1
1,-1.0277052036965477,0
1,-0.16122438970404027,0
1,0.08872041371766212,0
1,-0.10864217404514981,0
1,-0.4582098742194886,0
1,1.155079972198554,0
1,0.4544586229434542,0
1,0.8458053237450754,0
1,0.5893799496663307,0
1,0.8939483218059867,0
1,1.584405832974063,0
1,1.3310439667883345,1
1,2.3248039595959145,0
1,1.2173412814071918,0
1,-0.6694467765275067,0
1,0.8473120418058289,0
1,0.7104351789845953,1
1,1.9202949052321883,1
1,-0.9671585166762892,0
1,0.5579510813929365,0
1,-0.6810703447669576,0
1,0.5125451041001348,0
1,-0.2147466645997193,0
1,0.47946880419088844,0
1,-1.4103381860814241,0
1,0.7932264815558977,0
1,0.2060595151861,0
1,0.15219288177190468,0
1,1.95022829984733,0
1,-0.38248339826782335,0
1,0.34226542477198163,1
1,0.10027069903925505,0
1,0.19803916024073265,0
1,2.221803904642779,0
1,0.06380709241374871,0
1,-0.567279799488263,0
1,1.8709027954472213,0
1,-0.3076887654389624,1
1,-1.6051781472090552,1
1,-0.7408437064288511,1
1,-1.2465874940428558,0
1,-1.7999654663144513,0
1,-0.36301500436813444,0
1,-0.07021596527343232,0
1,1.1805279151289065,0
1,0.6294016120620651,0
1,0.5838343081286667,1
1,-0.8932100051977196,0
1,0.884933261964115,0
1,1.391232836398735,1
1,0.3945708915461603,0
1,0.4225175362979251,0
1,-1.2646922996999788,0
1,1.0544358076053275,0
1,1.780830548761419,0
1,0.32295239904683726,0
1,-0.5943572783674849,0
1,-0.16199485598784275,0
1,-0.4204207150125877,0
1,-0.3604496531602945,0
1,0.6479830636940592,0
1,0.2794641116703421,0
1,1.0039366059713688,0
1,0.3709025447782209,0
1,-0.8640879739781828,0
1,-0.5006920238493904,0
1,-0.5628410727878568,0
1,-0.1864700766184518,0
1,1.7947136914145883,0
1,1.9548995916476282,0
1,0.8366012004465857,0
1,0.11876379683361804,0
1,-1.361652219504395,0
1,0.22000830573008343,0
1,-0.7900072964370534,0
1,1.63052189656592,0
1,-1.6061056897904893,0
1,0.38448433333011733,0
1,-0.8742393776503687,0
1,-0.009515185483472202,0
1,0.6660681903110566,0
1,1.0219686887820973,0
1,-0.06069020093158128,1
1,0.7612165501815288,0
1,-0.6624700986121024,0
1,0.24553838477322035,0
1,1.0022074144378648,0
1,0.3320994781399878,0
1,-0.529343696373306,1
1,-0.27904236756343237,0
1,1.0156560625479392,0
1,-1.0918446169281573,0
1,-0.9443151340074528,0
1,0.6015887598117357,0
1,-0.4391435945417976,0
1,-1.4530581963496891,0
1,1.3508186670419104,0
1,-1.0996002878799076,0
1,-0.1994300133196385,0
1,-0.619520643687098,1
1,-0.2976834855402208,0
1,-0.8846194576513401,0
1,0.7142792376934625,0
1,0.11082352430691157,1
1,0.9836535952108916,1
1,-0.6091682115417223,0
1,2.133021769949211,1
1,-1.9046487855039445,0
1,-1.585134907922294,0
1,1.7530848477164287,0
1,0.47404166744638443,0
1,0.3413860830560752,0
1,0.43127530731801106,0
1,0.5712072701504491,0
1,0.2997677204339506,1
1,-0.9659044916251056,0
1,0.8181909050727912,0
1,0.6606782115382321,0
1,1.4284311467398303,0
1,1.7642410769011654,0
1,0.33047607964326225,0
1,-1.2275490176321833,0
1,1.7725229312021364,0
1,-1.018149935002941,0
1,0.3379641936723808,1
1,-0.256733926420855,0
1,-0.43062535018479275,0
1,0.7643001215315177,0
1,0.24445959926796562,0
1,0.5132414912681309,0
1,-0.8156862901633702,0
1,-0.17407496537466038,0
1,-0.7695349798407002,0
1,-0.19907158797746502,1
1,-0.1187622248674092,0
1,1.8443041732047962,0
1,-0.2593885144687406,0
1,-2.125598324530646,0
1,1.3950915373207864,1
1,0.44925937402602345,0
1,-0.13101043455338934,0
1,-0.4372153668610949,0
1,-0.9469256560568857,0
1,1.938048097086492,0
1,0.051844888660036635,1
1,-1.7377511434814747,0
1,0.32774003328524176,0
1,1.2061717020348408,0
1,0.15643466835349723,0
1,-0.9015934721953135,0
1,-0.9910742860246571,1
1,-0.9173189277192353,0
1,1.5216579970469513,0
1,-0.07166405523682462,0
1,-1.6787244146786302,0
1,0.3841339258444641,1
1,0.14103678557355223,0
1,-0.44889546688333115,0
1,-1.020406756088811,0
1,-1.0638948997728754,0
1,1.0866338154663382,0
1,0.24751285580509758,0
1,0.47864366466178415,0
1,0.24475880958012003,1
1,0.32768870491182184,0
1,-0.468394663428241,1
1,-0.20582935448077644,1
1,1.164911805425043,0
1,1.4145901678191124,0
1,-1.2220919877597505,0
1,-0.20825883310778268,1
1,0.8392853589936647,0
1,1.8820797322157303,0
1,1.7819595813307498,0
1,-0.7957578149464997,0
1,1.2750461182058257,0
1,0.058636302107016376,0
1,1.0444166388757383,0
1,0.7882786808212866,0
1,-1.2639640425647631,0
1,0.5499739566271756,0
1,1.005696591169289,0
1,-0.02015525502783204,0
1,-0.24631642730662087,0
1,-1.5716639117730884,0
1,0.6836175165509342,0
1,0.208748367813911,0
1,-0.9221839147100857,0
1,-0.32583999687640003,0
1,0.15450324912777277,0
1,-0.5586357890526705,0
1,0.002677127509891169,1
1,-1.749932647203449,0
1,1.3494216968519552,1
1,0.015909284966284666,1
1,-1.0993535064903106,0
1,-2.459708848387683,0
1,1.0291349410333923,0
1,0.558091552723642,0
1,0.21068571346905124,0
1,0.8636480012646043,1
1,0.8608983962967114,0
1,0.19443807005353256,1
1,-0.254214217257817,0
1,-0.4171415986152579,0
1,0.4209420239051994,1
1,1.3970313748793493,1
1,-0.10290317131597083,0
1,1.4764774059167223,0
1,0.373152473452412,0
1,0.3806909685166615,0
1,2.405109467323973,1
1,1.6526782162184324,0
1,1.678609244388215,0
1,-0.7976136583668579,0
1,2.1921825021562906,0
1,-0.08221679411995671,0
1,-0.22749117975350636,0
1,-2.159248413413239,0
1,0.3262908245538229,0
1,-1.0833539581026397,1
1,0.40825382854699094,0
1,-1.1615651332376917,1
1,1.797699837794804,0
1,0.5515739628767288,0
1,2.2798715757495764,0
1,-1.0230240314925128,0
1,1.5491792447079755,0
1,-1.8027124170328268,0
1,0.20807547647429409,0
1,-0.631623119941951,0
1,-0.44795653525035717,0
1,-0.5164964179088289,0
1,-0.914716185351329,0
1,-1.2596883066506925,0
1,-0.44242680693146963,0
1,0.11602839728687098,0
1,1.1636943566260185,1
1,0.29535039662105395,0
1,1.1665402012943862,0
1,-1.4781768719571002,0
1,-0.43296940570874193,1
1,0.7110049191364247,0
1,0.34319075579135827,0
1,-0.8611751146591777,0
1,0.934068892165902,0
1,-0.5312731819524812,1
1,-0.7773635613937209,0
1,0.48694776049680805,0
1,0.0061693653342358,0
1,-0.52291233502861,0
1,-0.556868525247105,0
1,-1.0697967998066982,0
1,-0.39574824605886477,1
1,1.1000094354874357,0
1,0.24455046298816424,0
1,0.9585940807773453,0
1,0.5160685376747014,1
1,-0.6122462069718194,0
1,-1.649141274784243,0
1,-0.9268543647037955,1
1,-0.6712358110975197,0
1,-0.7485828702916597,0
1,0.9810199268597204,1
1,0.9705884668497021,0
1,2.211879640276645,0
1,-0.7637211711923855,0
1,1.597448306064415,0
1,1.5912672056641302,1
1,-0.23226375803886393,0
1,0.47355539694023474,0
1,1.2407332491412106,0
1,-0.05892462266226093,1
1,-0.1363917772146426,1
1,-0.6273374211174519,0
1,-2.3600385186630297,0
1,0.07047161648847906,0
1,-0.7098693274534263,0
1,-1.0753486236168277,0
1,0.42219165014431453,0
1,-1.451312240821098,0
1,0.8060798912806176,0
1,0.4835993152605212,1
1,-0.40019321169725186,0
1,-0.06331025284445918,0
1,-1.1902210941542422,0
1,0.750338603365376,0
1,0.18736424105126542,0
1,0.2618499545895443,0
1,0.5018903796731302,0
1,-0.642415413891724,0
1,-1.519058274920934,1
1,0.9573183749126308,0
1,0.6887184136124077,1
1,-0.5353588032709344,0
1,0.4091101991300401,0
1,1.25797343871795,0
1,1.1387008030839398,0
1,-0.5645588364319957,0
1,-1.4887610454342513,0
1,-1.3172151395967535,0
1,-0.3117260129551111,0
1,1.4623171332871585,0
1,-0.7284454121413682,0
1,-0.5963278530093554,0
1,-0.6169110981183182,0
1,-0.5317307962886673,0
1,-0.011226844086627264,0
1,-1.2800501745517556,0
1,1.0843599563269513,0
1,-0.1448210780096468,0
1,2.479134574725335,1
1,-1.173570998550015,0
1,1.5898661718249083,0
1,1.3913453979864867,0
1,-0.41168400884564893,0
1,-0.3950606135118676,0
1,-0.9212978161298966,0
1,-0.9098214252395551,0
1,-0.0006059497748582492,1
1,0.02069598424636107,0
1,-1.6023552669411647,0
1,2.2935053233258635,0
1,-0.25951685716306216,0
1,0.06561227721718836,0
1,-0.626237433413442,0
1,-0.2670095390918342,1
1,-0.35787811124420843,0
1,-0.0029304258252604446,0
1,-0.014589910428114545,0
1,0.8048663485410703,0
1,0.22721993709877608,0
1,0.7042830203995033,0
1,-0.009810821805434359,0
1,0.23125255510589088,0
1,-0.2413056826832715,0
1,1.0031117343376488,0
1,0.32262242951592457,0
1,-0.15807485451290068,0
1,-0.18791013455132072,0
1,-0.10923934124699704,0
1,0.03044392367703176,0
1,-0.05636110121892039,0
1,-0.5588416552113599,0
1,0.764900555268261,0
1,0.8280759925481701,0
1,1.7838568379007467,0
1,-0.6036297106447612,0
1,0.6664387251521058,0
1,-1.9091373162826824,0
1,0.8290430650218876,0
1,-1.456582115007185,0
1,-0.9843311035722854,1
1,0.3322253290158185,0
1,-0.6214990354223122,0
1,-0.7583535100029103,0
1,-0.4848160224983458,0
1,0.7296259919185254,0
1,-0.9328903964177435,0
1,-0.0541548642225358,0
1,-0.3786562845393365,0
1,0.8198907713290137,1
1,0.8479217540828429,0
1,-1.8352817974361126,0
1,1.0451094187643148,0
1,-0.6107559064588114,0
1,0.2362921985966739,1
1,-0.9389087403832965,0
1,0.37113460270978327,0
1,2.551348953621102,0
1,0.12716556128503306,0
1,-0.45984771764635685,0
1,-0.23216123467554106,0
1,-1.4690299572380199,0
1,1.4489632861644581,0
1,0.3128831075966104,0
1,-1.0488979062978467,0
1,-1.016318290128753,0
1,0.015282379148826237,1
1,0.9319953933384871,0
1,-1.1509899087369713,0
1,1.1134093418671713,0
1,-0.09163355195690347,0
1,-0.9302433850070968,0
1,-0.4676904265729778,0
1,1.7485538771297098,1
1,-1.3882133365453373,0
1,-0.7318929559461467,0
1,0.9525835846349205,0
1,0.2164570434536348,0
1,-0.7912408182580523,0
1,0.9647932363648231,0
1,1.0122957331691809,1
1,0.3313906685180812,0
1,-0.6123965875835142,0
1,-0.45830461983435805,0
1,0.28467606529839856,0
1,-1.3119290612133796,0
1,1.3277848811331123,1
1,1.7002090886758383,0
1,-0.23595484984027074,0
1,0.3561044924308068,1
1,1.1858020428493259,0
1,1.9555608385676886,1
1,1.5569813354906985,0
1,-1.7355375133587927,0
1,-0.31555368832751896,0
1,0.500688251483219,0
1,-0.4942172969019316,0
1,1.7827667450403646,0
1,1.6293751728026327,1
1,-0.8159301412587299,0
1,-0.16240001990572364,0
1,-0.749554136189637,0
1,-0.19512844410616964,0
1,-0.2254323493333833,1
1,0.9542579147468584,0
1,-0.8884646637338346,0
1,-2.6167496049557637,0
1,-1.60454308223482,0
1,-1.02830161270673,0
1,-0.6556915889970717,0
1,0.1871744006152133,0
1,-1.0797939055288595,0
1,-1.2111005902599319,1
1,-0.92944741765211,0
1,-1.1156540011597813,0
1,-0.5544937442956455,0
1,-0.5972873958950655,0
1,0.6890568169738107,0
1,-0.9895293850696225,0
1,-0.35759662832977124,0
1,-0.5450226799167689,1
1,0.8088849760375675,0
1,-0.15427927601770416,0
1,1.0506967233991944,0
1,-1.1523701760048088,0
1,-0.04936660843481989,0
1,-0.5758910170299324,0
1,-1.2260460978856038,0
1,-0.0675110409850576,0
1,1.7329277582352234,0
1,-0.8529088029261331,0
1,-0.12745498183776638,0
1,-1.3122316195925512,0
1,-1.4592277719040092,0
1,-0.787252329342901,0
1,-0.4499830116291807,0
1,-0.40558304093114994,0
1,-0.22602501507922626,0
1,-1.6483326407033696,0
1,-0.6259462115069723,0
1,0.501758473403675,0
1,-1.3582450728945377,0
1,-0.3551456948450711,0
1,0.2928437599380678,1
1,-0.7822669220236698,0
1,0.34152439616084757,0
1,-1.521126279385031,0
1,0.8884495729322054,1
1,0.3658007330936959,0
1,0.05566540350946721,0
1,1.1248180263058407,0
1,-0.32934905923661484,1
1,-0.6178561124619121,0
1,1.3725442840972462,0
1,1.8407658022347948,1
1,-0.6934377061177628,0
1,-0.11374323710781528,0
1,1.0450425432614543,0
1,-0.07814500181077243,0
1,0.5945885087379836,0
1,0.7804035974883825,0
1,-0.562304575556544,0
1,0.4192746634002592,0
1,-0.006192694509936961,0
1,-1.2168685933937622,0
1,-0.9896526464284002,0
1,-0.6524169243963687,0
1,0.9285198508026042,0
1,0.9613581623133276,0
1,0.7499129183216177,1
1,0.4401107032656179,0
1,0.4128263071564397,0
1,0.27756044955483006,0
1,0.40759705542163416,0
1,0.4753625836642024,0
1,-1.404422165727381,0
1,-0.7902471459442385,0
1,-1.0289216244820427,0
1,1.1071450076540088,0
1,1.6541001035836127,0
1,-2.169047920412175,0
1,1.5648146118716608,0
1,0.08672137353152956,0
1,1.012719819158702,0
1,0.5064671545848963,0
1,1.4403950535999206,0
1,0.20974243335749618,1
1,-1.3634544588129167,1
1,-0.10567488377320998,0
1,0.5156560461068058,0
1,-0.21596110153435863,0
1,0.6577317221526706,0
1,-0.06569738864044394,1
1,-0.59550931911487,0
1,-1.0859783833115408,1
1,-0.39181538253334447,0
1,0.20457164970032737,0
1,-1.9593918042559506,0
1,-0.7800764107150233,0
1,-1.9966920447743985,0
1,-0.6170748539780397,0
1,1.1973147342872235,0
1,-1.1861163817288356,0
1,0.7031597458613295,0
1,2.84882512731232,0
1,1.4535381312573497,0
1,0.1335133803912118,0
1,0.8584344557964826,0
1,-1.3696828024367917,0
1,-1.5734146534105542,0
1,0.02869810907939372,1
1,0.3986105634684114,0
1,1.0944042842492405,0
1,-0.5687621414013152,0
1,0.19339548436164583,0
1,0.15911155655297451,0
1,-0.13139410557646702,0
1,-0.0724748761340012,0
1,-0.8547045026395605,0
1,0.27970740838496316,0
1,0.19504998019507824,0
1,-0.4400117659560351,0
1,0.6657742660235674,0
1,1.027831588432296,0
1,0.6773762959754626,0
1,-1.0424433200607244,0
1,0.09964576686199166,0
1,-0.9114315628634524,0
1,0.09655474629983324,0
1,-0.9075366970199139,0
1,1.2771633373547857,0
1,0.7833314690198421,0
1,1.1529893053423892,0
1,1.0517220901954962,0
1,-0.27059971157366486,0
1,-0.4256097435274256,0
1,1.741723828700153,0
1,-0.16511965017241503,0
1,-1.354580642471999,0
1,1.007466733665825,0
1,0.14377566826372068,0
1,1.5059441239789821,0
1,0.2429696779808486,0
1,-0.020001487346713052,0
1,1.5261208087746898,0
1,-1.5384663450369873,0
1,-0.5853623046030073,0
1,-0.8873629718552081,0
1,-2.1950797785732843,0
1,0.8731764280166031,0
1,-0.557418413982939,1
1,0.9053680416465748,1
1,0.389086491234604,0
1,0.6071424666276842,1
1,-0.4553994808406475,0
1,-0.7642481439850484,0
1,0.08976087521972068,0
1,0.9191681833081691,0
1,-0.05038200548374193,0
1,-0.7019363226322926,0
1,-1.1990180913983586,0
1,0.204163015323827,1
1,-0.5540675349285377,0
1,-0.0717405873897399,0
1,-0.23877878224865942,0
1,-0.4444309746845453,0
1,0.29380356075951225,0
1,0.554504084144107,0
1,1.9652789446507835,1
1,0.7579677146845119,0
1,1.5936823294741405,1
1,-0.8186003714017367,0
1,-1.6009447707270237,0
1,-0.014430255720158127,0
1,0.8580272441490993,0
1,0.7011617181594295,0
1,1.2113815723265748,0
1,-2.5365453589852063,0
1,1.2529768948842077,0
1,0.3354626264296404,0
1,-1.5440133451250129,0
1,0.7235288467288058,0
1,0.1694825768329633,0
1,0.38122929857805077,1
1,0.9991091503153616,0
1,0.43027536843071573,0
1,-1.4728250984696853,0
1,-0.143026269782909,0
1,-1.6176451708508919,0
1,0.6490618805588924,0
1,1.3979702415840396,0
1,-1.2414519625523257,0
1,-0.6714637605324103,0
1,-0.8823693211221685,0
1,-0.45390527193833696,0
1,0.412423158198868,0
1,-0.44306912210115895,0
1,0.652530172699025,0
1,1.065379770075975,0
1,1.101759261329277,1
1,-1.1181810953696476,0
1,1.385928944472723,0
1,1.4660722848762389,1
1,1.5526799312371686,0
1,-0.15781481971769576,0
1,-0.7518424733102778,0
1,-0.9842411914800846,0
1,-1.1017798865748192,0
1,0.011690406664868707,0
1,0.8478518564904252,0
1,1.3065584409873443,0
1,-0.48555711636235127,0
1,-0.038688267080288836,0
1,-0.10418755340144568,1
1,-0.635280249865139,1
1,0.7357495297606192,0
1,0.36284824662322557,0
1,0.1418231751196062,0
1,0.35830543919592484,0
1,0.6154512479574837,0
1,0.6054370191303882,0
1,-0.8384899561218573,0
1,0.8963285487429461,0
1,0.25536611768055933,0
1,-0.43461619498026516,0
1,0.2342296914461701,0
1,0.34447747672505324,1
1,1.0817836671641239,0
1,-1.0461556284851803,0
1,1.3249843536541932,0
1,0.023166356309827475,0
1,-0.5061532507485986,0
1,-0.5367580998571346,1
1,-1.0013677583425795,0
1,-1.740914883756743,0
1,0.6773998803592036,0
1,1.9808864004219644,0
1,-1.6176153488358151,0
1,-0.9504279159303584,0
1,0.7515831891453333,0
1,-0.045636908671423004,0
1,0.8344192422751492,0
1,-0.10172052314883664,0
1,-0.5806274992663778,0
1,-0.22584211067313115,1
1,-2.382089422255963,0
1,-1.143484345648465,0
1,0.9482793742187017,0
1,1.1918998441788446,1
1,1.406166055092316,0
1,0.4408693464480327,0
1,-2.25606887428627,0
1,-0.6350065291871417,0
1,1.324655676548632,0
1,1.6230542386835534,0
1,1.3626477430072432,1
1,-0.2362524647697995,0
1,-1.3065758665745653,0
1,-0.04063158995848167,0
1,0.014807018230262495,0
1,1.565564820091453,0
1,0.2277913001222113,0
1,0.0166811788807713,0
1,0.07349514814345873,1
1,0.3998588297626864,0
1,0.6264400860615683,0
1,-0.7245374340179959,0
1,-1.0576203946255687,0
1,1.3705585214046985,0
1,-1.6410412944356836,0
1,1.6377474592047725,0
1,-1.9106786972536998,1
1,-0.584541132831021,0
1,0.9718539705834471,0
1,0.00034188907827354173,0
1,-1.3164768037618408,0
1,0.4264281541259961,0
1,0.06700434180048112,0
1,-0.21604828844197785,1
1,-0.6239222907829078,0
1,-0.034605999530600194,1
1,-0.5819216119523554,0
1,2.4345326688491586,1
1,-0.24001715181677286,1
1,-0.3737569538191105,0
1,-0.5416361454877889,0
1,1.7769508428381933,1
1,-1.6390668778955666,0
1,0.3594324218994177,0
1,-0.23928997187640463,1
1,-1.4234001046420122,0
1,-0.8190763278631161,0
1,0.3169539939058328,0
1,-0.8643932196560877,0
1,0.2595639282200429,0
1,1.7291532286863516,1
1,0.17060067721733546,0
1,-1.4535124785244957,0
1,-0.8467962618468898,0
1,-0.2854057387452622,0
1,-0.352235118994659,0
1,0.15201384511591828,0
1,0.31244294207806683,0
1,1.7305279551188588,0
1,-0.003719665087893742,0
1,-1.15219444687591,1
1,1.153806130248567,0
1,1.2630245767810238,0
1,0.2324430940059693,1
1,-0.24639439520896178,0
1,0.6225464025490614,0
1,-0.21107981367953002,1
1,-2.0557089287774843,0
1,0.5634742829724668,0
1,0.8922514769745777,0
1,1.4410872303793294,0
1,-0.7307584429525649,0
1,0.22616531586127328,0
1,0.24779955785298277,0
1,0.08538255970381457,1
1,0.11485603828621535,0
1,0.037136015376966126,0
1,0.21174940158281658,0
1,0.7406810339953532,0
1,1.2202875245843159,0
1,-0.7563324206936382,0
1,-0.1723013547881824,0
1,-0.4226081198876573,0
1,-0.5656723572000585,0
1,-1.6160314153060262,0
1,0.024222455852962142,0
1,0.47932036954528806,0
1,-0.1550997518988721,0
1,-0.008957896397085302,0
1,0.4184369279091314,0
1,1.4111196951636316,0
1,-0.419764529523036,0
1,-1.1716121143338896,0
1,-0.09044014699361407,0
1,1.8835612633699454,0
1,-1.160900558428388,0
1,0.650135695580284,0
1,1.157913229285114,1
1,-2.3655342193942603,0
1,0.4102225236084852,0
1,0.6034106370730951,0
1,-0.2673352013798542,0
1,-0.6464385610897172,1
1,-0.5906623525239804,0
1,-0.32856849587562137,0
1,-0.3020960316877769,0
1,-0.49077704275676737,0
1,-0.3444752526824457,0
1,1.1907918238466282,0
1,-1.214428778915135,0
1,-1.7490584232715904,0
1,1.2067851072343152,0
1,-0.19201775934058218,0
1,-0.3882322924825359,0
1,-0.11121712373266902,0
1,0.2092767007791268,0
1,-0.5240512271183657,0
1,0.505931127647303,0
1,-0.9622625738088963,0
1,-0.3018261778491861,0
1,-2.2146962552847524,0
1,1.172237134863775,0
1,-0.1760876965596295,0
1,0.6701040917371585,0
1,0.4765745842662499,0
1,0.549813780371322,0
1,-0.007775528574346402,0
1,0.3882273927391748,0
1,-0.9612844126119443,0
1,-1.1711785562297325,0
1,-0.10110593350525482,0
1,-0.6797763803957657,0
1,1.4254641732494264,0
1,0.37514442930711006,1
1,-0.7164813901205392,1
1,-0.2715404385055802,0
1,0.13300658198809953,0
1,-0.06800295614891692,0
1,0.2717460329342649,0
1,0.06865454446230801,1
1,-1.39065674847008,0
1,-2.1509045675039107,0
1,-0.373609044891991,0
1,0.5604927050983572,0
1,-0.3623690345635789,0
1,1.2365641134052252,0
1,-0.04688669929889871,0
1,1.3571960642519787,0
1,1.1519034392643055,0
1,1.051286865174467,0
1,-1.2035116342070005,0
1,0.017140667973201705,0
1,1.2227734874823142,0
1,0.27234472475803834,0
1,0.5543599049989679,0
1,-1.3878873051156215,0
1,1.9187899306080671,0
1,-0.7913744025654164,0
1,-1.9944251417501968,0
1,-0.3511257378250668,0
1,-2.4474838515210666,0
1,-1.0851251447911667,0
1,2.5585118331044456,0
1,-0.3800407775032198,0
1,-1.4277871679797909,0
1,0.025297886566117544,0
1,-0.8978037450319751,0
1,0.8645191996739301,0
1,-0.8895447793860404,0
1,0.2707337101351589,1
1,-1.1470590368724591,0
1,2.5990281447905534,0
1,0.5036237200273143,0
1,-0.14550579748246745,0
1,-0.29295825063128517,1
1,-0.5535999832493642,0
1,-0.7609134798075177,0
1,-0.7883967261811863,0
1,1.6783288504619516,1
1,-0.5526139577212386,0
1,-2.129418906638421,0
1,-1.1659677208798944,0
1,0.9277246199991376,0
1,-0.25232405659133683,0
1,-0.134081600136371,0
1,1.1698144514190927,0
1,-0.7771665891723032,0
1,0.632417722130904,0
1,-0.6678831497875924,1
1,0.5758766367523337,0
1,-0.3911352507696586,0
1,-0.2415491748556903,0
1,0.8201336575112773,0
1,0.7480248076824996,0
1,-0.16542798540458478,0
1,-0.47162366999478544,0
1,1.599147584481654,0
1,0.5893308114979687,0
1,-0.39114180865788506,0
1,-0.653084363289755,0
1,1.0248975069421395,0
1,0.11540008605315935,0
1,-0.16355299512608623,0
1,0.11497517556259378,0
1,0.3377968746369915,0
1,-0.05668914743077159,0
1,1.2036868668429943,1
1,1.2593384762119868,0
1,0.5318881192017995,0
1,1.3747189904956274,0
1,0.008496768138222052,0
1,0.6903310050046153,0
1,1.0044563188719415,0
1,1.01903828001661,0
1,0.9159991477383439,0
1,0.6311891940816846,0
1,1.957128115638086,0
1,-0.5396957852654911,1
1,-0.15522078756021063,0
1,-0.21451047665013417,0
1,-0.3680671447638095,0
1,-1.9887720434149363,0
1,1.3748648057082475,0
1,-1.0260404590462775,0
1,0.1698149087460972,0
1,-1.4218611776748866,0
1,0.6207157307197384,1
1,-0.7853960359401979,0
1,-1.1359619241090577,0
1,0.19434346448170625,0
1,-0.7007345804826288,0
1,-0.5741590960863729,0
1,0.1717896151996206,0
1,0.7999894536344173,0
1,-0.8184004878717116,0
1,-0.9911924739914997,0
1,0.023483666682274893,0
1,0.5392525802580823,0
1,1.462755191860625,0
1,-1.0713295982937014,0
1,-0.31796710127038064,0
1,1.1757860250752543,0
1,1.9730945361387187,0
1,-0.9930909993087541,0
1,-0.73881191980665,0
1,0.3811000946098597,0
1,-0.5777431421930873,0
1,-0.7592317545099526,0
1,0.24447060636890713,1
1,1.5494199537397775,0
1,-1.309482295099386,0
1,1.498334107779513,1
1,-0.5747692185828881,0
1,0.3457919212581986,0
1,1.5908507211018605,1
1,0.32532359230211194,0
1,-0.29749104819918826,1
1,0.7181756226947392,0
1,-0.17316620233244048,0
1,0.5213510495946143,0
1,-0.20468099837781942,0
1,0.8611528969890385,0
1,-1.3942316925502163,0
1,-1.013521624093676,0
1,-1.4089284248679461,0
1,-0.056429429196339594,0
1,-1.5295382188097704,0
1,-0.6918315750668192,0
1,-1.1075086045688078,0
1,1.479676229538824,0
1,-0.990680352175839,0
1,-1.2865457029233422,0
1,0.2483385337657695,0
1,1.6868211545616603,0
1,-0.11606707924568499,0
1,-0.038719306477064175,1
1,1.290757461078476,1
1,0.8782293382164461,0
1,0.4254149846118925,0
1,-0.5823407284001934,0
1,0.45595790628661287,0
1,-1.360784095352687,0
1,-0.623675549392598,0
1,1.4314626509552495,0
1,1.3019926847411216,0
1,0.43748469933537587,0
1,-1.9293537213766583,0
1,-1.20822152798315,0
1,-0.6794724286140688,0
1,-0.17169903133871717,0
1,-1.250411150505963,1
1,-0.24631372358223186,0
1,1.7672952381553557,1
1,0.4008358768586728,0
1,0.21882662896103644,1
1,-1.0175554190184881,0
1,-1.6389847867125071,0
1,-1.2281964255430382,0
1,-1.6793891480410101,0
1,0.0750352622415091,0
1,0.3838858044073592,0
1,-0.9652899528193466,0
1,0.14791933990914743,0
1,1.4689938162322835,0
1,1.957697342347237,1
1,0.7704103507492184,0
1,-0.1748405039583434,0
1,0.7381042438762555,0
1,1.3518099836779613,0
1,-2.007228137790559,0
1,1.482069037796416,0
1,-0.5445868205930625,0
1,-0.5349629549374902,0
1,-0.35492797258591785,0
1,0.32008413877575526,0
1,-1.1112542536987664,0
1,-0.2848140346909515,0
1,0.5252772064978907,1
1,0.21857124927399274,0
1,0.38081451436146924,0
1,-0.3239687123812294,1
1,0.6937099524626579,0
1,1.0564161220028556,0
1,0.9964393121627113,0
1,0.42761023284313576,1
1,0.938892608723679,0
1,0.8710605841147306,0
1,2.6765079066841464,1
1,1.2180670700487084,0
1,-0.08874413663528145,0
1,-0.9116792873468695,0
1,-0.2611402547591107,0
1,-0.33178485559997944,0
1,0.5114225677258678,1
1,-0.7002562451892993,0
1,1.1921771715204037,0
1,-1.3895630058952957,0
1,-1.6325251363164162,0
1,-0.135116007925349,0
1,-0.8425590491955116,0
1,-1.2582338539842965,0
1,-0.6370699550048425,0
1,-0.7614858290789228,0
1,0.010134331234219035,0
1,-0.6204707883142613,0
1,-0.5391343582500725,0
1,-0.004865718221292914,1
1,1.0142415707354244,0
1,1.4707454654887906,0
1,0.1477675624840646,0
1,0.22554311877052022,0
1,-0.183187017295841,0
1,0.4812486200590785,0
1,0.39021936058413886,1
1,1.3258476830884123,0
1,-1.888704629155429,1
1,-0.23449774371220775,0
1,0.33918986912764376,0
1,-0.02628395754211129,0
1,-0.939173032096112,0
1,-1.2993666792404774,0
1,0.806322426028862,0
1,-0.7569258503964148,1
1,-1.7549004915056021,0
1,0.8565728600098982,0
1,0.45898290044606543,0
1,-0.11587409745823536,0
1,-0.9145515927610286,0
1,-0.11344144337049392,0
1,1.2155876005192052,0
1,-1.6146992860287996,0
1,-1.563977616739594,0
1,-0.6277653229124105,0
1,-0.026643686793205047,0
1,-0.49629189788378053,0
1,0.6428165751670194,0
1,1.0888339444483472,0
1,0.27876877460746785,0
1,0.5604323437561043,1
1,0.2720995520236724,0
1,0.009508090915318122,0
1,-1.293558699814695,0
1,-1.0279917076026281,0
1,-1.350918476971927,0
1,-0.14850479496108387,0
1,0.2322780312543723,0
1,-1.4492623847813766,0
1,0.0725950471020076,0
1,-0.8752163282602088,0
1,-1.069199343536859,0
1,-0.6253494165607089,0
1,-1.1204764983450464,0
1,0.6066591179592864,0
1,-0.16800441804892752,0
1,0.815214056987588,0
1,-0.4434963521062697,0
1,-0.4056860618836856,0
1,1.8733826408134555,1
1,-1.6230604716803392,0
1,1.2844812434196993,0
1,1.654524037645827,0
1,0.7658174962614995,0
1,-0.33047046937102437,0
1,1.4269020717397416,0
1,-0.32176135988999893,0
1,-0.7057855857107213,0
1,-0.3882683441916638,0
1,-0.5701937391185379,0
1,-0.946623124919582,0
1,1.1100078341089648,0
1,-0.7734483526217836,0
1,-0.02964698892137299,0
1,-1.443771889398804,0
1,0.03081068174919174,0
1,-1.1559260442227393,0
1,-1.180485822925233,0
1,-0.10928791009608284,0
1,1.0569722651809352,0
1,0.4404136877397962,0
1,0.5091203861327592,0
1,-0.12991717997900754,0
1,-0.33564026515051754,1
1,0.7911406384942357,0
1,-0.5631771623208023,0
1,0.8344341544476959,0
1,1.2359469389340596,0
1,-0.8413867829757772,0
1,-0.6944454956332078,0
1,-0.5456955064146043,0
1,-1.4669626257534132,0
1,-0.46940273163385776,0
1,1.3014497372195053,0
1,-1.0455755423353477,0
1,1.3251961086539485,0
1,-0.43344445795307723,0
1,2.114035637102753,0
1,-0.6818130653154276,0
1,-0.1439819498221597,0
1,-0.9101830651923999,0
1,-0.6877007735858263,0
1,1.3381791668583911,0
1,0.4745366851389799,0
1,1.0288177791774493,0
1,-1.3155893009900326,0
1,0.654828453157915,0
1,-0.9714433167204711,0
1,-1.3373185130328527,0
1,0.23876613885355588,1
1,0.2285383334114134,0
1,0.053345786299150315,0
1,0.7175584126276655,0
1,0.873566317633677,0
1,1.469729339193701,0
1,-1.1903429983058353,0
1,1.5020162454502248,0
1,1.8823114896955764,0
1,-0.3662300164520345,1
1,-1.6684916830731764,0
1,-1.383498913069118,0
1,-0.46185138093371175,0
1,2.014141590307422,0
1,0.01708000020317875,0
1,-0.617184116751813,0
1,-0.685402258357297,0
1,-1.3227223250057913,0
1,0.87457602968039,0
1,-0.0920687447190845,0
1,2.0998295097624324,0
1,0.6282093964264505,0
1,0.8299363160572701,1
1,-0.24210483074267797,0
1,-1.091030338173488,0
1,-0.8735809803291802,0
1,-1.3692469438890817,0
1,0.910394719818091,0
1,-0.3849151872458864,0
1,0.9525005395920663,0
1,0.13591440230756358,0
1,-0.29281835577044596,0
1,-1.1696028349685499,0
1,0.30163273296267773,0
1,-0.218633016446795,0
1,0.9021839279554212,0
1,-0.7154106758755986,0
1,0.6161077734970362,0
1,1.6408484162225372,1
1,0.2725559146597197,1
1,0.7852914527418813,0
1,0.5718902461775794,0
1,1.8980914845175216,0
1,0.3715604216938288,0
1,0.69995885173551,0
1,-0.036276028515956675,0
1,-0.7743885356827591,0
1,-1.208175685681169,0
1,1.266924065636675,0
1,-1.00835937134254,0
1,0.7458644997834322,0
1,0.41601663038376163,1
1,0.9177853448957316,1
1,-0.5147120225832186,0
1,-0.7907299144832106,0
1,0.37837183809975755,0
1,-0.29234167320751325,0
1,-1.2310283366062782,0
1,1.9385255423403462,0
1,-0.7914081659625453,1
1,-0.9936327119850145,0
1,-0.24213576817937757,1
1,1.252858569157914,0
1,-2.1667350431236163,0
1,1.1698836145754492,0
1,-0.911473501456303,0
1,0.2645252401082543,0
1,-0.6760069617238005,0
1,1.991916854002006,0
1,0.12462008664235147,0
1,-0.708091550341236,0
1,-0.3010913218376905,0
1,0.08963707490168742,0
1,0.17767660776220065,0
1,0.43876248352132075,0
1,-0.0014046076823149307,0
1,-1.377162416608716,0
1,-0.3402676709016609,0
1,0.6066583748408585,0
1,-0.6698828063790009,0
1,0.6727812796983775,0
1,0.03171813295781028,0
1,-0.2177401567664898,0
1,1.1941438925395924,0
1,-1.7381314443842815,0
1,-0.6753208982646495,0
1,1.2324287096787758,0
1,1.8300491631535343,0
1,2.2859924846717004,1
1,0.05035553033830387,0
1,0.45789737961554294,0
1,0.817427827235667,0
1,1.275075272158284,0
1,0.31309193467476126,1
1,0.9261489234460668,0
1,0.459773800444522,0
1,0.5222239419083764,0
1,-0.9183692369000799,0
1,-0.32921371937622396,0
1,-0.5227691980778195,0
1,-1.1888954535785217,0
1,-1.6516052242109154,0
1,-0.4236274985921485,0
1,-0.26388232643625964,0
1,0.10503707602784203,0
1,0.5557378408401406,0
1,0.1881222436058222,0
1,-0.2569111775305763,0
1,-0.915126315776875,0
1,0.8770690975012179,1
1,-0.10182221728940127,0
1,-0.4337897950069095,0
1,-0.18645428241326925,0
1,-0.7327443473547077,0
1,-0.5306739234111065,0
1,-0.562458313290188,0
1,-0.28733741800046864,0
1,0.6557549568180899,0
1,0.4071120685406081,0
1,1.546737407280784,0
1,1.2117290921120087,0
1,1.9564217732345757,0
1,0.5591584796708293,0
1,0.5431052223735305,0
1,-0.4874157776371357,0
1,0.8260148974954985,1
1,-0.6561169300430894,0
1,-1.4704555243815784,0
1,1.5263233922477548,0
1,-1.2491815946326714,0
1,0.4388517895955985,0
1,-0.8803313728333623,0
1,1.1266676227918337,0
1,1.2629499857706958,0
1,0.529177807423186,0
1,1.2463647094761992,1
1,0.0073370758311229805,1
1,2.23417468082605,0
1,0.7461652334929074,0
1,-0.9005515596236933,0
1,0.06960670874413896,0
1,-0.15250202621506806,0
1,-0.2504240584376609,0
1,-1.657139227899207,0
1,0.3868645444434601,0
1,-1.3857529789405525,0
1,-2.5254072805223835,0
1,-0.34401364112330424,0
1,-0.7558936533922377,0
1,-0.8615370126355533,0
1,-3.103095950365521,0
1,-0.8508428759530484,0
1,-0.17364186517270233,0
1,-0.6341539400960937,0
1,0.3873436762533315,0
1,1.3926606484755626,0
1,0.5163674402551751,0
1,1.0263942941019852,0
1,1.1091266896484484,0
1,-1.0188607670667127,0
1,0.4391146926861949,0
1,0.9951573533654661,0
1,-0.43596047804847926,0
1,-0.7906266500302912,0
1,0.530406459216443,0
1,-1.481628871787679,1
1,-1.088004583066293,1
1,-0.6667563475834333,0
1,0.4505142131307084,0
1,0.21891252155566446,0
1,1.0323708795521318,0
1,-0.9218700543634186,0
1,-0.9754729712675083,0
1,0.5239119687496643,1
1,-0.7986669041070357,0
1,-0.603503915494421,0
1,-1.8567648392517488,0
1,0.29084600141358746,0
1,1.5412904718161682,0
1,-1.02928891630038,0
1,1.0217036117201135,0
1,-0.059398580989951294,0
1,-1.765414638410031,0
1,-0.8947268556281281,0
1,-0.9564673328037719,0
1,-0.3165277851406263,0
1,0.41951428844670424,0
1,1.8489228372414315,1
1,-1.4311457949184863,1
1,-0.4847773969199881,0
1,-0.8959808529107114,0
1,-1.2679794614892974,0
1,0.0954476866095655,0
1,0.0014799911868473672,0
1,-1.8138023470828688,0
1,0.018150527945465157,0
1,-1.205395992911139,0
1,0.011827719134975713,0
1,1.2694964932060901,0
1,0.463067961075939,0
1,0.17751709440708988,0
1,-0.5287657574033869,0
1,0.06686765084477449,0
1,0.5632542222474821,0
1,0.4641663428084097,0
1,-0.0992187638135439,1
1,0.21737632393891565,0
1,-1.31656182004208,0
1,-0.7343367747777377,0
1,0.7075597525459859,0
1,0.8420329513742077,1
1,0.093598590839362,0
1,1.4789657343651517,0
1,0.508019416461367,0
1,-0.2331275178630646,0
1,-1.2197527530405574,0
1,1.4387332500289147,1
1,0.7703174571545773,0
1,1.798311422930518,0
1,2.1668474555039157,1
1,-1.2869403067827607,0
1,-1.2843337441271854,0
1,-2.8631999125690673,0
1,0.9183621370297562,0
1,0.656482687487599,0
1,0.09777900012584652,0
1,-1.226133231043401,0
1,-0.08903368912477153,0
1,0.18470549500770564,0
1,0.7827256668791696,1
1,0.27298691446528606,0
1,0.6638012949911665,0
1,-0.12413086991404836,0
1,1.1814818939252518,0
1,0.6317300774434418,0
1,-1.1869330707008243,0
1,1.3892203676562416,0
1,1.2255715227151365,1
1,0.4654747370529418,0
1,0.28071770498746496,0
1,1.6586115688783254,0
1,-1.6333128662720742,0
1,1.241224524059651,0
1,-0.47620669857435094,0
1,1.0951774464103856,0
1,0.12037584716904297,0
1,-1.2429260234082382,0
1,-0.49651981003569134,0
1,1.0217290731659654,0
1,-0.2102078813198733,0
1,-0.6214854147181051,0
1,-0.6281720577950204,0
1,0.6422474222337905,0
1,1.7506350301399634,0
1,-2.1408833706362818,0
1,2.8006844473432873,0
1,0.20374622897613145,0
1,0.5802241352988272,0
1,-0.43626174714740623,0
1,-0.0035151248568269806,0
1,0.19251301213110772,0
1,-1.0490959923370353,0
1,-0.8056814382575295,0
1,1.1845675408912535,0
1,-1.5523468453592213,1
1,0.4410391033135405,0
1,-0.37051690936918447,0
1,-0.9607071494755755,0
1,1.9719318519694005,0
1,-0.954502561261438,0
1,-1.1301019997344715,0
1,-0.1869727035205362,0
1,-0.7685586341021013,0
1,0.006380656994548653,0
1,0.15539929665139038,0
1,0.23465806563492655,0
1,-0.12389084724356332,0
1,-0.7021617030922251,1
1,0.6434030426793305,0
1,-0.11169276650414407,0
1,-0.49561731205497855,1
1,1.4799936990975222,0
1,-0.12131196039145109,0
1,1.0919866014965909,0
1,1.2268384471093907,0
1,1.287672835425793,1
1,0.6911578081111006,0
1,-0.0006334968757647034,0
1,-0.06404169065102566,1
1,-0.24412011848328874,0
1,-2.1668956700131257,0
1,0.7188068057478623,0
1,0.24446556638507907,0
1,0.8255242662086274,0
1,-0.1170015514719639,0
1,0.6648251619535254,0
1,-1.3775070628614443,0
1,-1.16926560926157,0
1,-2.4762115997213816,0
1,-0.13434919583162616,0
1,-0.7725255877786001,0
1,-0.9033818751704199,0
1,0.33465237796530783,0
1,-0.4255071941976285,0
1,-1.4330910068036626,0
1,2.544766772752098,1
1,-0.03701062048807586,0
1,-1.0831630529356961,0
1,-0.6698354609330497,0
1,-0.17314296900920387,0
1,-0.1752459622572007,0
1,1.302164273045876,0
1,-0.07942995763220768,0
1,1.8552081718682523,0
1,-0.43242294401210585,0
1,0.42643604025989235,0
1,1.0219801943278304,0
1,1.1951523047116783,0
1,1.311872217428813,1
1,-0.2720117408801346,0
1,-0.005489260274919299,0
1,-2.4794225665636755,0
1,-0.19601003860056074,0
1,1.0912541779299818,0
1,0.8968364798558827,0
1,-0.08648712101008141,0
1,1.6991394429299576,0
1,-0.384005284344807,0
1,-0.7161398240198995,0
1,-0.4681617352263691,0
1,-1.1224650248361154,0
1,0.6223950317035366,0
1,0.2884818116086091,0
1,0.6099794463730516,0
1,-0.4143711519312114,0
1,-0.058072979339253566,0
1,-2.1784187234089076,0
1,0.3762255513110471,0
1,0.09884145505964942,0
1,-1.1005276614934647,0
1,-0.10465753208659741,0
1,-0.2578493020701671,1
1,1.7643119350074923,0
1,-1.0611269681278044,0
1,0.3314261788667022,0
1,-1.0907683526783607,0
1,-0.5578734440702703,0
1,0.27681895369223025,1
1,-0.21136299086311158,0
1,-0.005990856213556338,0
1,0.3327221082319697,0
1,-0.49368957119855783,0
1,0.8841465348154398,0
1,-0.30547974323760496,0
1,-0.09755546155257169,0
1,0.3613112745878556,0
1,0.22700020116483485,0
1,0.6442279245428527,0
1,0.31696440148470517,1
1,0.46903066155617457,0
1,-0.32537251416514174,1
1,-1.0687710980855205,1
1,-1.4276389027528602,1
1,-1.6707101476422996,0
1,1.7627267177292758,0
1,-2.2127734108941257,0
1,1.1937234989771022,1
1,-0.8208690112974731,0
1,1.1864409721198046,0
1,-2.20254002791545,0
1,-0.23509390188328258,0
1,1.454024403025268,0
1,0.7132095634755817,0
1,-0.3372654606907917,0
1,-1.9429773015284817,0
1,-1.322488522150932,0
1,1.389147096559379,0
1,-0.3482412012537256,0
1,-0.07182410341343931,1
1,0.2835351047026308,0
1,-1.3028389130875562,0
1,0.40729017984017907,0
1,-0.419615480669006,0
1,0.29370278557554075,0
1,-0.5780509205370341,0
1,-1.5731160600611571,0
1,-0.4273725318120172,0
1,0.6407776171080019,0
1,0.3940600890770358,0
1,0.03093086733472682,1
1,0.8981318530103427,0
1,-0.20359401254422652,0
1,0.0562763140152175,0
1,-0.47976687969372556,0
1,0.9566179767534554,0
1,0.2915285477217645,0
1,-0.556958110173372,0
1,-1.4890297465278044,0
1,1.1049612748983266,0
1,-0.74406505118464,0
1,0.072064352489547,0
1,2.3525996831445712,1
1,0.8015095417333089,0
1,1.6111495888269913,0
1,-0.5381248125411486,0
1,1.070976396820207,0
1,0.02666899295189106,0
1,0.3660169207685819,0
1,2.0208417130395606,0
1,-0.2786458241497061,0
1,0.019254453676536366,0
1,-0.9032146515079627,0
1,0.8884685559080765,1
1,-0.5606268982866358,0
1,1.0227104158188787,0
1,-1.6499132417448512,0
1,0.548638071833607,0
1,-0.6436933060630557,0
1,0.7305176393302107,0
1,-0.01355917285422831,0
1,-0.5353389148682913,0
1,-0.3865596168759948,0
1,-0.8503883000586403,0
1,0.837787755320859,0
1,-1.0486373494254146,0
1,-0.26707863873279747,0
1,0.3452395797024737,0
1,1.6134945254485191,0
1,-0.009298600891814125,0
1,-0.2425105865384407,0
1,0.27363486511602797,0
1,-2.0734642156744294,0
1,-1.1986457006907194,0
1,-0.3753664988784509,0
1,-0.7129691507326527,0
1,-1.6008332892434123,1
1,0.857778651167585,0
1,0.25975672955732215,0
1,0.14026524728250794,1
1,-0.6939911511543736,1
1,0.07939296466366516,0
1,0.5144494594410594,0
1,-0.26489605390328086,0
1,0.44457223924036476,0
1,-0.7960604818251151,0
1,0.09748531298971336,0
1,1.1424982829260997,0
1,1.2320197035760392,1
1,1.3275888049496622,0
1,0.28556841543291694,0
1,0.031613954857745735,0
1,-0.4487889161594143,0
1,-1.8074847565174166,0
1,-1.3448996964004922,0
1,-0.16805497196525931,0
1,-0.1082884491284303,0
1,1.4122230288064919,1
1,1.3147991293756258,0
1,-0.6864861414865847,0
1,0.8183257150890185,0
1,-0.4770688645739107,1
1,0.682616343003801,0
1,0.806017728106745,0
1,1.2420928121477375,0
1,-0.492643354782697,0
1,1.014303687180924,0
1,-1.872814036121272,0
1,1.2962156815388617,0
1,-0.025016722818516402,0
1,-0.003727997985697524,1
1,-2.0374365056904526,0
1,-0.38866588724738077,0
1,1.355479399613551,0
1,-0.42670189170281425,0
1,0.7134627609752084,0
1,0.03455512771410905,0
1,1.0626691395996983,0
1,0.19150096520412463,0
1,-0.9318115310981023,0
1,0.05645067984894327,0
1,1.6012169037012125,0
1,0.49764507803620156,0
1,-0.11644630729366463,0
1,2.2557438191333072,0
1,1.159215702561221,0
1,0.8167339153984602,0
1,0.3173424652443748,1
1,0.7302738347511075,0
1,0.7627320731828406,1
1,-2.1828153455521377,0
1,0.3949362128294486,0
1,-0.16080585933565836,0
1,-0.4997762731365756,0
1,-0.19543728004423777,0
1,-1.5558486868222012,0
1,-1.8046101000371793,0
1,1.246502417448497,0
1,0.46215781970892605,0
1,-2.413012127212279,0
1,-0.5763845414017408,0
1,0.8805517333965305,0
1,-0.2800143737206313,0
1,1.2450049537983614,0
1,1.049751799276634,0
1,-1.3567112093107137,0
1,-0.1433240988488318,0
1,-0.44808942480870406,0
1,-1.3892382943521004,0
1,-1.4542743248552714,1
1,-0.8060215462417276,1
1,-0.6409254095126383,0
1,0.2832297772433627,0
1,1.0442134732144202,0
1,0.5136449558123697,0
1,0.7503722402808238,0
1,-0.26661782147036733,0
1,0.6030001966128898,0
1,-0.14837498159026113,1
1,-0.44147238325278276,1
1,1.8971009488956259,0
1,-2.3304759565474984,0
1,-1.8733042973073608,0
1,0.3826997541336044,0
1,-0.2649823485324501,0
1,-1.4369843501669224,0
1,-1.0546109511637682,0
1,-0.9244057968617817,0
1,0.8923365371309138,0
1,1.212410431064439,0
1,1.639562565230618,1
1,-1.589011222209338,0
1,-1.3671235325115318,0
1,-1.4356264745005227,0
1,1.2888570057700093,0
1,0.4172244544195296,0
1,0.08019921646972153,0
1,0.22962869384744733,0
1,-0.05677827713874367,0
1,-1.121142047406505,0
1,0.5131727897849043,0
1,-0.18613850565368634,0
1,-1.200321513479293,0
1,0.5742854453580579,0
1,-0.4257876362725878,1
1,0.22748348684137715,0
1,-0.12497916129802501,0
1,0.8913787722248085,0
1,0.2201629742289416,0
1,-0.8837001748568056,0
1,0.32200322353853206,0
1,0.3546887244730622,0
1,0.5113329740388726,0
1,1.0358742547319129,0
1,-0.6159827851771732,0
1,0.6679356671805321,0
1,-1.7248172378408049,0
1,-0.11998481528830646,0
1,-0.2746598848076422,0
1,1.4478452201802798,0
1,-0.15633542897648545,0
1,0.6079887781716096,0
1,-1.761778622872557,0
1,-0.3517579646885818,0
1,-0.8463598674335794,0
1,2.475511123295525,0
1,-0.6667967571213573,0
1,0.07327907266145216,0
1,0.1265758022751699,0
1,-1.5894782909366534,0
1,-0.526035410543114,0
1,0.4047665126492551,0
1,0.08572227524128519,0
1,-2.3004109720079366,0
1,-0.5669914445046008,0
1,1.0208216614468928,0
1,0.5882229273129349,0
1,1.218033351825204,0
1,-0.9856473374232908,0
1,1.280929535279058,0
1,-0.04440604828918175,0
1,1.5922225009389395,0
1,0.003304434083773343,0
1,-2.0474754927143133,0
1,0.849254571307144,0
1,-0.4435136779746426,0
1,-0.3762296113684838,0
1,-1.4530964310697694,0
1,1.6221994990060429,1
1,-0.5211011738028473,0
1,1.5750357749125201,0
1,-0.43124316159285314,0
1,-0.927745202149278,0
1,1.3195291740298136,0
1,-0.07333474900022934,1
1,-0.06357200735515597,0
1,-1.28162594028312,0
1,-0.4576233546962562,0
1,0.4286958236309989,0
1,-1.2991799937588524,0
1,-0.5390876941718167,0
1,-0.4204464374074576,0
1,0.06644080471399794,0
1,1.4795596456382638,1
1,-0.29995313298298404,0
1,-0.6905006624125621,0
1,2.746370632024671,0
1,-0.4331853535234298,0
1,-0.19065816116919607,0
1,-0.35784636919103263,0
1,-0.2767691011096277,0
1,0.07775486301596105,0
1,0.9207964775932745,1
1,0.40398772327340576,0
1,1.077095563366421,0
1,1.0440286746074332,0
1,0.20855210561587617,0
1,0.3763119700637755,0
1,1.1087366762686228,0
1,-1.1112099280024825,0
1,2.4982112022383007,1
1,-0.5125851305276068,0
1,-0.3509649215689761,0
1,-1.2119009746737657,0
1,-1.182150807954398,0
1,0.9740340688897365,1
1,2.2701932776422518,0
1,-0.5672401108083478,0
1,0.3473165281275181,0
1,0.22016659571216307,0
1,1.0002445624167586,0
1,2.218714464517398,1
1,1.520973417981586,0
1,-0.2386592809807474,0
1,0.528767635709635,0
1,0.6280578427422266,0
1,-0.02009063116761963,0
1,-1.0959361334967308,0
1,-0.7987762185630215,0
1,1.148152650929215,0
1,1.2513079958220497,1
1,-0.20756736483918675,0
1,0.2610553940600878,0
1,1.1972638213296438,0
1,-1.7042688720332984,0
1,-0.44635243083885634,0
1,2.017871381482644,0
1,0.2993077162033172,0
1,-1.1292160847034343,0
1,0.1172822935737143,0
1,1.0214355922682763,1
1,-2.546532937328582,0
1,0.17628581719109268,0
1,-0.37241455459248757,0
1,-1.6419981264369476,0
1,0.08192725513030905,0
1,-0.13648023176044785,0
1,-0.024090252197638936,1
1,-0.34826062024476284,1
1,-1.02133755195414,0
1,-1.4548028335982468,0
1,-0.6906899402746245,0
1,0.8592521140760645,0
1,0.23307029372674537,0
1,-0.06917332944659019,1
1,-1.0397681490714896,0
1,-0.37391493285421107,0
1,0.7371575583572125,0
1,0.5047837624854907,0
1,-0.4771988697727153,0
1,-2.611402151467802,0
1,-0.6748476301615814,0
1,-0.48269451761063775,0
1,-0.9071059377027617,0
1,-0.41317578313970504,0
1,0.8165501281952182,0
1,-0.037296452956514285,0
1,0.9896960479049417,0
1,-1.5083720856454044,0
1,-0.30506405795494373,0
1,-1.9390221108450003,0
1,-0.4265775298368483,0
1,-1.0456574552976734,0
1,1.2812528334283821,0
1,0.4097120058435059,0
1,1.0148294955930137,1
1,-0.42934782527292964,0
1,-1.019718097116643,0
1,-1.0515629945384386,0
1,0.26543928077085766,0
1,1.8101614941934243,0
1,0.41238229202048804,0
1,-0.374767729287583,0
1,-0.18877085512658376,0
1,-0.031300331751797576,0
1,2.0266425601781592,0
1,1.2336085658348825,0
1,0.2599590041503656,0
1,0.10973196780610626,0
1,0.29935339036987596,0
1,0.49427566928307665,0
1,-0.41319795297559575,0
1,-0.8440789473766365,0
1,1.0322202605548654,0
1,0.021982730571983654,0
1,0.9487279358149685,0
1,1.6461587487764429,0
1,0.52061473409956,0
1,0.35854847957007036,0
1,3.2002429805170642,0
1,0.20702012827981786,0
1,-1.0905468078463483,0
1,-0.28122523217198736,0
1,1.5516847117455415,0
1,-1.2941673502800466,0
1,-0.7524596041529804,0
1,1.1064268059685174,0
1,-0.2716206425130341,1
1,-0.11024578697649515,0
1,1.0733728201306294,0
1,-0.7168211756539609,0
1,-1.4686024515220615,0
1,-1.3888859708625358,0
1,0.5817804434096219,1
1,0.25913209383079455,1
1,-0.6925665132793299,0
1,-1.158791620807134,1
1,-0.2705731251488672,0
1,1.1165172862504722,0
1,-0.8358179538292559,1
1,-0.6626840219525623,0
1,-1.190521567346379,1
1,-0.36741288910217135,0
1,0.3380789907165799,0
1,2.1151691570430904,0
1,0.2177815128199371,0
1,-0.05367810523701921,0
1,0.8629366059851313,0
1,0.6962155518302443,0
1,-0.577660814366683,0
1,2.3020600734300767,0
1,-0.024383352293952932,0
1,0.2363753203557955,1
1,0.551348587286132,0
1,0.3458723676129533,1
1,1.5253976688745898,0
1,-0.5899087391299694,0
1,0.783382248852705,1
1,0.164568445384979,0
1,0.9827231951095236,0
1,-0.21498544996827815,0
1,-0.35041535615312086,1
1,0.7320734874260121,0
1,0.3579932570899805,0
1,-0.8202943023252682,1
1,1.3456122864142581,0
1,0.7325093751084598,0
1,-0.07420419049605342,0
1,-0.4682311117311159,0
1,0.3641308968735852,0
1,0.6604852240267834,0
1,-1.5940750739708296,0
1,0.3756809225228319,0
1,0.6525547024135345,1
1,-2.3524485999677713,1
1,0.19618965874528982,0
1,0.6946091343955793,1
1,0.5808783142645458,1
1,0.8024483547808251,0
1,-0.32756659201824834,0
1,-1.0399064346754558,0
1,-1.7997443317653965,0
1,1.0922232405680579,0
1,0.7030654937943431,0
1,1.1684889308284685,0
1,-0.7251413588441443,0
1,0.8038364226253637,0
1,-1.5026809519567987,0
1,-0.8694935587098114,0
1,0.12597721650783666,0
1,0.6632076298264207,0
1,1.679012447897024,0
1,-0.2400640653984051,0
1,-0.8657497217890644,0
1,-0.9171488778314291,0
1,-0.6878459450242931,0
1,2.2210267964751194,0
1,0.7568735811344582,0
1,1.1125318503624593,1
1,-0.23898558717989435,0
1,-0.0016486823987459664,0
1,0.6992645059585234,0
1,-0.5057987557809394,0
1,-0.29130788654667616,1
1,-0.6747043162638402,0
1,-0.44749269975711503,0
1,0.04897861250332282,0
1,-0.8217101261639599,0
1,0.28597897912938647,0
1,0.2845817455511169,0
1,-0.17924864285618322,0
1,-0.827459855563421,0
1,0.10496304895186157,0
1,-0.5049045629517913,0
1,0.046594167106034326,1
1,1.098127467403435,0
1,-1.2529401171040329,0
1,2.173486336893375,0
1,-0.07252359178774072,0
1,0.4118392739059206,0
1,-0.7527500902418349,0
1,1.142211549541648,0
1,-0.12562646945066996,0
1,-0.3941183097991737,0
1,-0.5755150212755739,0
1,-0.26849202578919495,0
1,0.4183473229529084,0
1,0.17281069063057544,0
1,-0.03985973311027262,0
1,-0.7114214179498202,0
1,-0.7691734739249758,0
1,-0.4608742825797307,0
1,0.46027571216071417,0
1,0.6622598757704032,0
1,0.7970441968980189,0
1,-0.0014668935388082768,1
1,0.38356194091782453,0
1,-0.16845070488291147,0
1,-1.7422979909283682,0
1,-0.21592678953939803,0
1,-0.37532662535775185,0
1,-1.0390452044290517,1
1,-0.5673941757528043,1
1,0.13509141429097746,0
1,-1.1332467856850759,0
1,-0.7107854714158094,0
1,1.5479020155527181,0
1,-1.6027063258803063,0
1,-0.18318215960710474,0
1,-1.1663093657640848,0
1,-0.7516367978261096,1
1,-0.1977372296181141,0
1,-0.9875761226287689,0
1,0.5739306153664281,0
1,1.3511506197724128,0
1,0.8416781361027316,0
1,1.024613117720868,0
1,-1.3797356790288142,0
1,-0.24307102181913384,0
1,0.4674210673534321,0
1,0.8711909141145365,0
1,1.753352992609825,0
1,1.0690395916289455,0
1,0.8964886236738843,0
1,2.6335955805393603,0
1,0.09630908160729591,0
1,-0.28905843824156896,0
1,0.17735790366044885,0
1,-0.9150527556868009,0
1,0.06763378576780682,0
1,-1.726852193777482,0
1,-0.5295190365678055,1
1,-0.11533388206559148,0
1,0.9496352908530433,0
1,1.1110905443863612,1
1,-0.9636170647510816,0
1,2.076033433963592,0
1,0.14837347843950222,1
1,0.24004496603076966,0
1,-1.617693484988327,0
1,-0.620057390120057,0
1,1.049823811532478,0
1,0.1697784627130989,0
1,0.10781472625287399,0
1,0.22717217057548106,0
1,-1.4432043050860484,0
1,-0.09660855340148841,0
1,1.4083303552976218,0
1,1.0867076220654937,0
1,-0.1251994421155985,0
1,1.5636686743615553,0
1,-1.2590985067683942,0
1,-0.97169766485626,1
1,1.863622377157307,0
1,0.5779731183085232,0
1,-0.28888734210231437,0
1,-0.05531856603524731,0
1,-0.806631113127184,0
1,0.27659260180744516,1
1,0.19738844631147082,1
1,0.01988470986269033,0
1,-1.1597562152110958,0
1,0.26475611106891084,0
1,-0.5295114324220319,0
1,-0.985977260489188,1
1,1.2667424915373615,0
1,2.169721357835259,0
1,1.942620128819636,0
1,0.6501227637622845,0
1,-0.2655850790791903,0
1,-0.07035558260462091,0
1,0.4056022634622747,0
1,-0.4202477524611892,0
1,1.318810060122396,0
1,-2.0357274943285386,1
1,-0.2957255539874333,0
1,0.8010714920673201,0
1,-0.8451596472798208,0
1,-0.24014889117783317,0
1,0.5936434162432024,0
1,1.518269107037796,0
1,-1.2939382821662444,0
1,-1.36807448775486,0
1,-0.9460301878398408,0
1,-1.5375358505081602,1
1,-1.4663784554114703,0
1,-0.9726611976947006,0
1,1.2334935482459914,0
1,-0.3120768180687575,0
1,0.03137510615660677,1
1,-0.9554642567541786,0
1,0.6335370750645821,0
1,1.8757640278327723,0
1,-0.8876298840394212,0
1,1.7247483710747342,1
1,0.3644243831678454,0
1,0.01686349928871105,0
1,0.4001238323252412,0
1,0.39052649896701547,0
1,1.8571044190632442,0
1,0.5202207318217247,0
1,0.541107171140971,0
1,-0.4214998199625444,1
1,0.8390771364644041,1
1,-0.9568469736229859,0
1,0.10900398957959404,0
1,2.883283555780828,0
1,-2.5041899196462913,0
1,0.23314699633545147,0
1,0.27162292087889706,0
1,-0.22808904248720263,1
1,-0.20451926106743099,0
1,0.09140977316148323,0
1,-0.25200327546453133,0
1,0.2219797288210042,0
1,-0.487610705816899,0
1,2.022392818747079,0
1,-0.2520137432973516,0
1,0.5696114076247163,0
1,-0.6690360998432168,0
1,0.9331430304011468,0
1,0.7334677873513347,0
1,0.41926023653217015,0
1,-1.02733535621852,0
1,-0.7524030405635209,0
1,1.6861729857461807,0
1,-0.7634737077106796,0
1,0.6409021702125045,0
1,-0.9446713301813023,0
1,1.008383235601769,0
1,-0.6863973574973848,0
1,-0.9631878875400001,0
1,-0.7123424766969014,0
1,-0.5538025966610233,1
1,0.4046733549242198,0
1,0.06938370613778329,0
1,-1.0951560799128308,0
1,-0.027947013798820246,0
1,-1.1435014072910963,0
1,0.6435573650009794,0
1,0.826902898872407,0
1,-0.023947338549361843,0
1,0.2716534029927614,1
1,1.75212411066441,0
1,-0.15760299239211897,1
1,-0.9442579500508896,0
1,0.5791952359377902,0
1,-1.1326537657653448,1
1,-0.21056896327294264,0
1,-0.5989900460835171,1
1,-0.7018198332088703,0
1,-0.2500875956445107,0
1,0.8998913262140824,0
1,1.105668788324186,0
1,0.9262058630906704,0
1,0.33635408912841436,0
1,-0.257716561387656,0
1,-2.3578249953999575,0
1,0.36766099327727453,0
1,-2.279331724758887,0
1,-1.923367276473013,0
1,-0.16166765578694714,0
1,0.2645772446304975,0
1,-0.4510849038292606,0
1,1.5355311485939678,0
1,0.46210165751850674,1
1,-0.24940790679525762,0
1,1.3863099451817955,0
1,1.5651133475640908,0
1,0.5125586934746691,0
1,-0.7752576597574965,0
1,-0.5502704310217322,0
1,-1.446738712993337,1
1,-0.04241687980051322,0
1,-1.0500414414445323,0
1,-0.32907476919651824,0
1,0.2606003030551612,0
1,-1.9837086420039391,0
1,-1.263741268521237,0
1,-0.5068480548353258,0
1,-0.052527368723172436,1
1,-0.49389079973810796,0
1,-0.2705179313863771,0
1,-0.7061871961255575,0
1,-1.4493998418086262,0
1,-0.5347507773916986,0
1,-0.21316852493030483,0
1,-0.31039010360624836,0
1,0.11179591879645313,1
1,0.41889457047519724,1
1,0.6817262268966698,0
1,-0.6335508355113907,0
1,-1.575796803919785,1
1,1.271596365728607,1
1,0.3854459156110882,1
1,-0.9546623511739386,1
1,0.27770505649242144,0
1,1.0679947332681239,0
1,1.7291765252393914,0
1,0.250610276157731,0
1,1.0596706373498608,0
1,-1.2096020723147243,0
1,-0.03590275159667653,0
1,-0.3350126492563195,0
1,0.34256985170420967,0
1,1.6111939354362215,0
1,0.24988939427925833,0
1,-0.9376907392668767,0
1,-1.2634385798838812,0
1,1.6457800627539385,0
1,0.5137934123852327,0
1,0.44808134697505675,0
1,-0.3437313885581705,0
1,0.26786178466784333,0
1,-0.9869599061268101,0
1,0.38719835570365185,0
1,-1.1748701365740277,0
1,-0.3592884450277593,0
1,-0.6428931486594057,1
1,-3.257367642666575,0
1,-0.34676862653340684,0
1,-0.8988664244629286,0
1,-0.21038988389078375,0
1,0.0017228004818540896,0
1,1.7679319429815843,0
1,0.3047089971575089,0
1,0.33411263298353794,0
1,0.49561383521924485,0
1,0.8718085122411259,0
1,0.45427945385451823,0
1,0.28171302442411916,0
1,0.7112469185631435,0
1,-2.426634420831104,0
1,2.089051583278826,0
1,1.5897298447133985,0
1,0.21713575185929004,0
1,-1.4130064504087665,0
1,1.2103504324929446,0
1,-0.693876499064711,0
1,0.5338410165749355,0
1,-1.2829056017854663,0
1,2.2264068989731225,0
1,-1.4422167621086202,0
1,0.06898607031650121,0
1,-2.122187214511493,0
1,-0.04122245219632214,0
1,-0.4252852051382757,0
1,1.1371833939059661,0
1,-0.42537943159186536,0
1,1.13862358284633,0
1,-1.0241205675886709,1
1,-0.28196160304474394,0
1,-0.26191209792050607,0
1,0.4955882556329172,0
1,0.3683744264070565,0
1,0.7222251549233616,0
1,0.2668306032897393,0
1,0.6613148266131155,0
1,-0.8978639286931384,0
1,0.38879866688123427,0
1,1.6082059274456812,0
1,-1.6799927673875972,0
1,0.4890079549689279,0
1,0.6767797779381175,0
1,1.4611863774716831,0
1,0.7260469332902094,0
1,0.10031594215870858,0
1,0.43007319551003853,0
1,-0.7350378345613403,0
1,-0.3879680723577459,0
1,-1.3357028397019948,0
1,1.4870295143442231,0
1,0.450157318950846,1
1,-0.9161124603246138,0
1,0.2713569626625843,0
1,1.1593477099943326,0
1,0.9927923254543841,0
1,-0.9276386131664013,0
1,-3.133838815879548,0
1,0.3953860848963799,0
1,-0.8868696318382332,0
1,0.6223275059805008,0
1,0.9502703883362412,0
1,1.1136331111633824,0
1,1.7447404859785316,0
1,1.2363569180773035,0
1,1.7495488287840217,0
1,1.379060343235331,0
1,1.466217574022167,0
1,-0.04086813929777262,0
1,-1.2893264312323773,0
1,2.4822702544824122,1
1,0.06295293521602019,0
1,1.2287080639742345,0
1,-0.550274831024222,0
1,0.9639224425456392,0
1,-2.4449633250399656,0
1,-0.410443391000954,0
1,-0.09841108339228836,0
1,0.4626087683051862,0
1,1.072024676601108,1
1,-1.0941429216303153,1
1,0.6599681889202039,0
1,1.2266669766367415,0
1,2.3459115827542574,1
1,0.7066279838375339,1
1,-0.459505981481222,0
1,-1.271764657108261,0
1,1.8292022978652303,0
1,0.7373419355929418,0
1,-0.021975631580239508,0
1,-1.6198182942218182,0
1,-0.9311839508980528,0
1,0.6313202887739365,0
1,0.3538330241259001,0
1,-1.9463315589664538,0
1,0.6326125565018283,0
1,-1.56843644821996,0
1,1.35400906860226,0
1,0.2085559149049571,0
1,-0.4634214487492999,0
1,0.9901543391106727,0
1,0.3534992884457847,0
1,1.3249276085050186,0
1,0.08047561338956731,0
1,0.13881936640571377,0
1,-0.2852504325979089,1
1,0.2629671427671633,0
1,1.6979508797892537,0
1,-0.5027641700610439,0
1,0.6479551493306358,0
1,-0.880443583007951,0
1,-2.066732117678449,0
1,0.20745874037010945,0
1,0.370405423469423,0
1,-0.11005126944248407,0
1,-1.4959849707722361,0
1,0.3043010746416213,0
1,0.26631363413944587,0
1,-0.8887806310925734,0
1,-1.35349157147302,0
1,-0.2523879277059673,0
1,0.6529292467777684,0
1,0.4166547317919907,0
1,-0.8808369978340781,0
1,0.13692508502200743,0
1,0.887126405475567,0
1,-1.1726657092668147,0
1,0.06315536804319397,0
1,1.339640980170873,0
1,-1.2749321552938981,0
1,1.155526291049509,0
1,1.619187452322385,0
1,-0.2222055251708865,1
1,-0.34300861901628066,0
1,1.0330944190195595,0
1,-0.1861303750295191,0
1,-2.353126700695092,0
1,-0.09879459468957948,0
1,0.47040396819456276,1
1,0.740083853582468,0
1,-0.8806291647519228,0
1,-0.26980111947260843,0
1,0.9769072641522994,0
1,-0.059998621413337457,0
1,-1.5287379939609136,0
1,1.2376380096203758,0
1,-0.2141110223772452,0
1,1.0912187771813802,1
1,-1.3954566958665493,0
1,-0.12098674758908495,0
1,0.5097360236772348,0
1,-0.08714486150098782,0
1,-1.1830062023209929,0
1,-2.3868033068435146,0
1,1.52326512950336,1
1,0.24803820190132506,0
1,1.166801052791138,0
1,0.9286690993604492,0
1,0.5968468261195791,0
1,-0.3213373551470679,0
1,0.4897669256391285,0
1,1.4325369463707245,0
1,0.08301092827375707,0
1,1.9017010443991902,0
1,-1.499421886466856,0
1,-1.6069086112624469,1
1,0.988075214519394,1
1,-0.8187429365208783,0
1,2.043336920428779,1
1,1.3373413712329436,0
1,1.5875715067580416,1
1,0.8844363055512506,0
1,-0.9215836236702943,0
1,-1.659341600135192,0
1,1.495294669189022,0
1,-1.4995682060120572,0
1,1.5848856877275204,0
1,0.6696147602293553,0
1,-0.0762526538201018,0
1,0.44204768433531105,0
1,0.46529093544909955,0
1,-0.2024103885870802,0
1,1.425687234919314,0
1,1.391400860599534,0
1,0.15565930182094104,0
1,-0.5999943867003046,0
1,1.3059540444042912,0
1,-2.0225603801388194,0
1,0.4438926070113228,0
1,0.7395751082089216,0
1,-0.8283518347780123,0
1,0.9737854874376467,1
1,-0.026385861316626666,0
1,-0.545700121949118,1
1,0.9632233396636721,0
1,-1.0856844286977492,0
1,0.8691933365638794,0
1,-1.9823462138192558,0
1,0.2857044467311966,0
1,0.04384395621349431,0
1,-0.5396957668657604,0
1,0.3896248678890111,0
1,-0.07957012936778779,0
1,1.0546956273055468,0
1,0.5601509888034351,0
1,0.4526942328743526,0
1,0.2918612035602047,0
1,-0.47216645654704203,0
1,-0.30180354997569725,0
1,0.24821584022088922,0
1,-0.17335948710713603,0
1,1.1114528304329958,0
1,0.09345018954375292,0
1,0.37596660782513114,0
1,-1.402683933895561,0
1,0.9432302720603775,0
1,-0.5811735936743435,0
1,-1.0426535822967138,0
1,1.6461860091125715,0
1,0.6976215224325916,0
1,0.9770957188917753,0
1,0.45449618290731764,1
1,-0.09315079590371105,0
1,-0.27960400805626334,0
1,0.7791101854566701,0
1,1.132519042238293,0
1,-0.06818374792584589,0
1,2.0725428647008015,0
1,-0.1973185497108095,0
1,-1.3940084448899723,0
1,-1.7215227409939768,0
1,-1.6877753678793268,0
1,-0.4138117925724948,1
1,-0.23201802111278302,1
1,0.6825996376798916,0
1,-0.028608035253771327,0
1,0.8433710346341847,0
1,0.04489283262282717,0
1,0.013521426126866038,0
1,-0.5775148740084471,0
1,1.4225884603978132,0
1,-1.5314842965779947,0
1,0.3013102907138819,0
1,-0.18165046174923352,0
1,0.7817545975045007,0
1,-0.020829401155849088,0
1,0.008643705615898408,0
1,-0.2666396223097112,0
1,1.3932564041319975,0
1,0.002405885060290071,0
1,1.9696512116134723,0
1,0.2722470816275358,0
1,0.021759840797327068,0
1,-0.14532695985443808,0
1,0.5642468996851784,0
1,-0.5883933729072061,0
1,0.14574239903903685,0
1,0.00813701410781842,0
1,0.32524769926518965,1
1,0.35003032626175484,0
1,0.40199488018391305,0
1,0.09490474617329202,0
1,1.568943492349374,0
1,0.4225688161824838,0
1,2.605986288359328,0
1,0.04985140856587265,0
1,0.9589132924551746,1
1,-0.7260492083746808,0
1,1.4007892553113035,0
1,-0.7042839367744695,0
1,0.455878017956095,1
1,-0.26442720156412625,0
1,0.4520077971168826,0
1,-0.2347962368714901,0
1,-0.789252893921216,0
1,-0.2715922897977846,0
1,1.5415801241416462,1
1,0.46727626850514764,0
1,-1.2888500298791312,0
1,1.0953827012400599,0
1,-0.8915141803272791,0
1,0.743359288058152,0
1,0.5531651475959057,0
1,0.6163104662513545,0
1,1.85318916616818,0
1,-0.8286409249020154,0
1,0.6107947758868288,0
1,1.2595886124323863,0
1,-0.6433417016248717,0
1,-0.7457535805149944,0
1,-0.28718753877243436,0
1,0.32473303582206753,0
1,-1.4104762739609518,1
1,0.5514019908583155,0
1,-1.4083867417457268,0
1,1.2933308258074465,0
1,0.5137668280901231,0
1,1.913139872135604,0
1,0.668783760609298,1
1,-0.30476045112099215,0
1,-0.7986771352176636,0
1,0.2388910580778623,1
1,-0.030250588477874818,0
1,1.1861390348772767,0
1,-0.9286188163548493,0
1,2.020902000460979,0
1,1.274776941714994,0
1,-0.20352363025714418,0
1,1.7978208976376195,0
1,-0.7831280950572727,0
1,0.20558978991522836,0
1,-1.276471051569654,0
1,1.84656925630141,0
1,-1.647386813080978,0
1,-1.4404416962621578,1
1,-0.6347131070612035,0
1,1.3223236746761615,0
1,0.9548448860788854,0
1,0.12205062822910663,0
1,1.0189262111672952,0
1,-0.11541372471114908,0
1,0.4224287792679962,0
1,1.651726075656116,0
1,-0.2466188732042133,0
1,-0.7663726207717061,0
1,0.47037171432699054,0
1,0.7402743074915507,0
1,0.11044773714527865,1
1,1.0033813137060326,0
1,-0.20125913623351213,0
1,0.127546009583492,0
1,0.3745748825636097,0
1,0.28736103803744467,0
1,1.6132716292888492,0
1,0.36955625000033226,0
1,-0.303902134921351,0
1,0.5279817014910116,0
1,1.0088508402701262,0
1,0.7742354415187955,0
1,0.7188075711629788,0
1,-1.4980501435140348,0
1,-2.4925126168403273,0
1,1.2752645386206238,0
1,0.43885744620613204,0
1,-0.02157741661526991,0
1,0.6943130277801547,0
1,1.9273099356659136,1
1,1.4135311658464103,0
1,0.9622205728019577,0
1,-0.8867256328326435,0
1,-0.7567908029698762,0
1,-2.386404681367707,0
1,0.6335134738849201,1
1,1.108627197461166,0
1,1.190178046191512,0
1,0.6754304712767758,1
1,-0.15406685822731384,0
1,-0.5642774619101438,0
1,-0.825364796090765,0
1,-0.16342484916519912,0
1,-0.9778262538964486,1
1,1.755954065008587,0
1,-1.3023715530656008,0
1,-0.1970532768892231,1
1,-1.936218413430874,0
1,0.29655486129806496,1
1,-0.0023837097571301727,0
1,-0.3567903536395394,0
1,-0.9327832660300539,0
1,0.0024618355876164476,0
1,-0.5444608900142378,0
1,-0.13686788936666924,1
1,1.9574300019179927,0
1,0.17217721589256915,0
1,0.5328672079740328,0
1,-0.46446477568049493,0
1,-0.784435509674762,0
1,-0.022957713448647867,0
1,2.5039260048522243,0
1,-0.2874276948939605,0
1,0.36143780336482245,0
1,-0.8283985150905401,0
1,-2.7552720384017504,0
1,-0.789831331931656,0
1,2.3807095273537615,0
1,0.595390294724766,0
1,1.6409242010534517,0
1,-0.34772223493197585,0
1,-2.356831103756661,0
1,-1.1087090034624454,0
1,0.3970247610441687,0
1,0.23761386093645073,0
1,-0.010423796578229094,1
1,-0.5302490124363188,1
1,0.939715686803244,0
1,-0.5013466740009617,0
1,0.30781687016269993,0
1,0.1953281650326036,0
1,-0.36850244336221244,0
1,-0.8812960510395634,0
1,-0.42733008672296113,0
1,1.873621782697747,0
1,1.1124478632661783,0
1,1.0203887312819784,0
1,-0.786463706774815,0
1,-1.4376892729668895,0
1,1.0964942157586206,0
1,0.9047672604499444,0
1,0.13724897668255226,0
1,-0.3705398875834608,0
1,-1.4639446542350316,0
1,0.8674004443785023,0
1,1.1861351149659096,1
1,-0.6790924284911947,1
1,-0.762599600739623,0
1,1.241061925008803,0
1,-0.6418644628934819,1
1,1.7790602078563824,0
1,-0.10905175786570998,0
1,-0.3865617068666497,0
1,0.04510800121339664,0
1,-0.38663173436401965,0
1,1.1262123863476818,1
1,0.8858101395753868,0
1,1.0881062927508316,0
1,0.18451974069406274,0
1,-0.456354498308363,0
1,-0.00906400742773296,1
1,-0.42569679157027407,0
1,1.4665965131829597,0
1,1.0022737237986012,0
1,-0.09152306685720993,0
1,-0.9264749567712708,0
1,1.5408396882038173,0
1,0.13668413554430087,0
1,-0.13016746019673428,1
1,1.549652719718958,1
1,-0.5099488133780679,0
1,-0.31892690132953483,1
1,-0.23075894837576463,0
1,-1.316569171641841,0
1,0.3157353654259481,0
1,-0.7623447446784509,0
1,-0.5707217323111227,1
1,-0.704435479401664,0
1,-0.5870702033039437,0
1,-0.8389144640158145,0
1,0.24721417761997155,0
1,-0.15559309248571443,0
1,0.048008138208115815,0
1,2.353788076462313,0
1,-0.15556118109919748,0
1,0.6049476222363666,0
1,0.7187495993359789,0
1,-0.06285662436427385,0
1,0.27379913154503815,0
1,0.020698190262425645,0
1,0.2025583957114783,1
1,-0.5865167893481371,0
1,-0.49421130957982384,0
1,0.016922253283076227,0
1,-1.9719036438509936,0
1,1.4960727897653245,1
1,2.1608580179991295,0
1,0.17035025992471434,0
1,0.6654691772510047,0
1,1.0810576700504966,0
1,-1.324669739578269,0
1,0.9282779452844234,0
1,-0.4264397944342251,0
1,2.290724229816844,1
1,-0.1882595699986947,0
1,0.9081822231716602,0
1,-0.17841293036013312,0
1,2.196692756330447,0
1,-0.5123502170389053,0
1,1.1650887873273892,1
1,0.6266778824519463,0
1,0.4043099616641605,0
1,0.22900740104477266,0
1,-0.667012517696863,0
1,-2.5860563104340772,0
1,1.0743921084616148,0
1,-0.48883911034428434,0
1,1.1696001436820296,0
1,0.351697767915665,0
1,1.2002567810201206,0
1,0.8018925201094736,1
1,-2.4646951804792008,0
1,0.614895616247997,0
1,-0.3436754856144842,1
1,1.1650111872681763,0
1,0.5912074951367997,0
1,0.6029690379656071,1
1,-0.2722427957082504,0
1,-0.9126061921077914,0
1,-0.4328869589705256,0
1,-1.7998922615309485,0
1,-0.5903437345466456,1
1,-1.4641590995394322,1
1,-1.4377408037578108,0
1,0.11647884722620945,0
1,0.5340489395039607,0
1,-0.0317934801752158,1
1,-0.4987904973384019,0
1,-0.9474081622389258,0
1,-0.31719299236471077,0
1,-0.8222230412277458,0
1,-0.06283074212131123,0
1,-1.5215317740789056,0
1,0.7013175782057279,0
1,-0.5670311220756922,0
1,0.3762569002823384,1
1,0.887221995631192,0
1,0.3278708819310001,0
1,0.7991267895980826,0
1,-2.0666392628540713,0
1,-0.49285666370388637,0
1,1.103076666789084,1
1,0.5092295383162215,0
1,1.8484632655514626,0
1,1.7043804799670172,1
1,0.29959213445063676,0
1,-0.25197861888480677,1
1,-0.9584387130669897,0
1,-0.47580856553524736,0
1,-0.4082469084893662,0
1,-0.5932491923817148,0
1,-0.9183377477410463,0
1,0.40157658752204495,0
1,1.6966396781422344,0
1,0.9332567682302587,0
1,-0.3224200582703233,1
1,1.0140288476007093,0
1,0.34665086683888213,0
1,-0.04070435093684261,0
1,-0.1031227256474043,0
1,-0.19994013798826385,0
1,0.6510661227372702,1
1,0.1396700822764214,0
1,-0.72842279757699,0
1,-0.7768521091003517,0
1,0.3059039812816682,0
1,0.42865121568327524,0
1,-0.3131326443167842,1
1,-1.1320056227462443,1
1,1.2509651170851321,0
1,1.0386046095271007,0
1,-1.987376500973498,0
1,1.3395829233135301,0
1,-0.2089757973330139,0
1,0.18998708002714262,0
1,1.138223060052627,0
1,1.6525387866290535,1
1,1.00286528504553,0
1,0.24103049895055914,0
1,-1.3756406863029984,0
1,-2.0262318239847383,0
1,0.8781589390245036,0
1,1.3420303457444767,1
1,-0.814644860838048,0
1,-0.2697799647387298,0
1,-0.5572658883854549,0
1,-0.5839000734890034,0
1,1.0749611838919653,0
1,0.21837313275364237,0
1,-0.22917831139566916,0
1,2.6575200205103724,0
1,-1.4344208990075602,0
1,0.5479110814957855,0
1,-1.048978285172195,0
1,-0.15743687199424147,0
1,0.14863838446267308,0
1,0.844595719635092,0
1,-0.26118189516102236,0
1,-0.3669480977968419,0
1,-0.2790850978135079,0
1,-1.0799526863011757,0
1,0.6323098020916865,0
1,0.2813343707819083,0
1,0.4351686713150501,0
1,-0.06954300253308074,0
1,-0.1928779598900932,0
1,1.1756003382308513,0
1,1.0217864701570158,0
1,1.414800586184388,0
1,0.37259435149587056,0
1,1.3526640946554191,0
1,-0.4160826397204141,0
1,-0.20085178614133123,1
1,1.1951007536819613,0
1,0.8434215382602388,0
1,-0.29045040691489654,0
1,-1.0462582360197108,0
1,-0.20396420699247275,1
1,-0.6848684412770348,0
1,1.7245034824886747,0
1,0.7600406435197509,0
1,-0.7659225773867657,0
1,-1.0449909606650125,0
1,-0.7783132737845555,0
1,-0.558825238466334,1
1,-0.16670039379719437,0
1,1.1145464908808873,0
1,-0.9665168913530036,0
1,2.28953724484655,0
1,-0.9433002368286546,0
1,-1.409047731094599,0
1,1.688304825323471,0
1,1.321255599836956,0
1,-0.18234879775628526,0
1,0.38133231512452653,0
1,0.40656911910201393,0
1,0.1367124287435586,0
1,-1.296479538470473,0
1,-2.4819671826662524,0
1,-0.844726182323417,1
1,1.8161544113709476,0
1,1.8554135027266563,0
1,-0.26183696449230887,0
1,-0.9579642225236714,0
1,0.2781212197293803,0
1,0.4389811954670256,1
1,0.6007195192940576,0
1,-2.5270286828375976,0
1,3.157756183825162,0
1,1.1324746680436324,0
1,-0.19786370373966655,0
1,-0.7184776301608532,0
1,0.9873056940796048,0
1,0.49539461503454135,0
1,0.09214748803451132,0
1,0.45833463364081156,0
1,-0.11271960422461444,0
1,0.40186226571730205,1
1,0.7263628509535036,0
1,0.34331687408202705,0
1,0.29092189832191895,0
1,1.3928601332111812,0
1,-1.5971071194184563,0
1,-0.7978822785584306,1
1,0.026560685981022587,0
1,-0.7298675829292409,1
1,-0.396032538243941,0
1,1.2877417828900442,0
1,-0.14897097395772507,0
1,-1.829211027713974,0
1,-0.42334172933427894,0
1,0.058113174133872056,0
1,0.039689532456326865,0
1,0.5560374413464144,0
1,0.47438857475547375,0
1,-0.13882609852598576,0
1,-1.1930397582454333,0
1,-0.4411392516375624,0
1,-0.6227765566217982,0
1,-0.285103802686256,0
1,0.6911685352578869,0
1,0.40410274956375236,0
1,0.8240057137416856,0
1,-0.3840832036027939,0
1,1.5083607682847333,0
1,0.6728385125967202,1
1,0.11223468184195727,0
1,0.6033465843779693,0
1,-0.6757604146310315,0
1,-2.1087542159604213,1
1,-0.6066963690697782,1
1,0.7474569572421684,0
1,0.08021603968896353,0
1,-0.13683447267787338,0
1,-0.8478400707777279,0
1,-1.9558258259165358,0
1,1.4248456208147904,0
1,-0.20789474181160716,1
1,-0.42953798189719095,0
1,-0.6716462670918723,1
1,1.254522477626629,0
1,0.8813508123793844,0
1,-0.9672394642109537,0
1,1.1645429650435348,0
1,-0.1450704189212672,0
1,-0.6105421879872273,0
1,-0.2936123867975505,0
1,-0.783297250514897,0
1,-1.3208771027487902,0
1,0.7761309655085893,0
1,-0.22070485903146797,0
1,0.6172095336452706,0
1,0.2872133311295464,0
1,0.5485411113532397,1
1,-2.045986805407087,0
1,-0.866760249357017,0
1,0.5693647554018482,0
1,-1.274830694135968,0
1,0.37306508381223147,0
1,-1.3907045800185749,0
1,0.01644398349469419,0
1,1.6099903939360567,0
1,0.7746001153316247,0
1,-1.8507409474407344,0
1,0.8483714043161846,0
1,1.8222382267295831,1
1,2.797016010161739,0
1,0.47507573746868925,0
1,-1.364419923885355,0
1,0.4346779780244294,0
1,1.5960335983414646,0
1,-0.18708817975030356,0
1,1.043108922882558,0
1,-0.839602998877688,0
1,0.37235325312685075,0
1,-2.4895795151701274,0
1,-0.9503353818367181,0
1,-0.006120647281855993,0
1,-0.3633567305764357,0
1,-1.3006174942757465,0
1,-0.499656198084956,0
1,0.3296550484679967,0
1,-0.08622758711021881,0
1,0.06093756987086883,1
1,0.7319688030857388,0
1,-0.3431627007332465,0
1,1.3591778830519146,1
1,-0.9892710661014126,0
1,1.9280025530595188,1
1,1.1130386304942625,0
1,-0.3559977805122219,0
1,-0.28931870423108047,1
1,0.20673559161173594,0
1,0.5986709298719768,0
1,1.094548275233457,0
1,-1.3405912480150832,0
1,0.437442622061247,0
1,-2.116514252462715,0
1,-0.17730048583548338,0
1,1.453912503787458,0
1,-1.4176090322184984,0
1,-1.5992377860316624,0
1,0.22079509954797583,0
1,1.3874291641726018,0
1,0.325395451085322,1
1,-1.9046178968815513,1
1,-1.683128413046274,0
1,0.0977464329294194,0
1,-1.1792424192957673,1
1,0.13668629390565612,0
1,0.1959951132669392,0
1,-0.48975751065771067,0
1,1.814754293948813,0
1,0.590467204934292,1
1,1.2115908787941763,0
1,0.9205817582716221,0
1,-0.1500735619498677,0
1,-0.19444725133934807,0
1,-0.2976200368287706,0
1,0.6811022525002439,0
1,-0.6503651773718636,0
1,1.7250329420345678,0
1,-0.745869303672393,0
1,0.21447507229702847,0
1,-0.22908081204594863,0
1,-0.4507933143865267,0
1,2.1723468524636127,0
1,-0.43905434141246313,0
1,-0.3047211809924265,1
1,-0.6641335984558898,1
1,0.04104061568892288,0
1,-0.10130636734269396,0
1,-1.1192531307043045,0
1,-0.42436986434765633,1
1,0.6096865427839615,0
1,1.026986849421954,0
1,0.02400061296548023,0
1,0.05899479065320935,0
1,-0.36099507176527657,1
1,-0.502441701957883,0
1,-0.9195730298823025,0
1,-1.5566494542389513,0
1,-0.7024466741065368,1
1,0.9040528673405135,0
1,-0.4244169426971771,0
1,-0.34601868369404193,0
1,-0.3654851997146472,0
1,1.244707665832734,0
1,-0.9283825705313375,0
1,0.2770533383899935,0
1,-0.06846613357016398,0
1,0.0679268250947688,0
1,0.2443504071164504,0
1,0.05716494026807006,0
1,0.7930218866509193,0
1,-0.029257327962928875,0
1,1.7443763934256975,0
1,0.04447993896684609,0
1,-1.7034668826002697,0
1,0.6383103581437317,0
1,0.39209680525978186,0
1,0.03254503176192438,1
1,-0.25957131562114455,0
1,-2.114619066459786,1
1,-1.9468440622656753,0
1,1.6475192204974811,1
1,-0.585502603099387,0
1,0.9656204275522084,0
1,-1.6030332732404617,0
1,-1.0468582953682657,0
1,0.6786409468817157,0
1,-0.10250103569863299,0
1,0.537667171989379,0
1,-0.013632565929807697,0
1,-0.20767196400660862,0
1,-0.6800438281748903,0
1,-1.1940026559300008,0
1,1.4027012897324986,0
1,1.5673091061298812,0
1,-1.038702954744184,0
1,-1.1040791020069483,0
1,-0.34777314242209234,0
1,0.3404350148631521,0
1,-0.18181820795666936,0
1,0.4995200652477213,0
1,-0.049248947611365654,0
1,-0.11463114144923346,0
1,2.4130787367698687,0
1,-0.5252032515953069,0
1,1.639946892824547,0
1,1.4468630676808638,0
1,0.5040935065846489,0
1,-1.9261318364495255,1
1,0.031057490362961775,0
1,-0.5146947573955469,0
1,0.02009069144047363,0
1,-1.0629667923878823,0
1,0.7562579490500525,0
1,0.9849850271110658,0
1,1.1700243020669414,0
1,-0.38217871638453405,0
1,-1.0594251020467733,0
1,0.35168141647078477,0
1,1.7560743221487412,0
1,0.06938963461353378,1
1,0.4522970861121,0
1,-0.2349234458819979,0
1,-0.503470205895763,0
1,0.6582759386044987,0
1,-0.1060667673388657,0
1,0.40352291152933,0
1,0.5075068572770276,0
1,0.3475168391389082,0
1,0.5578553193877401,0
1,-0.8530057327600915,0
1,-0.9140293563468315,0
1,-0.04262160660725638,0
1,-0.018561320261247658,0
1,-0.5223228267196286,0
1,0.24100029641467566,1
1,0.9082174308340397,0
1,1.187511874153486,0
1,1.412261872647156,0
1,-1.314801663057185,0
1,-1.1629985737084254,0
1,-0.28964539344164625,0
1,0.08028654100737626,0
1,-0.23841800385698886,0
1,-0.5526393301825495,0
1,-0.3044182401973722,0
1,0.48331382243250304,0
1,-1.3296224467920323,0
1,2.3433571725871025,0
1,0.020993543384299318,0
1,1.050847394228725,0
1,-0.5800048949645076,0
1,0.5743495925247685,0
1,0.10009107282857571,1
1,0.8568083938882931,1
1,-0.198646917823752,0
1,1.5515635670896781,0
1,-1.492055847487044,0
1,0.9493738301980233,0
1,0.11871975553304809,0
1,-1.0183266983729435,0
1,1.9520658700471099,1
1,1.8486977265675786,0
1,-2.0738707448234552,0
1,0.1767843873458247,0
1,0.7056625547307366,0
1,0.441704808317815,0
1,1.515529608278433,0
1,1.3076327075146146,0
1,0.2651873563171819,0
1,2.2771036124116364,0
1,0.936846522707577,0
1,-0.35141449517792245,0
1,-0.5523475948283516,0
1,1.243341502973608,0
1,-0.7929542265304419,0
1,-0.40973827945847724,0
1,-0.23957189145484806,0
1,0.35565339327615064,0
1,-0.19345836296158178,0
1,-1.3169708964801385,0
1,1.1620797379907635,0
1,-0.4043986487851151,0
1,2.019935268799492,0
1,0.3039900072598394,0
1,1.2672074844021592,0
1,0.6308615141807926,0
1,1.3150562714566263,0
1,0.5703389962644321,0
1,0.23516883399180646,0
1,1.0932340918565167,0
1,2.4859721145920526,0
1,-0.2697969386048753,0
1,0.794926987725014,0
1,-0.005244922510148693,0
1,0.5060590204930345,0
1,0.04215855757653389,0
1,-2.157742885710403,0
1,-0.20018671773817698,0
1,0.9995550728085342,0
1,-0.7652066232685705,0
1,0.9209464430715432,0
1,0.1836091643903449,1
1,-0.19149053085420917,0
1,0.9058153852833678,0
1,0.6810315435642617,0
1,0.4205470711980352,0
1,1.015900202780414,1
1,0.20309831958858068,0
1,-1.644666032989024,0
1,-0.3781208731323194,0
1,-1.8044024227798658,0
1,0.6573648262086339,0
1,0.8961998392929678,0
1,0.9417022421330418,0
1,0.4890946992298039,0
1,0.9679251293892988,0
1,-1.576603338267461,0
1,-0.10756692179428759,1
1,-1.414915988808215,0
1,-0.3583296128058891,0
1,1.6162517359327573,0
1,1.0932371823546938,0
1,0.6622854064744218,0
1,-0.18162022860064314,0
1,-0.9935947844455818,0
1,0.187027683784429,0
1,1.1106758318223067,1
1,0.4098714892592342,0
1,-1.585690789184562,0
1,0.10461089711583525,0
1,-1.913328192066348,0
1,0.8041838331060075,0
1,-0.6930077480667151,0
1,-1.223121399852933,0
1,0.8179306627322034,0
1,0.5593778371839864,0
1,0.2323989624142109,0
1,2.191707947151051,0
1,0.6349998362559559,0
1,-0.6449569299273671,1
1,0.5192038674849416,0
1,-0.2860773433964429,0
1,1.266758821897002,1
1,0.28097720683042815,0
1,0.37992328680044857,0
1,-1.442368410195294,0
1,0.06135161950295221,0
1,-0.05626585426525921,0
1,-1.024213455210551,0
1,-0.2215014863888449,0
1,0.4357524435840783,0
1,-0.0043495993440132,0
1,-1.4120996915840336,0
1,-0.2732168331969433,0
1,-0.46802478903987416,0
1,0.19351352303118283,1
1,0.08553256189442238,0
1,-0.4116130621118469,0
1,-0.45066344342335135,0
1,0.06722258798449979,0
1,0.9629767549865628,0
1,0.27864052270818584,0
1,1.4230693252907138,0
1,1.1331909788418906,0
1,1.496682496209152,0
1,1.3686276518030558,0
1,1.5629495167407226,0
1,-1.153142810471234,0
1,0.6474262779104684,0
1,1.2183205528638965,0
1,1.3990273218566187,0
1,-0.7707188130139526,0
1,0.657380524931438,0
1,0.07520306495041909,0
1,1.8470602330076118,0
1,-1.3872916243944506,0
1,-0.7692895814228655,0
1,-1.810633824962345,0
1,0.14461628703308219,0
1,2.2638402692696515,0
1,-0.04434161853329213,1
1,0.10103332252425415,0
1,0.5502387706232047,0
1,-0.11629048500729083,0
1,0.36602601914408034,0
1,0.392211669327814,0
1,-0.8455566520935268,0
1,-0.09404671154966834,0
1,0.7419329264902462,0
1,0.9285761165630954,0
1,1.298501656194275,1
1,0.33543606678279403,0
1,0.35578571124444075,0
1,0.7501848652146249,0
1,-0.594770213571308,0
1,-0.6357790519891622,0
1,-0.12479785765439863,0
1,-1.2750176995541036,0
1,0.40690077169990907,0
1,1.0490820361682638,1
1,-0.7100436448383542,0
1,0.435149189885271,0
1,-0.6291310509419934,1
1,-1.016575501994926,1
1,2.0555610437596665,0
1,-1.0022331360172423,0
1,-1.279319318087845,0
1,0.21471539705531278,0
1,0.2685214784607662,0
1,0.6672321411899407,0
1,2.001228053509907,0
1,-0.7771298151946303,0
1,-0.5784368379739004,0
1,1.608805497306857,1
1,0.9391237655057844,0
1,0.8000813377617322,0
1,-0.589868695507319,0
1,1.125888220412252,0
1,0.8031828201810357,0
1,0.1895372681193656,0
1,-0.5849278102334923,0
1,0.10669555438844522,1
1,1.6484868884832717,0
1,-1.0939677526036804,1
1,-0.79979906806347,0
1,-0.6278024350706654,0
1,-0.41082115600974495,0
1,-0.01573668652102702,0
1,0.9585710282019061,0
1,0.4614141144174627,0
1,0.06084105050342878,0
1,0.2769934750803454,0
1,0.6239909603631794,0
1,-1.6817059462295947,0
1,1.0715841917546007,0
1,-0.8264129428864023,0
1,-0.443510371177488,0
1,0.3404353217035865,0
1,-0.07540582800391739,0
1,0.4869304410933395,0
1,0.14182791845640558,0
1,-0.2893322870616215,1
1,1.528758169376282,0
1,0.708065532010135,0
1,0.3021173251356195,0
1,0.6925198408593666,0
1,-0.7053294927074957,0
1,2.1747717418166843,0
1,-1.0876372010831383,0
1,0.11316865829340152,0
1,-0.2864262786177403,0
1,-0.3244143754270483,0
1,-0.4542567563147595,0
1,-0.7717100009985014,0
1,1.1883422048081194,0
1,-1.204702794582884,1
1,0.9835638986838199,1
1,0.6485377347209822,0
1,-0.38089113167934613,0
1,0.532607283793853,0
1,-0.15789901769657472,1
1,-1.1010063385093518,0
1,-1.0904336546709064,0
1,0.6554415164696908,0
1,0.6035703236850228,1
1,0.24201141431921958,0
1,-0.3915165393405067,0
1,-0.19043153363102142,1
1,-0.32555315716402644,0
1,-1.7469441351768673,0
1,0.06125325025627931,0
1,0.522454861209501,0
1,0.0676087987782057,0
1,1.7691491720192023,0
1,-1.0045621448299802,0
1,-0.6611037168937204,0
1,0.1330189956836701,1
1,0.2437668101924316,0
1,-1.9012086250262723,0
1,0.6026979998756027,0
1,0.24831683955559872,0
1,-2.119392943833091,0
1,-0.11670926888492182,0
1,-0.8085415219386677,0
1,-0.4533232643137902,0
1,-1.3381007846778628,0
1,0.41618867867357234,0
1,1.761776380570226,0
1,0.2650235741702826,1
1,-2.1593841017636466,0
1,0.28559603733279876,0
1,-0.19463879219903518,0
1,-1.101012534754103,1
1,0.3536238313910272,0
1,0.8797647281273557,1
1,-0.6684934818931376,0
1,-1.643732810811891,0
1,-2.0116722395428694,0
1,-0.6656850935853221,0
1,-0.1555034692598096,0
1,-0.5160055636374792,0
1,-0.6832820926623819,0
1,0.567899527128155,0
1,0.46282604614592426,0
1,0.1995934027601921,0
1,0.8164877843441061,1
1,-0.6563073527953184,0
1,-1.094559235058568,0
1,-0.5223336742273718,0
1,-0.5913027716817708,0
1,-2.0512894560470265,0
1,-0.5455686395469708,0
1,1.1048505551822252,0
1,0.8008534306178624,0
1,0.52518385695608,1
1,0.13161804323697918,0
1,1.4488985261420313,0
1,-1.0601678948679611,0
1,-0.9648271219628666,0
1,1.124295273688533,1
1,0.027604896838708655,0
1,-0.6711783070441786,0
1,0.5519246267564701,0
1,-0.43846696168798505,0
1,-0.8375254954727348,0
1,-0.8653518128670903,0
1,0.32154936102601617,0
1,0.20581549663066248,1
1,1.5167467666559509,1
1,-0.29008924660150287,0
1,-0.3071494487979124,0
1,1.4396335305269161,0
1,0.9856467932775906,0
1,0.14489830376273916,1
1,-1.5610127225813104,0
1,-0.8118547822832325,0
1,-1.0540947973877364,0
1,0.03645177689936918,0
1,-0.5083411145415442,1
1,1.6029048928422998,1
1,-1.5714372137740087,0
1,-1.1613397169127129,0
1,0.24462878487985176,0
1,0.5214360497641698,0
1,-2.5871362308958417,0
1,-1.7354101591652435,0
1,-0.26360369314061427,0
1,1.3560436314849675,0
1,1.8877608852169696,0
1,-0.41449749016302595,0
1,-0.17064697742041618,0
1,-0.8368657572846429,0
1,0.6332063998861223,0
1,1.5285295844939308,0
1,1.2560207373800496,0
1,-0.029000612655416445,0
1,-0.8385317051352245,0
1,0.00819700430982076,0
1,1.3807867044335773,0
1,-0.40051709834661836,0
1,-1.815429029347753,0
1,-0.36000925331746786,0
1,-0.27902575348833913,1
1,-1.8212981612694976,0
1,0.23203733199831902,0
1,0.5060046632553978,0
1,1.8598926148183101,0
1,-1.3323769568431125,1
1,0.7305214312887639,0
1,0.9668361511758767,1
1,0.5196209309353098,0
1,-1.0068016328441245,0
1,-1.0649266807425117,0
1,0.09719675228381489,0
1,0.09017765984629196,0
1,-0.5594338246287064,1
1,1.2916370135332556,0
1,-0.40075158249206044,0
1,-1.8937007441190368,0
1,-0.22405651450483732,0
1,0.48027334824570583,0
1,0.3419611520610459,1
1,0.33422258713994624,0
1,1.4939890143566776,0
1,-1.1147905717021243,0
1,-0.4237083483506746,0
1,1.5450540380104028,0
1,-1.967349886964284,0
1,-0.05369444720276938,0
1,1.228921115237034,1
1,1.2140162509340595,0
1,0.6601163728463529,0
1,0.6854393017616939,0
1,-1.0410231230551354,0
1,1.3731770839291852,0
1,-1.200061711285794,0
1,-1.140413019373375,0
1,0.38787413116374564,0
1,-0.4930144957171996,0
1,0.2066966990397588,0
1,0.4307670792802269,0
1,1.7781097393755487,0
1,0.4337245855664093,0
1,-0.6185343041584587,0
1,0.6764879581861353,1
1,-0.8317542000821122,0
1,0.9131555243760411,0
1,0.06462791956925525,0
1,0.4005438161569483,0
1,-1.7806539771146803,0
1,-2.2507455951814874,0
1,-1.5014242324134326,0
1,1.7457708556984672,0
1,-1.1481548228470906,0
1,0.7323098019889315,0
1,-0.6419077989107053,0
1,-0.24003009921924026,0
1,-0.04472025506925951,0
1,1.643778427811496,0
1,0.5845055307914246,0
1,0.38503314032035113,0
1,1.2966984321111963,0
1,-0.6331968637615819,0
1,1.0683429769514334,0
1,0.9013025951587312,0
1,0.8898993632435327,1
1,-0.1550167029115077,0
1,-0.43731489577742866,1
1,-0.8698236451694155,0
1,-0.8071823649665381,0
1,-0.9170131510584919,1
1,0.3668477618260759,0
1,-0.2283363132700721,0
1,0.43140019768001936,0
1,0.48788201965280414,0
1,-1.059756054288333,0
1,-1.0897685321092294,1
1,-0.22866038317331258,0
1,-0.7751207236137811,0
1,-0.8804121395262857,0
1,1.6956870090748706,0
1,-1.533354771877413,1
1,2.0230644272780105,0
1,0.2888763833590886,0
1,0.986238283017926,0
1,0.8683328173302316,0
1,0.616959177266036,0
1,1.6618317991431855,1
1,-1.0824166884767819,0
1,-0.15637837777840877,0
1,-0.8528469125007474,0
1,-1.6960795310323826,1
1,-0.6612411185582238,0
1,1.8725477782238211,0
1,-0.17346669741771467,1
1,1.9835157133335595,0
1,2.085827163443204,0
1,2.995130363696082,0
1,1.905493019098306,0
1,2.358131865333807,0
1,0.3251675410557241,0
1,0.22832823368667324,0
1,0.2948393612153504,0
1,6.220461036402953e-05,0
1,0.14966313516754304,0
1,0.7521825651534181,1
1,-0.4658178552965385,0
1,-1.3776242378087107,0
1,0.3636187975725264,0
1,-0.6928048343248164,0
1,-0.5892734974713386,1
1,-0.1427532303141715,0
1,-0.3721432195338748,0
1,1.1100424925166925,0
1,-0.16674153952334367,0
1,1.1604496378767173,0
1,0.2060162489421535,1
1,-0.08852900193567041,1
1,0.15822048628679414,0
1,-1.2916298640207338,0
1,0.3380771894706958,0
1,0.8491892963149605,0
1,0.9908504268462249,0
1,-1.3521740853778679,0
1,-1.5189802022429764,0
1,-0.5368185250808366,0
1,1.384662357992878,0
1,0.22097539358024598,1
1,-0.7746952397482023,0
1,-1.4529394669303801,0
1,-0.683989304453616,0
1,-0.7515511285130778,0
1,0.9356177186452562,0
1,1.0125442493870442,1
1,-1.0499018721909363,0
1,0.7531660615815998,1
1,0.650756898675428,1
1,-1.1796808147629319,0
1,-0.08381869882790173,1
1,0.340819988157417,0
1,0.16323541871735905,0
1,-1.7105410768085565,0
1,0.13118245451661864,0
1,0.6362648914316762,0
1,1.5795941688675235,0
1,-0.6687912001471484,1
1,-0.545453156528892,0
1,-0.20886676587261033,0
1,0.2912159213168894,0
1,0.09701776762285522,0
1,0.6043079879670906,0
1,-1.1251865422151421,0
1,0.3968536892965491,0
1,-0.742215380225654,0
1,-0.14333390205557858,0
1,1.708013627256206,1
1,-1.3982428087660086,0
1,-0.27946746843937065,0
1,-1.2746457723106248,0
1,0.15306797455177262,1
1,1.0482329153900176,0
1,0.16965511884426968,0
1,-0.11671585333566302,0
1,1.3284023290520521,0
1,0.3305024347721445,0
1,0.8195660563118106,0
1,0.7152573868451347,0
1,-2.876240404156761,0
1,-0.0766688056209485,1
1,-1.0780744688813524,0
1,-0.8293168941568618,0
1,1.4745861073252933,0
1,-0.3748055453225921,0
1,1.8925681958060077,0
1,-1.4076884202708555,0
1,-1.083670780277368,0
1,0.7623506609519703,0
1,-0.3413715197585086,1
1,0.3073273366010497,0
1,-0.11230682636975019,0
1,-0.14257623796600769,1
1,-0.3042360687320763,0
1,0.17949336040773675,1
1,0.6416382875279029,0
1,1.6144221509724763,1
1,-0.20251253534281774,0
1,-0.3936382956358756,0
1,-0.5224615564591322,0
1,1.4697838550324989,0
1,0.690324897113818,0
1,-1.8990334264381703,0
1,-1.943120702796382,0
1,-0.8300578794980854,0
1,0.23014544405437465,0
1,-0.03347013921869056,0
1,0.5147785518436808,0
1,-0.1754434421832799,0
1,1.3974187713789425,0
1,0.7721113787740158,0
1,0.07757660711568605,0
1,1.1453394305341051,0
1,-1.6489062243152208,0
1,-0.08507471266522389,0
1,0.13751230612798523,0
1,0.6020364999525094,0
1,-1.7151660028286206,0
1,-0.2604069068744816,0
1,0.40046079635107446,0
1,0.47716212639733585,0
1,1.1861298414542012,0
1,0.761505332406745,0
1,-0.06084604937204112,0
1,0.6749737489487547,0
1,-0.20136363555463252,0
1,0.1467739527628528,0
1,0.7948023501473626,0
1,-0.045300793188042504,0
1,0.3619896795318375,0
1,0.9613087693170126,0
1,0.7121648607390529,0
1,1.2334718558813695,0
1,2.3284482979529106,0
1,0.7029277733569433,0
1,-0.46129255140475467,0
1,0.5118230478198007,0
1,0.46881841649041733,0
1,0.6135106935103816,0
1,1.4950162472373718,1
1,-1.6841115089840064,1
1,1.5138379913297342,0
1,1.8504168680581128,0
1,0.5680706632702146,0
1,0.592135081223133,1
1,-0.24164480725949886,0
1,0.006323989816705009,0
1,0.697952159148152,0
1,0.6335523927703243,0
1,0.7207097300033874,0
1,0.6266685716032836,0
1,0.8983899741423699,0
1,0.7866486699856475,0
1,-1.0243486652601317,0
1,0.83226804350788,0
1,1.8585866164162272,0
1,-0.026626751955402317,0
1,1.4994799479824774,0
1,-0.9172952999115911,1
1,-0.02976261961043513,0
1,-0.6411581518098584,0
1,1.379221252423799,0
1,1.6404765544088513,0
1,-0.09919612008756219,0
1,1.1710615226618508,1
1,1.6506266279033337,0
1,-0.03291885796166941,0
1,0.12975161179698358,0
1,0.7336153696269838,0
1,-0.8425379815202844,0
1,0.11009759521456082,1
1,2.142787106201938,0
1,-0.5000135202502968,0
1,0.853826240706514,0
1,0.5238044461370118,0
1,-0.16376590870295216,0
1,0.22165509290939184,0
1,1.7526199245394292,0
1,0.5535971465793009,0
1,0.7098186232612629,0
1,1.6008622962517562,0
1,-0.2894104369981684,1
1,-1.0469149098378452,0
1,1.7683473915902792,0
1,0.13652178261843076,0
1,0.8936008501490137,1
1,-0.7623291856193604,0
1,0.38852630524616494,0
1,-1.0969327848618573,0
1,0.06373983972809259,0
1,-0.6479231851782796,0
1,-0.8776543349125515,0
1,-0.3031226693659235,0
1,-2.2933906429682063,1
1,-1.159902437777533,0
1,0.7824141562603282,0
1,0.347666389547727,1
1,-1.0741869469626075,0
1,0.5478735694650663,0
1,-0.8782130721518852,0
1,0.7219638704134186,0
1,-0.11563907346182578,0
1,-0.3251231503923271,1
1,-0.09106362372745465,0
1,2.559528456665708,1
1,-0.7588015195223506,0
1,0.22655866626637872,0
1,0.7813687094923709,1
1,-0.9624128490889345,0
1,-1.5942578374059322,0
1,-0.6010981429621729,0
1,0.7594632011088679,0
1,-0.34200345172828295,0
1,-0.2311059313610249,0
1,0.9107696512920799,0
1,-0.8063430794948594,0
1,-0.08875531114611628,0
1,-1.5138410413168188,0
1,0.3207190607257957,0
1,0.22950707456841016,0
1,0.7955362981672176,1
1,-1.145256131671386,0
1,-0.1918875807724168,0
1,-1.2784703604581868,0
1,-0.24610668615579886,0
1,1.4817880754412247,1
1,-0.3207527559739828,0
1,-1.3659198242449033,0
1,-0.6798792649748162,0
1,-1.6109518334172113,0
1,-1.2957728788072194,0
1,0.6709869474954,0
1,-1.4462832373621035,0
1,0.31232859035487776,0
1,0.0257426758825733,0
1,-0.5315282490933342,0
1,0.22734998005777673,0
1,-0.9376615093472555,0
1,0.8408444008270465,0
1,-0.6983402985723312,0
1,-0.38636688860688695,0
1,-0.5053510053971071,1
1,0.6894735644077659,0
1,0.5444439135088993,0
1,-2.6217011659238003,0
1,0.25424293627817907,0
1,-1.744592831825581,0
1,-0.34132171218916313,0
1,-0.10817402174670016,0
1,-0.352058229531837,0
1,0.5008192220989165,0
1,0.7200765660795322,0
1,-0.7734657928192906,0
1,-0.8097970024973209,0
1,-0.03596955365251699,1
1,-1.543732080566156,0
1,-0.47697797518767865,0
1,1.3480778333873575,0
1,-1.5063005652107155,0
1,-0.34011735931340803,0
1,-0.5923008129301166,1
1,2.0052678813877582,1
1,-0.5378612066696534,0
1,-0.4798108853584959,0
1,-1.0307649278017306,0
1,0.009321803567251047,0
1,0.27016705502368754,0
1,-0.8858198476195941,0
1,0.9887228007219653,1
1,0.27106358428850885,1
1,0.8518992687651816,0
1,-0.3281355278399193,0
1,0.24318433089133337,0
1,-0.2130964948740818,0
1,1.4576815494911495,0
1,0.1162641373710621,0
1,0.008753948314998811,0
1,-0.4582419990209142,0
1,-0.5159636304721639,0
1,0.237722074823827,0
1,0.8195874593727144,0
1,-0.6845580979100881,0
1,0.12657927717612869,0
1,0.1841694910191149,0
1,0.35836351637561037,0
1,-1.7074964018607186,1
1,-0.9247326997109881,0
1,-1.3658445201219007,0
1,0.032884426651745575,0
1,-0.9009733698903111,0
1,-0.49624111842674784,0
1,-1.194280523910846,0
1,-0.4032365371678026,1
1,-1.1241036012187688,0
1,0.7579084420329506,1
1,0.47922796979557786,0
1,0.15022928147435283,0
1,-0.30194192968056843,1
1,-2.037686766302725,0
1,-0.4582066254948458,0
1,-0.7614565436873741,0
1,0.2472742172655216,0
1,0.6197071688043717,0
1,0.32463266249308653,1
1,1.2630383091265882,0
1,-0.5683142343850899,0
1,-0.6097758813206436,0
1,1.037878228902577,0
1,0.16621639453813414,0
1,-0.24699874054221607,0
1,1.8465211448947823,1
1,0.5777305473826826,0
1,-0.19054417393408338,0
1,-0.6859448136473001,0
1,1.3265126715838689,0
1,0.2069970208896691,0
1,0.02451691953842703,0
1,0.6762764274550901,0
1,0.8800878568539743,1
1,0.5498699844908967,0
1,0.883975575631944,0
1,0.451374358902682,0
1,0.5548905834302266,0
1,-0.731637854843435,0
1,1.810353881617559,0
1,-1.233676658990703,0
1,0.3093776144974741,0
1,-1.3367670581786077,0
1,-0.09812873883595526,0
1,-0.571293637868085,0
1,0.13575587134398362,0
1,0.3417576813576451,0
1,-0.9563337029945921,0
1,-0.029414454951575738,0
1,1.3936742224562821,0
1,-1.3122650975014607,1
1,-0.8540537691620664,0
1,0.8607546479153348,0
1,0.07755481324642004,0
1,0.15115492982456444,0
1,1.0223023486923273,0
1,-0.7940687017982925,0
1,-0.5193352300975955,0
1,-0.6426418664668386,0
1,-0.3482030473355627,0
1,1.3395220849476783,0
1,-1.701080095524512,0
1,-1.194218810910073,0
1,-1.3656830672931792,0
1,1.401693950685968,0
1,-0.6143999346997633,0
1,-0.32667364608499866,0
1,-1.6146341779209363,0
1,-0.26238603616591866,0
1,0.8665217208419668,0
1,0.2529570482729631,0
1,-0.10786405129862556,0
1,-1.5648855254517409,0
1,-0.32795208730797193,0
1,0.14691476392588196,0
1,-0.9918248570333047,0
1,0.6548911579778811,0
1,0.8850685466450698,0
1,-0.5286487086540953,0
1,0.7258321937717044,0
1,-0.10973959748403314,0
1,1.1471379815788132,0
1,2.0341506600580805,1
1,-1.0936654819332468,0
1,0.7694844035466659,0
1,1.3049645661627276,0
1,-0.9706803403518324,0
1,-0.5751206682186601,0
1,-0.5863770982292038,0
1,-0.1327812385361221,0
1,-0.3563655062206215,1
1,-0.19828458805508212,0
1,0.8379883282781686,0
1,-1.8958117218861563,0
1,-0.9738934216413759,0
1,0.6699280762098667,1
1,0.5527761486208744,0
1,-1.0585421940333906,0
1,0.5597019503036693,0
1,1.3268669568197757,0
1,-0.04902651446550974,0
1,-1.0079610220638864,0
1,0.8749542563142473,0
1,1.7230454309708734,1
1,-0.8861403034395645,0
1,0.03925207395003367,0
1,1.0901556348870205,0
1,0.11535871496318631,0
1,-1.7472963330080853,0
1,0.4434177187857984,0
1,-0.978808636322899,0
1,-1.2707225989940136,0
1,-1.7277479909857951,0
1,1.1904072931656806,0
1,-0.8347113190174262,0
1,0.33333618024787187,0
1,0.5789544305794028,0
1,0.16181898981519993,0
1,0.2965707799739716,0
1,0.38104808739949664,0
1,0.13809768664539374,0
1,-0.7601595143160239,1
1,-0.8493371621515893,0
1,-0.10498154417592623,0
1,-0.12616404804901657,0
1,0.42931973242657484,0
1,1.1016500671651597,0
1,0.3439053605694905,0
1,-0.810883719117161,0
1,-2.1811558147306163,1
1,-0.7689372058793238,1
1,-1.3444903615265256,0
1,-0.730372202360799,0
1,0.24227698886521123,0
1,0.08439050783867602,0
1,1.85817761693821,0
1,0.48308155208218606,0
1,1.909167283314702,1
1,0.7151394039899267,0
1,1.0857067433050347,0
1,-0.3589022716209584,0
1,-1.0745092833292917,0
1,-0.4489598908008796,0
1,-0.011869530677998787,0
1,-0.6281588840050212,0
1,-1.0011424244708513,1
1,0.4168376924207596,0
1,-1.0053971661972523,1
1,-1.5334919481185305,0
1,-1.1220861138975957,0
1,-0.2343554882632483,0
1,-0.9909191077645232,0
1,-0.22808990331850998,0
1,0.60044430527921,1
1,0.5744430468633508,0
1,-0.660825909089311,0
1,-1.3039415870389495,0
1,-0.5756234651492074,1
1,0.6556448097835503,0
1,0.8891962290445682,0
1,0.35288992103335304,1
1,1.2014360509954203,1
1,1.729202119619373,0
1,-0.4832279281295279,0
1,1.4865632539864901,0
1,-0.2605495207917437,1
1,1.019848697260064,0
1,0.7085724686727621,0
1,-1.9770584192526244,0
1,-0.9662271349267902,0
1,-1.221287916310358,0
1,-1.7820470316258878,0
1,0.879314983395656,0
1,2.068771855120066,0
1,-0.25767250469905323,0
1,0.8541566653663792,0
1,1.4846253176907442,1
1,0.20833170018275968,0
1,-0.02531306491503976,0
1,-0.24568792774209228,0
1,0.5375588822049737,0
1,0.8746940500325806,0
1,0.4618049060391806,0
1,0.42746307581686693,0
1,-0.051202901207954905,0
1,-1.5929545250727766,0
1,0.8977163887565969,0
1,-1.284625119614848,0
1,0.6193856420858215,0
1,0.7557366499929544,1
1,-1.1404321044907264,0
1,-0.6078007906051546,0
1,2.1214745513897446,0
1,-0.07948223786938155,0
1,-1.2202136754345188,0
1,0.8008792397130408,0
1,-0.772675205573181,0
1,-1.9205240224540956,0
1,0.5197695480464669,0
1,-0.9166178157831285,0
1,0.3211883422224382,0
1,-0.8126900381023642,0
1,0.7072041942696847,0
1,0.18349832460593565,0
1,-2.589208588958981,0
1,0.382012540704588,0
1,-0.2897313284303901,1
1,1.4167176421908052,0
1,0.39520784901585143,0
1,0.7561578437530152,1
1,-0.710540801020925,0
1,-0.7900677508179633,0
1,-0.02564933106056511,1
1,-0.36061612679384936,0
1,1.3380090522100816,0
1,-0.15331905872332752,0
1,-1.2248217499837284,0
1,-0.8275809136886607,0
1,0.9650510846140046,0
1,-0.16725734426292688,0
1,-0.2207117679497613,0
1,1.0601875692177962,0
1,-0.9147631888655418,0
1,-2.2351762984273305,0
1,-0.8528666463566422,0
1,0.24208908854634123,0
1,-0.24951152033808952,0
1,-1.5604296200844328,0
1,1.0160595313515508,0
1,0.16349694608444856,0
1,0.389014694713492,0
1,0.41961025978337024,0
1,-1.2985242458498951,0
1,0.30287891642949083,0
1,0.9074537832020062,0
1,1.1403102303706543,0
1,0.7212633250129525,0
1,0.5131296585920249,1
1,-1.7374212647704141,0
1,-0.014934652777470477,0
1,-0.9565743494364464,0
1,1.2821678819463584,1
1,1.13037949237705,0
1,-0.9505288107201934,0
1,-0.04597818370601549,0
1,0.24850944350710708,0
1,0.9007912574890338,0
1,-1.6756182498674532,0
1,-2.2096223138376323,0
1,0.03814851084082152,0
1,-2.5314168223754305,0
1,0.1585724098120643,0
1,0.5922077735827421,0
1,1.2360799083277731,0
1,-0.6225682512559927,0
1,0.1611816461351563,0
1,0.6515098396603243,0
1,-1.1757200084143575,0
1,0.9153477977515984,0
1,0.2743423252276499,0
1,-0.6054463307058101,0
1,0.14138057222559625,0
1,-0.13933448517973934,1
1,0.7800739502478649,0
1,-0.3604600901469326,0
1,0.22709049337885945,0
1,-0.6209316181533127,0
1,-0.9378428386917326,0
1,0.17153279190984858,0
1,-0.8967676670185695,0
1,0.8005802914488231,0
1,0.5922325321771237,0
1,-0.7651144563438871,0
1,0.21378043187318224,0
1,-0.7696999003340166,0
1,-1.604312805801676,0
1,-0.5972251674470368,0
1,-0.05031682927271039,0
1,0.5214087249135335,0
1,0.14947993047033897,0
1,0.9076746150282285,0
1,-0.9811661714165741,0
1,-0.3766983879121598,0
1,1.6443667017663253,1
1,-1.9310800529508247,0
1,-0.45195430592599445,0
1,-1.0714939477626486,0
1,-0.19539840425407898,0
1,-0.4344474874361166,0
1,0.602155438090083,0
1,0.25552065940950486,0
1,-1.3056175719102803,1
1,-0.5881620731790873,1
1,-0.00011704912568639759,1
1,0.7393808840390141,0
1,2.4329562846799266,1
1,0.7027957889554171,0
1,-1.0124999205494856,0
1,-0.09384525539919665,0
1,0.18097619503380905,0
1,-0.5193908703435212,0
1,0.47025780593454375,0
1,-2.2713770884004867,0
1,0.5531496213279995,0
1,-0.4763874224304726,0
1,-0.10970523169552479,1
1,1.4657229390265,0
1,-1.261517175608922,0
1,0.2727192786038304,0
1,0.7939215790064472,0
1,0.17033645828630078,1
1,-1.6141923055201761,0
1,1.350396627301327,0
1,-0.21135405040635602,1
1,-0.5275408500780284,0
1,-0.3104828821929197,0
1,-0.38214639100558345,0
1,-1.1901796727497762,0
1,0.16495058607731836,0
1,-0.5972330079140008,1
1,0.6708882721498295,0
1,0.5175954936151803,1
1,1.62566941176381,0
1,-0.21163314337268058,0
1,-0.8032497510448164,0
1,-1.4697423351527148,0
1,2.193343386074813,0
1,0.6621079965161335,0
1,-0.6924199211797911,0
1,1.693155089267136,0
1,1.3561623838860322,0
1,-1.3512775024551373,0
1,-0.7534748750839719,0
1,-0.13232484516036994,0
1,-1.070085096001962,1
1,-0.09657946291085408,1
1,0.711961946439788,1
1,-1.3732608583222934,1
1,0.29300054797393704,0
1,1.1684979754327052,0
1,0.40022023927052225,0
1,-0.07561635478009153,1
1,-0.6681017595762561,0
1,0.8308418720993512,1
1,-1.1769201120480355,0
1,0.24279181109512263,0
1,0.025515733053315382,0
1,1.1256110262097088,1
1,-0.5827487610688902,1
1,-0.4977358118931173,0
1,-1.2418648706314233,0
1,0.43728427460040903,0
1,-0.42381584303224873,0
1,-0.8620739772698514,0
1,-0.7668162666772819,0
1,0.5371054964629087,0
1,-1.1029604997230638,0
1,-1.014165964979683,0
1,0.8963614255173831,1
1,-0.16612057582947226,0
1,0.9554450859843071,0
1,-0.35935581530916555,0
1,-0.0011258993966320049,1
1,0.15629927193621673,0
1,1.3872862671468236,0
1,1.3058728262102701,0
1,1.1532370381923354,0
1,-0.6288188699353919,0
1,-0.9868295693832174,0
1,0.7607914630609068,0
1,1.376759702300817,1
1,1.1628187321187369,0
1,0.013049257333420017,0
1,0.7278085448741498,0
1,0.7453876530851291,0
1,0.1489427913794047,0
1,0.19237362473699957,0
1,0.09819533680280466,0
1,-0.7880965332789023,0
1,-0.6860524375559527,0
1,-0.7014903615096384,0
1,-1.599236776782504,0
1,0.14285992734841,0
1,-0.040573372837559296,0
1,0.7619641356837025,0
1,1.2607172829791122,0
1,1.3242943648465293,0
1,1.4184654583097516,0
1,-0.7570810272890078,0
1,-1.4319592779871635,0
1,0.9307435780654327,0
1,1.3821334382009005,0
1,1.5559924472104256,0
1,0.48499620969237567,0
1,-1.996703947603627,0
1,0.3656094634335926,0
1,0.55544086790941,0
1,1.2520750212585894,0
1,1.429628693983234,0
1,0.9096334033853346,0
1,-0.5872788982958552,0
1,-1.0291173145526582,0
1,0.5339611518163068,0
1,-0.7924151104255653,0
1,1.4751371068423706,0
1,-1.7045589373519214,0
1,0.5668866123946673,0
1,0.3195349747424888,1
1,-0.2067666675311628,0
1,-0.9251162743047414,1
1,-2.0617763024430626,1
1,-0.5314286860726836,0
1,-0.5138831812339866,0
1,1.1117366588484558,0
1,-0.7828556382801258,0
1,0.4527706135637918,0
1,-1.2922398034417952,0
1,0.480248194083588,0
1,-2.237700352184668,0
1,2.095296177930695,0
1,-0.14106752679785203,0
1,-2.7945007243990085,0
1,-0.7177494755598762,0
1,-0.8756622330858662,0
1,-0.6558181318663012,1
1,-0.36464139579884286,0
1,-0.6626171533255922,0
1,-0.8164120770682125,0
1,-1.1586829519988435,0
1,0.8217894239330871,0
1,1.2011356152362465,0
1,-0.25457382323628786,0
1,-0.017636650032275488,0
1,-1.1263308601925779,0
1,0.07102069833642496,0
1,0.22996376215381956,0
1,-0.21939860971382405,0
1,0.3960749777694483,0
1,0.3087087820510249,0
1,-1.0541393890905797,0
1,1.193047513728957,0
1,-0.20764625982957532,0
1,1.6755716019169853,0
1,0.420420589419226,0
1,1.9709331303718327,0
1,1.1752691693064463,0
1,0.2271896281408618,1
1,-0.7231068666196236,0
1,-0.7015674747694953,0
1,0.5330342849825213,0
1,0.14312608379091765,1
1,-0.5890262359910857,0
1,0.8330599476100415,0
1,0.03877133035603234,0
1,0.8390098153007263,1
1,-0.9754700667015576,0
1,0.9994716680081683,0
1,0.5009955693472801,0
1,1.1975696644619034,0
1,0.9774305007163383,0
1,-0.08495340070791313,0
1,-0.1653745406433153,0
1,1.783030992590942,0
1,-0.29056846938195874,0
1,0.748433698837844,0
1,-0.3813869921897419,0
1,-1.8618830801376491,0
1,-1.2273390978059533,0
1,0.40592088486198363,0
1,0.7011316996051042,0
1,0.40921340922016064,0
1,1.1459495013935026,1
1,0.39126015523412894,0
1,-0.7752347063340846,0
1,0.5943021814737639,0
1,0.16960796092996308,0
1,-0.5755580049495391,0
1,0.4725193014668612,0
1,0.07937016601744597,1
1,-0.6050005508873477,0
1,-0.17786577356298044,0
1,1.413567135542141,0
1,1.3808878160696472,0
1,0.1881441392705413,0
1,0.057267157887285654,0
1,-1.4330459872638408,0
1,1.7193651133662835,0
1,1.036341887367967,0
1,0.7519515707043267,0
1,-2.2747307170906392,0
1,0.04092265065579615,0
1,-0.12712870831908774,0
1,0.6828154383005985,0
1,-0.4510308135457962,0
1,-0.231710216453519,0
1,0.6194129389547033,0
1,-0.7735783670886788,0
1,-0.5740426834093202,1
1,0.19332663976096162,0
1,1.3384857033495736,0
1,0.8084697372233473,0
1,1.075404068932498,0
1,0.06331680621529066,0
1,1.495078023782975,0
1,-1.7411824245013092,0
1,2.0222392184013476,0
1,2.151758975180036,0
1,0.45661634953689034,0
1,0.8322626374355127,0
1,-0.037999864005278494,0
1,-0.20956836307333654,0
1,-0.6108703753643373,0
1,-0.049012016264423384,0
1,0.5559334756057036,1
1,0.4198838471634218,0
1,1.9866030716912382,0
1,0.1002745458025519,0
1,-1.4888285613450305,0
1,1.6443106212234162,0
1,-1.220954278259769,0
1,-0.5593909255054242,0
1,0.27174314135090294,0
1,0.4171750822632247,0
1,-1.4454383189305522,0
1,-0.74647223637362,0
1,-1.4807824612725349,0
1,0.6217130633225604,0
1,1.1833798847028856,0
1,-1.221838044246514,0
1,0.9956599530478653,0
1,0.9307787443246629,0
1,-0.6590707899115033,0
1,-1.9825790358678268,0
1,-1.0712560191947291,0
1,-0.5952575869087924,0
1,1.5416708468091938,0
1,-0.11830257501622099,0
1,-1.0068279759903038,0
1,0.1478485549519405,0
1,-1.2953476708655824,1
1,0.5143400502063492,0
1,-0.9776640592717641,0
1,-0.8325237401905758,0
1,0.3754920484318922,0
1,1.7502336828022196,0
1,2.1977875602358967,0
1,-1.0398655057795423,0
1,-0.5966063267153192,0
1,0.5155322850373589,0
1,1.1687893483087053,1
1,-2.164083689587723,0
1,0.08733681890629923,1
1,-0.48714297656389544,0
1,-1.9240211990303109,0
1,-1.33716777999237,0
1,-0.5677744596409467,0
1,0.05881501998245523,1
1,1.0081028602641444,0
1,0.3543481150820647,0
1,0.9475394371676528,0
1,0.026724335847262387,1
1,-0.7049459469369983,0
1,-0.1837499538705739,0
1,0.695517347469211,0
1,1.0325621693267832,1
1,-0.1478746844438469,0
1,-0.9291152623830385,0
1,0.3356581594872362,0
1,0.47798096384222044,0
1,1.2327190860531176,1
1,-0.6787628729596047,0
1,-0.667797254265687,0
1,0.7561601975395755,0
1,-0.40743357100910893,0
1,-0.4496841826791043,0
1,1.2541398701402435,0
1,-1.3710056062811726,0
1,2.056203139775511,0
1,-0.6126354131078269,0
1,0.8667284028007121,0
1,-0.10879966192537474,0
1,0.27136228487213593,0
1,-0.2627864997617623,0
1,0.8565766520329738,0
1,-0.34732387401956655,1
1,-0.5729464718451013,0
1,1.8133418258699916,1
1,0.029382697013691877,0
1,-0.6756955610195405,0
1,-1.4902865899118987,0
1,1.8655780310359804,0
1,-0.5519253764552517,1
1,2.0618382385011476,0
1,0.3988543514128821,0
1,0.14288520030245128,0
1,0.16984381232799758,0
1,2.2159509392766945,0
1,-2.1922185694208616,0
1,0.21434151950750518,0
1,-0.2652036075300573,0
1,-0.213093385083063,1
1,0.14931185214190373,0
1,-0.2662541494961267,0
1,0.1881306671883057,0
1,-0.02357746215505412,0
1,-1.313558178184649,0
1,0.3813660378108791,0
1,0.7160544516995808,0
1,-0.5420656175080836,0
1,1.8678960782240706,0
1,1.3355717456640939,0
1,0.8439522991711713,0
1,0.8318207440280142,0
1,0.030096952609887723,1
1,1.1413721047344205,0
1,1.5707546120621019,0
1,0.8080240128119485,0
1,-0.5702833418123653,0
1,-0.03968143828660047,0
1,0.5736700329760898,0
1,0.8377449040461442,0
1,-0.07747721454355075,0
1,-0.5668085471070716,0
1,1.5842069873778322,1
1,-1.0723197145189576,0
1,-0.9413317556329183,0
1,-1.3271278095014138,0
1,-0.9435508196243241,0
1,1.2473448771190034,0
1,1.2808327565132032,1
1,-0.07404553446516982,1
1,0.49631439555678053,0
1,-0.010504577623915934,0
1,-1.191976825952955,0
1,2.2181070076744334,0
1,1.374739965069977,0
1,0.3544194053297085,0
1,-0.8558899223922698,0
1,-0.22493437716977951,0
1,-0.692425551419969,0
1,0.09758224092846901,0
1,0.3099231745993484,0
1,-0.3411254938103623,0
1,-1.4544127529070021,0
1,2.132058985715884,1
1,0.23752674683135086,1
1,0.45659200019442725,0
1,-0.42240938607498574,0
1,-1.5620111153292136,0
1,-0.08330053089783662,0
1,-0.3232220089869004,0
1,0.7095343807195772,0
1,0.9060775733761699,1
1,0.7650294797093706,0
1,0.9882723359171489,1
1,1.8036658074765983,0
1,0.38985173953555596,0
1,1.0992158208098344,0
1,0.4938605738357284,0
1,-1.9000353999779174,0
1,-0.15452028268770893,0
1,-0.8677115069037835,0
1,0.23143333070436067,0
1,-0.791010159313637,0
1,0.6056808900303366,0
1,0.9810280981395949,0
1,1.2035700460201588,0
1,1.6192615615242674,0
1,-1.6760240840708927,0
1,-1.1990000349468184,0
1,2.927815186233118,1
1,1.0095237198595437,0
1,0.22444797104701178,0
1,0.032037510311895445,0
1,-0.05686014709491926,0
1,-1.93374655753542,0
1,-0.7723291046234922,0
1,-0.11184759450465882,1
1,-0.7158598754603867,0
1,-0.5851359905494149,0
1,2.5587314219806183,0
1,-0.25165304156640084,0
1,0.27812000826673117,0
1,0.24253628500372185,1
1,0.5894594986230834,0
1,-0.47728276587010215,1
1,1.2469812480386824,0
1,0.44356219360673566,0
1,-1.2871643737246663,1
1,-0.10750399922962861,0
1,-0.1721483206717906,1
1,-0.21816545533062276,0
1,0.509296802223084,0
1,0.6347251891792207,1
1,0.5166530828139859,0
1,0.3389153580775631,0
1,0.08563770765617514,0
1,-2.1512070041123073,0
1,0.7778926289381731,0
1,0.4883540951064767,0
1,-0.9847612766712409,0
1,0.2805822783966414,0
1,0.6479384810802233,0
1,1.171247065225061,0
1,0.5103014431738871,0
1,0.3216018068163673,0
1,0.9467723175007429,0
1,-0.3065400201941163,1
1,0.41200321959505254,0
1,-0.6211131942038228,0
1,1.1102967076213035,1
1,-1.6097111142566722,0
1,0.8167371741503242,0
1,0.01770896184800714,0
1,0.9653873307262931,1
1,-0.7805443703912978,0
1,0.08998357881629604,0
1,0.060630089731278085,1
1,0.43388356005045575,0
1,-1.0475619506479805,0
1,0.6362150880843536,0
1,-1.8458941280723569,0
1,-0.6678420571173637,0
1,-1.562730007139199,0
1,0.8282193996856262,0
1,0.40013077750903614,0
1,0.4560386468987366,0
1,1.4731893962485594,0
1,-0.31594166916180233,0
1,0.6095856814126602,0
1,0.06602234717647512,0
1,-0.08623455466860809,0
1,1.306625832078896,0
1,2.081879363402041,0
1,-0.4314666628634145,0
1,0.8337195915198831,1
1,0.31911691264681086,1
1,0.3311124224504418,0
1,0.24717772903348778,0
1,-0.333077991461158,1
1,-3.5849805609217023,1
1,1.5348093245984886,0
1,-0.6947325876723991,0
1,-0.2415571449506083,0
1,-0.22029290001808802,0
1,-0.7838033932533778,0
1,0.24024014199562185,0
1,-0.04431243542208476,0
1,-0.7165359788295381,0
1,0.14930201665135504,0
1,-0.03304669295836457,0
1,0.9278385712881022,0
1,-1.3403827876817327,0
1,-0.8053893208917831,0
1,0.7252976108374047,0
1,-0.639742943448223,0
1,-0.9034022625450834,0
1,-0.5902909410086109,0
1,-0.10097871668938288,0
1,-0.09717893606704177,0
1,-0.2099584361023333,0
1,-1.0285651484486498,0
1,0.7731589272535316,0
1,1.3262197622576775,0
1,-1.910428686386731,0
1,-1.5535406174235262,0
1,1.0028569747749874,0
1,1.569796340625739,0
1,-2.1291789717047367,0
1,0.8154365012788337,0
1,1.6378798864487796,0
1,-0.8624122658328115,0
1,1.5796678268932107,0
1,-0.17799428088000593,1
1,0.31463709057311984,0
1,-0.7192333145470888,1
1,1.0010285260213891,1
1,0.8344521176154668,0
1,1.7247093557298234,0
1,1.4406073691102246,0
1,-0.009150044217235304,0
1,3.1083786151818966,0
1,1.3507926484737003,0
1,0.5405160350456568,0
1,-0.9971543976536117,0
1,-1.530032729227635,0
1,-1.4450278570766606,0
1,-0.9336654869245457,0
1,1.3773026558902282,0
1,0.4870889133375232,0
1,-0.6133731833684581,0
1,-0.1358690108967075,0
1,-0.25774640292788603,1
1,0.8000506705236631,0
1,-0.8787977624358302,0
1,0.3496863861162428,0
1,0.3000857759467001,0
1,-0.8488680101529118,0
1,1.5880060292103488,0
1,-0.2955712065231284,0
1,-0.9927501245562359,0
1,0.8528799795201931,0
1,0.05449557715464238,0
1,0.4084283126590545,0
1,-1.18467980019154,0
1,0.8124162516419721,0
1,2.172428364524554,0
1,-1.2628337297844632,0
1,0.3542088059895286,0
1,-0.7853096953500125,0
1,2.689606059597463,0
1,1.2396324781502501,0
1,0.28210734302997015,0
1,-1.2278674758694206,0
1,-0.9860560747762581,0
1,0.7462745056817888,0
1,-1.3624921977174909,1
1,-1.331113844742068,0
1,0.008831265167877921,0
1,0.1334166695435745,1
1,0.38003140719429374,0
1,-0.43952529781711375,0
1,0.9201465461310853,0
1,-0.8618147129764268,1
1,0.6266443535564412,0
1,0.2141206786681254,1
1,0.6006490856285324,0
1,1.1819980519255384,0
1,-0.4553323451048814,0
1,-0.6610775318194285,0
1,-1.6883937561515834,0
1,-2.0190020959228363,0
1,-0.17597415806947792,0
1,-0.10752288086961366,0
1,-1.0860831239438267,0
1,-0.8710996998684417,0
1,1.5234538572959289,0
1,0.875839780302813,1
1,-1.2616068747216234,0
1,-0.4423480511189051,0
1,0.40600269165640335,1
1,-0.6264510243605412,0
1,-0.8086953154054325,0
1,-0.3382457837825317,0
1,1.090660885332474,0
1,1.1814013025187393,0
1,-0.7354468177922702,0
1,0.4605510946343112,0
1,-0.006411752877750488,0
1,-1.0082354924860506,0
1,-0.2970745132500433,0
1,-1.2642341879976393,0
1,1.1630552371530958,0
1,1.552472042655303,0
1,-0.41057308157409034,0
1,-0.6490793125443132,0
1,1.0545944376485756,0
1,1.216148940980018,0
1,-1.1144114018925153,0
1,-0.1480446687526502,0
1,-0.05893838787123415,1
1,-0.770776273654919,0
1,0.385981694087448,0
1,-0.6999453350839511,0
1,-0.5402607453563752,0
1,-0.10134272983504104,0
1,-1.489062282225359,0
1,-2.0564532699766427,0
1,0.9182723666383265,0
1,-0.7403230891118471,0
1,2.134864083025039,0
1,1.9718379250836606,0
1,-0.5064786217190556,0
1,2.3390529955826267,1
1,0.9375745293875763,0
1,-0.6453138029430764,0
1,-2.5818397398122745,0
1,0.6881551376003264,0
1,0.031295874881145595,0
1,0.431361585743699,0
1,-0.22883617650444932,0
1,-1.1438569305988644,0
1,-0.42702666442117354,0
1,0.7066372859450395,0
1,-0.354375367374211,0
1,-0.3604178573426074,0
1,-1.519387088057646,0
1,0.09120048177827504,1
1,-1.1119319414875295,0
1,0.9185261996981124,0
1,-0.7341009002301818,0
1,-0.29570409049575697,1
1,2.163983565744372,0
1,-0.3065742227005878,0
1,-0.44057481613307603,0
1,0.5856219858989308,0
1,-1.785261802225653,1
1,1.2508093217785257,0
1,0.9939400434555947,0
1,0.5244517448747253,0
1,-3.3770974934763096,0
1,-0.25941169847577666,0
1,-1.272866226005333,0
1,1.12410678395954,0
1,1.0525610872560116,0
1,0.3880098898307735,0
1,-1.2031111971400128,0
1,1.4942942105249304,0
1,-0.26226113901948783,0
1,1.8053710669005658,0
1,0.2653870668626484,0
1,0.5068080189166481,0
1,-0.4603043845625302,0
1,1.4069555777818088,0
1,0.6084338842936083,0
1,1.4428916925146216,1
1,0.17754119854703979,0
1,-0.047038659255799566,0
1,0.5951301628988109,0
1,1.442540509091208,1
1,1.0167343072391721,0
1,0.1382238071542727,0
1,-1.8572185076279,0
1,0.8103860393713236,0
1,-1.4387047974539917,0
1,0.035005756152338266,0
1,-0.11576618737057508,0
1,-1.4177684830656132,0
1,0.3725030898738332,0
1,2.154317740207277,0
1,-0.3126055311799197,0
1,0.7658796624131298,0
1,2.3556898387421086,0
1,0.8626132190088737,0
1,-0.6448433076577283,0
1,0.23701479612274823,0
1,0.48078018310931514,0
1,1.4338131332739619,0
1,1.2140503406380856,0
1,-2.7698836184845677,0
1,-0.8562045521961766,0
1,-0.07002672261360146,0
1,-1.0152870625376953,0
1,-3.700091559090642,0
1,-0.7256184877506775,0
1,-0.003610607487661706,1
1,-0.5252846828114393,0
1,-0.9969432550763406,0
1,0.04146462478482887,0
1,0.3430881752521303,0
1,-0.4685971139654719,0
1,1.371743822473672,0
1,0.057714415879476136,0
1,-0.8715136696348803,0
1,-1.1245373223498343,0
1,-0.21296980325866172,0
1,1.113420653537455,0
1,-0.8236887091431336,0
1,0.5958794839967012,0
1,0.0945569100143128,0
1,1.9932329695046769,0
1,0.3902514636605695,0
1,-0.6982262394258594,0
1,0.7363695287646863,0
1,0.7700219908959701,0
1,-0.3970110122958146,0
1,-1.16399570433001,0
1,0.5360351912265707,0
1,0.06351517676500196,0
1,-1.5165500917375536,0
1,0.2545209989906128,1
1,-0.6369928980212063,0
1,-1.515602041862481,0
1,-0.35211634338830183,1
1,1.2829187342068633,0
1,1.2080615000880572,0
1,0.9467521020073675,0
1,0.2692328900921232,0
1,0.5957972033550994,0
1,0.09864458147800159,0
1,-1.1050508262144687,0
1,-0.9055018988524346,0
1,-0.6071809255577043,0
1,1.4013590766363295,0
1,1.0766907311204446,0
1,-1.0798775633268254,0
1,0.05339111541619958,0
1,-0.4026071427527276,0
1,-0.15510053930068352,0
1,-0.5360428189522269,0
1,1.4056916228062777,0
1,-0.018906536873635343,0
1,0.21615680460127337,0
1,0.2242582061333231,0
1,-1.02777017496102,0
1,0.10855369784052744,0
1,1.0623168217868415,0
1,1.4726909854807058,1
1,-1.1478149677194427,0
1,-1.5186012373887288,0
1,0.062134580041521885,0
1,1.109187575735034,0
1,0.35959645428368786,0
1,0.6802960760798054,0
1,-1.3602490209065226,0
1,-0.5719874842699945,0
1,-2.196112305792902,0
1,-0.14248804924595843,0
1,-2.164219440843272,0
1,1.3326617018404776,0
1,1.5548214679089347,0
1,0.14064349206176574,0
1,-1.5125731076779303,0
1,0.37571265391317665,0
1,1.8591325584609417,0
1,0.47573549968692735,0
1,1.1849839904909205,0
1,-0.48516531169621985,0
1,-0.8712100478333836,0
1,-0.07086200916264936,0
1,-1.9267053549407298,0
1,2.2640885613139448,0
1,0.1396500464804931,0
1,0.8667729543670075,1
1,-0.4615085283962066,0
1,-1.5430863698582877,0
1,1.4258148306808758,0
1,-1.1241002812766319,0
1,0.3488387635692419,0
1,0.4430848113194526,1
1,0.0739513036788835,0
1,-0.7845842361821985,1
1,-0.14963223702623105,0
1,-0.9500508260423803,0
1,0.8091776925589377,1
1,0.571546927498214,0
1,-0.021402433097897213,0
1,-0.5683514716950304,0
1,2.1073178997820166,0
1,-1.302063986153336,0
1,-1.5446130968608422,0
1,-0.0820059806280231,0
1,-0.25804732657090645,0
1,1.0975824547543822,0
1,0.6461164549466722,0
1,0.029525586982039678,0
1,0.5003377828194732,0
1,0.48216574824965835,0
1,2.1035567201819507,0
1,0.2533633904954345,0
1,-0.6810771326794941,0
1,0.19850109982821082,0
1,-2.6186794132702413,0
1,-0.03264754142036228,1
1,1.0929824711059881,0
1,0.6021841188704216,0
1,0.2985560436456747,1
1,0.6492391555704942,0
1,1.1032565448777163,0
1,1.4252334072981876,0
1,0.4474559002894586,0
1,-0.31611143451269136,0
1,-2.3135219905597757,0
1,0.978173427007729,0
1,0.5152025136039032,0
1,0.15265948751580072,0
1,-0.6880514951942374,0
1,0.9651520033405558,0
1,-0.25723642582813205,0
1,-0.034422111045983965,0
1,-0.05598858916824332,0
1,0.44985171816549807,0
1,-1.1486320110301287,0
1,0.5625518619073462,0
1,-0.7208883568080272,0
1,-0.6858037068991557,1
1,0.8852400475577491,0
1,-0.9950284610955705,0
1,0.8834424010104657,0
1,0.10136672470890502,0
1,-1.6482767488700723,0
1,1.3644758516464996,1
1,0.31025372726349426,0
1,0.39412586588987,0
1,1.0072423105847592,0
1,1.4992207445612984,0
1,0.20102689621612732,0
1,0.6172873224960682,0
1,0.3711859306174261,1
1,-0.3428677067016797,0
1,-1.5834363028951444,0
1,0.21492205910420842,0
1,1.378937830644556,0
1,0.5833329633576567,1
1,-1.0674231909764418,0
1,1.0975215056449055,1
1,-0.3094698518563403,0
1,-2.0920258724950047,0
1,1.0179038151825208,1
1,-0.9453806240931127,0
1,1.7807283731179098,1
1,1.1477734005974183,0
1,-0.22779927366315994,0
1,0.45935984575446287,0
1,2.4239185656551037,0
1,1.000007037836985,0
1,0.23820002478458924,1
1,2.88915399420627,0
1,0.11758101095648853,0
1,0.5818148188788365,0
1,-0.9362131890592592,0
1,-1.6747188655948895,0
1,-0.28780229194835394,0
1,0.0384080843685186,0
1,0.32926358440985865,0
1,-1.4197710467742473,0
1,0.6606743221179475,0
1,-0.8303855240436768,0
1,0.6087343593944147,0
1,0.9349264828436507,0
1,-0.39550909005262913,0
1,-0.9638189322675995,0
1,1.5436493173836279,0
1,0.8729120942991958,1
1,0.15197633384740697,0
1,1.468427763679853,0
1,0.08326172397551379,0
1,-0.620507210194651,0
1,-1.0017020643727599,0
1,-0.10779913535364292,0
1,0.7717204779815932,0
1,1.3897592151078182,1
1,0.0235102160344747,0
1,1.2131249279356775,0
1,-0.21426943150203098,0
1,-0.7815980186558542,0
1,-1.3063132338003884,0
1,-0.5062399623418663,0
1,-1.268657427449655,0
1,2.0095116311902,0
1,0.43929642630934557,0
1,-0.09561484916431168,0
1,1.7220017623455741,0
1,-1.302267368971505,0
1,-0.13714283589574375,0
1,1.9996737921018612,0
1,-0.14404050672466737,0
1,2.4468137784045276,0
1,0.7856048394415386,1
1,1.305925908632233,0
1,1.3348948234548708,0
1,0.0016024602480376217,0
1,-0.4882116645955765,0
1,-0.11544031988041326,0
1,-0.9869325033136268,0
1,-0.06596288322979406,0
1,-0.004406049244960837,0
1,1.6892349953192038,0
1,0.5932757107274774,0
1,2.3626175577868724,0
1,-2.1595440976439484,0
1,-1.2170437000299426,0
1,-0.3553453276653664,0
1,1.492494464014205,0
1,-0.10957720028334725,0
1,-1.4678268356512514,0
1,-0.24512443614896287,0
1,-1.197598257754914,0
1,-1.3936257681498054,0
1,1.9988278176538996,0
1,-0.35160886668065167,1
1,0.1731528628025136,0
1,-0.09295634716808657,0
1,-0.2514956246084482,0
1,-0.8406610322876337,0
1,-0.31063460417164707,0
1,0.33723547852414704,0
1,1.4186353120639537,0
1,0.9474356365540741,0
1,-1.2190668974550833,0
1,0.988532418236605,0
1,0.47543801152736886,0
1,-0.6247210006134956,0
1,0.1820970961865688,0
1,0.5722871836498988,0
1,0.04705294782287555,0
1,0.4802433341567212,0
1,-0.8629510169238006,0
1,1.992832044246513,0
1,-1.9292847289782253,0
1,0.5778512233281415,0
1,0.3667634630103227,0
1,0.6429433934517144,0
1,-0.7083703516482622,0
1,1.169197028333056,0
1,-0.10798068167831221,0
1,-1.1862149390699346,0
1,-1.0948103882759563,0
1,0.12470506883758806,0
1,-1.5965215234614911,0
1,1.8005059834424213,0
1,1.0489212805426362,0
1,1.8268443208509975,0
1,1.7214234891089006,0
1,-0.35190646480159277,0
1,-0.8693294626501766,0
1,-2.6777726821641856,0
1,-0.4062341248929654,0
1,1.765652855835952,0
1,-0.8278506574972045,0
1,-0.2099209948637558,1
1,-0.5545702490828831,0
1,0.37499515360771546,0
1,1.2860846842143108,0
1,-1.5392106175145166,0
1,-1.3477759816305928,0
1,1.4866200392743552,1
1,0.7330668744518097,1
1,-0.2593805613484587,0
1,1.7070827619264102,0
1,-1.3650288863899045,0
1,0.9312134911910329,0
1,-0.0682381088639992,0
1,0.6065438360128927,0
1,-2.3871521121252735,0
1,-0.2607033598943493,0
1,0.7367967160363715,0
1,-0.06333021839482893,0
1,1.2552977728008514,0
1,1.2218050071407864,0
1,-0.9585636252205919,0
1,0.8239926513336804,0
1,-0.9926626572282403,0
1,0.05401544115475644,0
1,0.6561282493076209,1
1,-0.8352829312605818,0
1,0.7869261855643823,1
1,-0.505355746151903,0
1,-0.5806975274123481,0
1,0.7066509835397154,0
1,-0.8359729436834187,0
1,-0.886835469363095,0
1,1.0411560400300823,0
1,0.10855715192493393,1
1,-1.4541194953032948,0
1,0.8556413783882106,1
1,-0.4066012322434449,0
1,-1.4030133395614652,0
1,-2.50731501116164,0
1,0.9034142970324087,0
1,-0.8599180661115711,0
1,-1.2438447712985012,0
1,0.6394028303859915,0
1,0.8057915963088538,1
1,-0.7871029985946293,0
1,0.9126406596059781,0
1,2.0548929211131277,0
1,1.346663270971097,0
1,1.1910570951969557,0
1,0.3141291221325301,0
1,-0.44371820552892227,0
1,-0.055886052896756015,0
1,0.4407416036627621,0
1,-1.2575119586549002,0
1,-0.7693819076064597,0
1,-1.4277501429825845,0
1,0.2351866222914129,0
1,0.08305392239553691,0
1,-0.6527086654686133,0
1,0.820499205379741,0
1,-1.0446003659283085,0
1,-0.6898347401772399,0
1,0.7805264849125059,0
1,0.9288157801261377,0
1,-0.7957262027088433,0
1,0.2320426047432404,0
1,-0.7788072407790315,0
1,-0.1973395335773042,0
1,0.14383739415156346,0
1,0.5603661988159344,1
1,0.31755901349310944,1
1,0.2731623405402428,1
1,-1.0784983371070054,0
1,0.3882766393074978,0
1,0.5510653511962992,0
1,0.6889345300871325,0
1,-0.7195201794708872,0
1,0.9155856165836077,0
1,-1.3172348617768252,0
1,-0.4308181540440489,0
1,-0.2755190822941641,0
1,-1.262409062503299,0
1,-0.29071101150480405,0
1,0.2214809143448012,0
1,-1.8257721818333357,0
1,-0.3946883837708456,0
1,-1.7484009322633238,0
1,2.0415387843169444,0
1,0.2124912169339837,0
1,0.12582928383100775,0
1,0.23207341165914078,0
1,0.6045206306008323,1
1,0.9781548498345284,0
1,-1.5635539288146632,0
1,1.310177597426757,0
1,1.2458252940172545,0
1,-0.06634661085754201,0
1,-0.11872869068319965,0
1,-3.102760796624073,0
1,-1.2439911622015887,0
1,0.5188492762631571,0
1,1.2006174663098916,0
1,0.7288369221167973,0
1,-0.07571506577828939,1
1,1.9258727005684446,0
1,1.0051755563671387,0
1,-0.3938264187449053,0
1,2.1821106519534137,0
1,-1.0961672347066005,1
1,-1.4718402205374563,0
1,-0.42110538712392287,0
1,-0.7586401780205851,1
1,-0.3649316144868989,0
1,0.7980906964011155,1
1,-0.033979571604678495,0
1,-0.008296767619785253,0
1,0.058814816208904316,0
1,-2.3123254929747867,0
1,-1.5152605079180672,0
1,-0.3853112654294217,0
1,-0.8429288013477375,0
1,-0.23178748714611774,0
1,1.4041283796080901,0
1,-0.07444949739319742,0
1,-1.3221682177229857,0
1,-0.7930997872646736,0
1,1.7105759089922536,0
1,1.5324939714590151,1
1,0.5958774356488822,0
1,-1.56248307069533,0
1,0.30680493510414963,0
1,0.38369709915070194,0
1,0.02554020839024015,0
1,-0.5700110556093595,0
1,-0.3626310438697443,0
1,-0.6397149071870721,0
1,-1.1450739583590241,0
1,1.3659878354682442,1
1,0.8823137950296952,0
1,-0.28492944258331016,0
1,0.3521783083677695,0
1,0.389700890390535,0
1,2.342883558076062,0
1,0.8725686809157047,0
1,0.8347696187281046,1
1,0.03798101306933453,0
1,-0.4344239584101757,0
1,1.382710252661615,0
1,0.6522721175661845,0
1,-0.8295419540543993,0
1,0.4538665543398381,0
1,0.8373860884208123,0
1,-2.0958309562928616,0
1,-0.9223867925846672,0
1,0.36276482603990634,0
1,-1.924461303828756,0
1,-1.7661311658852938,0
1,-0.27046174039426135,0
1,0.49154425909494237,0
1,0.5377837069011182,0
1,1.582399552691461,0
1,0.08226388788949895,0
1,-0.37265285346052174,0
1,-1.3073595861552483,0
1,-0.3846276164270356,0
1,0.7075293079967273,0
1,0.7527222034871184,0
1,0.2646190067284926,0
1,0.5471149352947167,0
1,1.2763835590745916,0
1,0.07527184311995858,1
1,1.3673188377502348,0
1,-0.726646839299346,1
1,-0.07329104454049068,0
1,-0.4808332298604204,0
1,0.792705131739008,0
1,-1.0144844465914487,0
1,-0.32176547550349094,0
1,-1.8596764908226535,0
1,0.5943760855698614,0
1,1.246790275725483,0
1,0.9107079513000965,0
1,0.8126276134697776,0
1,0.8394003959799484,0
1,0.6996938284365051,1
1,0.6143956225060794,0
1,0.6789134576286263,0
1,-0.6556821299075588,0
1,-0.20019344351984655,0
1,0.07024326070851288,1
1,-0.3357051386995137,0
1,-1.5663096360348399,0
1,-1.2350089868939376,0
1,0.2299761150234739,0
1,0.9057759087219182,0
1,0.009341909159706499,0
1,2.764821861854195,1
1,-0.9197624301552701,0
1,0.44494214206569804,0
1,1.2912026106494416,0
1,1.0656771211655787,0
1,0.6550668617746184,0
1,1.0702539738421097,0
1,0.05539434765770002,0
1,1.6628817448205502,0
1,1.2831591063542616,0
1,-0.8522276007105466,1
1,0.3215679376343867,0
1,-1.5472966295268524,0
1,1.5217889732357095,0
1,0.2242314410317344,0
1,1.3487728440670128,0
1,-0.1093575047678297,1
1,-1.856267498765311,0
1,2.637367541069991,0
1,0.13108854718723997,0
1,-1.0002086234017997,0
1,1.1457622883908887,0
1,2.0358572812442954,1
1,-0.20243817445701345,0
1,-0.09924241072697185,0
1,0.23804623471157915,0
1,-1.1109706315521002,0
1,-0.6906674495813695,0
1,1.781925864365022,0
1,-0.13220643789951475,1
1,-0.8375569780252101,0
1,-0.45204189636327474,0
1,1.0728236873301344,0
1,-1.975896885124939,0
1,0.2546498973538494,0
1,2.4622187450424615,0
1,2.0310626272890295,0
1,0.5732027808186728,0
1,1.3164426100439806,1
1,1.306826284796275,0
1,-0.12585200348909859,0
1,0.9247938033643068,1
1,1.788583018787357,0
1,-1.263762243124131,1
1,0.5766508774815967,0
1,0.3614754480885518,0
1,0.10316448497421116,0
1,0.014633305665380455,0
1,0.23166997253042865,0
1,0.31557219784948487,0
1,1.1186152928631783,0
1,0.47651466322717995,0
1,-0.1778765946763719,0
1,-0.8399214574910292,0
1,-0.4724425178270377,0
1,0.2611661028790306,0
1,-0.7060707378823271,1
1,0.945877088714622,1
1,0.43005514067285533,0
1,1.1435274200570102,0
1,-0.6388192209670263,0
1,-0.831067664648249,0
1,1.1360572262676651,0
1,0.1299539566675541,0
1,-0.20251712890189022,0
1,0.6986604956523964,0
1,0.6614492386457271,1
1,-1.2557637367332921,0
1,1.3846451230860892,1
1,-0.4104069434153738,0
1,1.700018047741905,1
1,-1.3335486135636627,0
1,0.3173988824803113,0
1,-0.18562120093847612,0
1,-1.9752346764341837,1
1,0.6582079780516632,0
1,-1.923937026745006,0
1,-0.29166686096702593,0
1,1.1042754777161876,0
1,-0.5300359772950388,0
1,-0.9037341515155196,0
1,0.8003564705620101,0
1,-0.2495180505293995,0
1,-0.405059694689822,0
1,1.274992477169323,0
1,-1.1672787351545773,0
1,-0.459607255470422,0
1,0.866447011069771,0
1,-1.2319473555095177,0
1,1.7753471597361934,0
1,-0.2168474850667725,0
1,0.8745273814123651,0
1,0.872435178022542,0
1,-0.1522879239624276,1
1,-0.479012111846559,0
1,-0.04296456195419612,0
1,0.712684247490375,0
1,-0.9864248439608577,0
1,-1.2032585887311036,1
1,1.484202721753623,0
1,-0.7348550704328964,0
1,0.35408388202840285,0
1,-0.2022042088991031,0
1,-0.15786561122341225,0
1,1.4303897213876449,0
1,-0.08516918775752377,0
1,-0.3568261282178774,0
1,-0.2697156362748927,0
1,-0.5034584190775057,0
1,-0.6700906926250441,0
1,-0.49944686291588003,0
1,1.6632101128886154,0
1,0.7114888270604257,0
1,-0.3451965488596724,0
1,0.9816556346188225,1
1,-1.5871938013873703,0
1,1.37567835171567,0
1,1.2951557698269225,0
1,2.236334014023641,0
1,1.0115514390786569,0
1,0.4372345438651721,1
1,1.2911403848681489,1
1,-0.6258094313735969,0
1,-0.39541649170215,0
1,-0.06424481845343902,0
1,1.3688815309003928,0
1,-0.8558783527822338,0
1,-0.9620616975696591,0
1,0.23653807820701683,0
1,0.7175304970758656,0
1,-0.7030805759400762,0
1,0.6704179527719332,0
1,1.368399342050404,0
1,1.2004616934835248,0
1,0.3532927685282417,0
1,-0.09059774888897759,0
1,1.7356236356474142,0
1,0.015403994491450964,0
1,0.9403546196152047,0
1,1.9582814791855765,0
1,0.835268079629934,0
1,-0.9970912329070127,0
1,-1.2390227813082875,1
1,-0.2976294200631005,0
1,0.7094991234582252,0
1,0.4447858668440133,0
1,2.2070820654636734,1
1,0.43505628776140703,0
1,-0.32744121675063403,0
1,-1.1333421031098903,0
1,1.1804373778973447,0
1,-0.006061229208251097,0
1,-1.5061397682327318,1
1,0.02226060291526958,0
1,-0.9957381111270069,1
1,-0.4256375103498155,0
1,0.006191976442666506,0
1,-0.9051780483349907,0
1,-0.48762416895635646,0
1,-0.744119834113319,0
1,-0.7172891963202355,1
1,-1.0080205171315602,0
1,-0.4827645646031226,0
1,-0.8946984417739533,0
1,0.5865841159758453,1
1,0.20080005353029065,0
1,1.1947152249907882,0
1,1.8867033904376027,0
1,0.6773250139217691,0
1,0.4495870246333079,1
1,0.7403372722948937,1
1,0.4665888170021589,0
1,0.0501993454265921,0
1,-0.029325806347398616,0
1,-1.0216699640620317,0
1,0.8389195543048392,1
1,-0.03129480985833017,0
1,1.4495189742906422,1
1,0.9151359035853165,0
1,-0.6259516222759774,0
1,1.2466910468987549,0
1,-2.5607419565035765,0
1,1.9302257449578126,0
1,-1.3384452777496652,0
1,0.4951121791708695,0
1,0.427416166147528,0
1,1.12371686184175,0
1,-0.32869680730441203,0
1,-2.1455184718620557,1
1,-0.3272879113805561,0
1,-0.21916230249965762,0
1,-2.0491920166173037,0
1,0.04537160896073783,0
1,-1.0758514886645454,0
1,0.6490851030934534,0
1,-0.246079735826514,0
1,1.9610948855197334,0
1,-0.256178656840482,0
1,0.4303912663411953,0
1,-0.2130715064595033,0
1,-1.6232681884604083,0
1,-0.20471300513749557,0
1,0.753413441171479,0
1,0.6019898056649623,0
1,-0.2932677378278677,0
1,-1.4567561169159648,0
1,0.6444585877332862,0
1,0.4194865854634887,0
1,0.8434108538525992,0
1,-0.27411219523462255,0
1,-1.6843747928095578,0
1,0.5337601830766953,1
1,-0.009142765073484103,0
1,1.3916837734001126,0
1,0.02873303244641783,1
1,-0.045466889189501626,0
1,0.4172544718659806,0
1,-0.5969310688011311,1
1,-0.6451357211235694,0
1,-0.09789526633794199,1
1,-0.9204063082699723,0
1,-0.22909546546596546,0
1,1.9395613574486996,0
1,1.042633726726367,0
1,0.30803794139964996,0
1,1.5516772609549183,1
1,-0.8248960980066457,0
1,2.4904398698799954,0
1,-0.46050251755972726,0
1,2.0038058955091795,0
1,1.999403047779649,0
1,-1.7532298067972054,0
1,1.4670921431418145,0
1,-0.2839091404526765,0
1,-0.5679684573180702,0
1,0.5246381201649862,0
1,-1.0079153247547583,0
1,0.5019970879162784,0
1,-0.9407944822975665,1
1,0.17707927926181868,0
1,1.335362579090148,0
1,0.3865179354324531,0
1,-0.35979158728114685,0
1,0.5414111108379199,1
1,-1.4064802420048998,0
1,-0.8388607841960342,0
1,-0.4302700605070151,0
1,0.7868502461181258,0
1,0.4057987538214289,0
1,0.5351664545013418,0
1,-0.02738254891043338,0
1,-0.7880996460025648,1
1,1.4881169365693359,0
1,-0.6977934544676601,0
1,0.41903894970582023,0
1,-0.11210465315375005,0
1,0.5629931670346557,0
1,-0.6054869852169364,0
1,1.0526771608870498,0
1,1.3782779158359368,0
1,0.991323082496371,1
1,0.15762532597364812,0
1,-0.43512524610368397,0
1,2.822111783859559,0
1,-0.9916245447619685,0
1,0.881229551720133,0
1,0.33278488807662393,0
1,-0.06253744217872143,0
1,0.18516293973401493,0
1,-0.5102153033613023,0
1,0.42705554324524786,0
1,0.3168244859600677,0
1,2.6776532229251733,1
1,1.070822215083761,0
1,0.5158827721264073,1
1,0.575558933309626,0
1,1.8395376554957452,0
1,-0.9704265647402719,0
1,-0.1827327437617704,0
1,-1.9071388276787276,0
1,0.5587738421619017,0
1,0.8481737505443001,0
1,-0.995600052234834,0
1,1.4350800180007035,0
1,-0.7188799926247862,0
1,-0.34246810901656316,0
1,0.11956591562003217,0
1,1.594196362759815,0
1,-0.8581978180808985,0
1,0.2912471253656829,0
1,0.7748377547924228,0
1,0.5684701636794856,0
1,0.6054010330667036,0
1,0.7615002221739411,0
1,-0.5547227246051216,0
1,1.6877797868303248,1
1,-0.11114939817242687,0
1,-0.24384820298240492,0
1,1.347625501313754,0
1,-0.6305668668769702,0
1,0.320278190699021,0
1,-0.722834623995237,0
1,2.519235815445017,0
1,2.3086545167267882,0
1,-0.11024098143654597,0
1,0.5198571735005325,0
1,0.005199805047380755,0
1,-0.34859948840839855,0
1,0.11963149910586586,0
1,-0.04060143522245945,0
1,-1.5206674074319642,0
1,0.2630233215655902,1
1,-0.04229287251264407,0
1,0.3122004566335367,0
1,-0.07751777776448186,0
1,-0.3603393634785457,1
1,0.8749100602756985,0
1,0.5331344037084068,1
1,1.3960472999356885,0
1,0.4947297644723308,0
1,-0.1976065518151338,0
1,0.6167685261844357,0
1,-1.9806131592389713,0
1,2.103679888730786,0
1,0.2743801437775672,0
1,2.1844558941257537,0
1,-0.8693450596806322,0
1,-1.1176453826140642,1
1,0.36583329266431464,0
1,0.3625347427666591,0
1,0.3382447744369442,0
1,0.18582620325048063,0
1,-0.628117160926389,0
1,-1.4853557940785214,0
1,0.28315055665068595,0
1,-1.282592000298381,0
1,-1.377006297738727,0
1,-0.3806317984682371,0
1,0.43065898532838315,0
1,1.9877592372562929,0
1,0.9792593032537936,1
1,1.4332175871290809,0
1,0.6536616875430717,0
1,0.36685371894373187,0
1,2.5057903148560925,0
1,-1.3228556138923926,1
1,-0.41323031639424485,1
1,-0.33517976958241175,0
1,0.8935570213583215,0
1,-0.9787767576860877,0
1,0.7634296075766009,0
1,0.5796498317694024,0
1,0.8133474349467968,0
1,0.7952230468450979,0
1,1.538319636632596,0
1,-0.04920946293737541,0
1,0.5301579094915613,0
1,-0.7365492855629082,0
1,-0.9647950102675675,0
1,1.764828784603602,0
1,-0.8121187873570754,0
1,0.6413120769528883,1
1,0.5310427995074826,1
1,1.1749808943372717,0
